0430332,北海道,二海郡八雲町,熊石相沼町
0430402,北海道,二海郡八雲町,熊石鮎川町
0430416,北海道,二海郡八雲町,熊石雲石町
0430405,北海道,二海郡八雲町,熊石大谷町
0430331,北海道,二海郡八雲町,熊石折戸町
0430335,北海道,二海郡八雲町,熊石黒岩町
0430401,北海道,二海郡八雲町,熊石見日町
0430418,北海道,二海郡八雲町,熊石関内町
0430403,北海道,二海郡八雲町,熊石平町
0430404,北海道,二海郡八雲町,熊石畳岩町
0430333,北海道,二海郡八雲町,熊石館平町
0430334,北海道,二海郡八雲町,熊石泊川町
0430417,北海道,二海郡八雲町,熊石鳴神町
0430419,北海道,二海郡八雲町,熊石西浜町
0430415,北海道,二海郡八雲町,熊石根崎町
0430000,北海道,檜山郡江差町,
0430013,北海道,檜山郡江差町,朝日町
0430031,北海道,檜山郡江差町,愛宕町
0430042,北海道,檜山郡江差町,上野町
0430012,北海道,檜山郡江差町,鰔川町
0430041,北海道,檜山郡江差町,姥神町
0430046,北海道,檜山郡江差町,江差港北埠頭
0430016,北海道,檜山郡江差町,越前町
0430026,北海道,檜山郡江差町,大澗町
0430014,北海道,檜山郡江差町,小黒部町
0430024,北海道,檜山郡江差町,尾山町
0430057,北海道,檜山郡江差町,海岸町
0430064,北海道,檜山郡江差町,柏町
0430045,北海道,檜山郡江差町,鴎島
0430011,北海道,檜山郡江差町,五厘沢町
0430032,北海道,檜山郡江差町,新栄町
0430053,北海道,檜山郡江差町,新地町
0430056,北海道,檜山郡江差町,陣屋町
0430065,北海道,檜山郡江差町,砂川
0430023,北海道,檜山郡江差町,田沢町
0430051,北海道,檜山郡江差町,津花町
0430066,北海道,檜山郡江差町,とど川町
0430025,北海道,檜山郡江差町,泊町
0430033,北海道,檜山郡江差町,豊川町
0430015,北海道,檜山郡江差町,中網町
0430034,北海道,檜山郡江差町,中歌町
0430062,北海道,檜山郡江差町,萩の岱
0430044,北海道,檜山郡江差町,橋本町
0430036,北海道,檜山郡江差町,東山
0430035,北海道,檜山郡江差町,桧岱
0430022,北海道,檜山郡江差町,伏木戸町
0430043,北海道,檜山郡江差町,本町
0430055,北海道,檜山郡江差町,円山
0430017,北海道,檜山郡江差町,水堀町
0430054,北海道,檜山郡江差町,緑丘
0430061,北海道,檜山郡江差町,南が丘
0430063,北海道,檜山郡江差町,南浜町
0430052,北海道,檜山郡江差町,茂尻町
0430021,北海道,檜山郡江差町,柳崎町
0431100,北海道,檜山郡厚沢部町,
0431232,北海道,檜山郡厚沢部町,相生
0431111,北海道,檜山郡厚沢部町,赤沼町
0431233,北海道,檜山郡厚沢部町,旭丘
0431102,北海道,檜山郡厚沢部町,稲見
0431238,北海道,檜山郡厚沢部町,鶉
0431237,北海道,檜山郡厚沢部町,鶉町
0431104,北海道,檜山郡厚沢部町,上里
0431116,北海道,檜山郡厚沢部町,上の山
0431234,北海道,檜山郡厚沢部町,木間内
0431231,北海道,檜山郡厚沢部町,共和
0431101,北海道,檜山郡厚沢部町,清水
0431361,北海道,檜山郡厚沢部町,社の山
0431236,北海道,檜山郡厚沢部町,社の山
0431364,北海道,檜山郡厚沢部町,城丘
0431367,北海道,檜山郡厚沢部町,新栄
0431113,北海道,檜山郡厚沢部町,新町
0431362,北海道,檜山郡厚沢部町,須賀
0431103,北海道,檜山郡厚沢部町,滝野
0431351,北海道,檜山郡厚沢部町,館町
0431235,北海道,檜山郡厚沢部町,峠下
0431366,北海道,檜山郡厚沢部町,当路
0431118,北海道,檜山郡厚沢部町,富栄
0431363,北海道,檜山郡厚沢部町,富里
0431368,北海道,檜山郡厚沢部町,中館
0431114,北海道,檜山郡厚沢部町,本町
0431115,北海道,檜山郡厚沢部町,松園町
0431112,北海道,檜山郡厚沢部町,緑町
0431365,北海道,檜山郡厚沢部町,南館町
0431117,北海道,檜山郡厚沢部町,美和
0430100,北海道,爾志郡乙部町,
0430116,北海道,爾志郡乙部町,旭岱
0430114,北海道,爾志郡乙部町,元和
0430112,北海道,爾志郡乙部町,栄野
0430113,北海道,爾志郡乙部町,栄浜
0430233,北海道,爾志郡乙部町,潮見
0430101,北海道,爾志郡乙部町,滝瀬
0430104,北海道,爾志郡乙部町,館浦
0430115,北海道,爾志郡乙部町,富岡
0430231,北海道,爾志郡乙部町,豊浜
0430111,北海道,爾志郡乙部町,鳥山
0430232,北海道,爾志郡乙部町,花磯
0430117,北海道,爾志郡乙部町,姫川
0430234,北海道,爾志郡乙部町,三ツ谷
0430103,北海道,爾志郡乙部町,緑町
0430102,北海道,爾志郡乙部町,元町
0431400,北海道,奥尻郡奥尻町,
0431521,北海道,奥尻郡奥尻町,青苗
0431402,北海道,奥尻郡奥尻町,赤石
0431405,北海道,奥尻郡奥尻町,稲穂
0431401,北海道,奥尻郡奥尻町,奥尻
0431403,北海道,奥尻郡奥尻町,球浦
0431522,北海道,奥尻郡奥尻町,富里
0431523,北海道,奥尻郡奥尻町,松江
0431404,北海道,奥尻郡奥尻町,宮津
0431525,北海道,奥尻郡奥尻町,湯浜
0431406,北海道,奥尻郡奥尻町,湯浜
0431524,北海道,奥尻郡奥尻町,米岡
0430501,北海道,久遠郡せたな町,大成区太田
0430515,北海道,久遠郡せたな町,大成区貝取澗
0430503,北海道,久遠郡せたな町,大成区上浦
0430511,北海道,久遠郡せたな町,大成区久遠
0430502,北海道,久遠郡せたな町,大成区富磯
0430421,北海道,久遠郡せたな町,大成区長磯
0430512,北海道,久遠郡せたな町,大成区花歌
0430514,北海道,久遠郡せたな町,大成区平浜
0430505,北海道,久遠郡せたな町,大成区本陣
0430504,北海道,久遠郡せたな町,大成区都
0430513,北海道,久遠郡せたな町,大成区宮野
0430495,北海道,二海郡八雲町,熊石根崎町１１６
0438651,北海道,檜山郡江差町,字本町１３２（江差郵便局私書箱第１号）
0438560,北海道,檜山郡江差町,字中歌町１９３−１（江差郵便局私書箱第８号）
0438609,北海道,檜山郡江差町,字姥神町１６７
0438558,北海道,檜山郡江差町,字陣屋町３３６−３
0431498,北海道,奥尻郡奥尻町,字奥尻８０６
0430595,北海道,久遠郡せたな町,大成区都４２７番地
