0482561,北海道,小樽市,忍路
0482671,北海道,小樽市,オタモイ
0482672,北海道,小樽市,塩谷
0482673,北海道,小樽市,桃内
0482562,北海道,小樽市,蘭島
0480600,北海道,島牧郡島牧村,
0480602,北海道,島牧郡島牧村,歌島
0480623,北海道,島牧郡島牧村,江の島
0480613,北海道,島牧郡島牧村,大平
0480611,北海道,島牧郡島牧村,栄磯
0480634,北海道,島牧郡島牧村,栄浜
0480631,北海道,島牧郡島牧村,千走
0480621,北海道,島牧郡島牧村,泊
0480601,北海道,島牧郡島牧村,富浦
0480612,北海道,島牧郡島牧村,豊浜
0480622,北海道,島牧郡島牧村,豊平
0480614,北海道,島牧郡島牧村,永豊町
0480633,北海道,島牧郡島牧村,原歌町
0480603,北海道,島牧郡島牧村,本目
0480604,北海道,島牧郡島牧村,港
0480632,北海道,島牧郡島牧村,元町
0480400,北海道,寿都郡寿都町,
0480351,北海道,寿都郡寿都町,磯谷町
0480412,北海道,寿都郡寿都町,岩崎町
0480415,北海道,寿都郡寿都町,歌棄町
0480404,北海道,寿都郡寿都町,大磯町
0480405,北海道,寿都郡寿都町,開進町
0480401,北海道,寿都郡寿都町,新栄町
0480413,北海道,寿都郡寿都町,樽岸町
0480406,北海道,寿都郡寿都町,渡島町
0480403,北海道,寿都郡寿都町,政泊町
0480402,北海道,寿都郡寿都町,矢追町
0480414,北海道,寿都郡寿都町,湯別町
0480411,北海道,寿都郡寿都町,六条町
0480100,北海道,寿都郡黒松内町,
0480136,北海道,寿都郡黒松内町,赤井川
0480116,北海道,寿都郡黒松内町,旭野
0480124,北海道,寿都郡黒松内町,五十嵐
0480114,北海道,寿都郡黒松内町,歌才
0480133,北海道,寿都郡黒松内町,大谷地
0480112,北海道,寿都郡黒松内町,貝殻
0480135,北海道,寿都郡黒松内町,角十
0480145,北海道,寿都郡黒松内町,上大成
0480141,北海道,寿都郡黒松内町,上豊幌
0480126,北海道,寿都郡黒松内町,北作開
0480101,北海道,寿都郡黒松内町,黒松内
0480134,北海道,寿都郡黒松内町,白井川
0480122,北海道,寿都郡黒松内町,白炭
0480117,北海道,寿都郡黒松内町,添別
0480143,北海道,寿都郡黒松内町,大成
0480132,北海道,寿都郡黒松内町,チョポシナイ
0480142,北海道,寿都郡黒松内町,東栄
0480113,北海道,寿都郡黒松内町,豊幌
0480111,北海道,寿都郡黒松内町,中里
0480123,北海道,寿都郡黒松内町,中ノ川
0480131,北海道,寿都郡黒松内町,西熱郛原野
0480115,北海道,寿都郡黒松内町,西沢
0480121,北海道,寿都郡黒松内町,熱郛
0480137,北海道,寿都郡黒松内町,婆沢
0480144,北海道,寿都郡黒松内町,東川
0480127,北海道,寿都郡黒松内町,南作開
0480125,北海道,寿都郡黒松内町,目名
0481300,北海道,磯谷郡蘭越町,
0481251,北海道,磯谷郡蘭越町,相生
0481265,北海道,磯谷郡蘭越町,鮎川
0481305,北海道,磯谷郡蘭越町,大谷
0481316,北海道,磯谷郡蘭越町,大曲
0481314,北海道,磯谷郡蘭越町,御成
0481262,北海道,磯谷郡蘭越町,貝川
0481313,北海道,磯谷郡蘭越町,上里
0481254,北海道,磯谷郡蘭越町,上目名
0481315,北海道,磯谷郡蘭越町,共栄
0481323,北海道,磯谷郡蘭越町,黄金
0481321,北海道,磯谷郡蘭越町,昆布温泉
0481302,北海道,磯谷郡蘭越町,昆布町
0481325,北海道,磯谷郡蘭越町,栄
0481252,北海道,磯谷郡蘭越町,讃岐
0481264,北海道,磯谷郡蘭越町,清水
0481253,北海道,磯谷郡蘭越町,田下
0481303,北海道,磯谷郡蘭越町,立川
0481326,北海道,磯谷郡蘭越町,富岡
0481324,北海道,磯谷郡蘭越町,豊国
0481307,北海道,磯谷郡蘭越町,トンカラ
0481307,北海道,磯谷郡蘭越町,名駒町
0481327,北海道,磯谷郡蘭越町,新見
0481316,北海道,磯谷郡蘭越町,初田
0481322,北海道,磯谷郡蘭越町,日出
0481312,北海道,磯谷郡蘭越町,冷水
0481263,北海道,磯谷郡蘭越町,三笠
0481304,北海道,磯谷郡蘭越町,水上
0481312,北海道,磯谷郡蘭越町,三和
0481341,北海道,磯谷郡蘭越町,港町
0481261,北海道,磯谷郡蘭越町,目名町
0481321,北海道,磯谷郡蘭越町,湯里
0481311,北海道,磯谷郡蘭越町,吉国
0481306,北海道,磯谷郡蘭越町,淀川
0481301,北海道,磯谷郡蘭越町,蘭越町
0481500,北海道,虻田郡ニセコ町,
0481531,北海道,虻田郡ニセコ町,有島
0481562,北海道,虻田郡ニセコ町,桂台
0481553,北海道,虻田郡ニセコ町,黒川
0481542,北海道,虻田郡ニセコ町,近藤
0481551,北海道,虻田郡ニセコ町,里見
0481522,北海道,虻田郡ニセコ町,曽我
0481512,北海道,虻田郡ニセコ町,中央通
0481554,北海道,虻田郡ニセコ町,富川
0481543,北海道,虻田郡ニセコ町,豊里
0481563,北海道,虻田郡ニセコ町,西富
0481511,北海道,虻田郡ニセコ町,ニセコ
0481521,北海道,虻田郡ニセコ町,東山
0481561,北海道,虻田郡ニセコ町,福井
0481501,北海道,虻田郡ニセコ町,富士見
0481502,北海道,虻田郡ニセコ町,本通
0481552,北海道,虻田郡ニセコ町,宮田
0481544,北海道,虻田郡ニセコ町,元町
0481541,北海道,虻田郡ニセコ町,羊蹄
0481600,北海道,虻田郡真狩村,
0481602,北海道,虻田郡真狩村,泉
0481622,北海道,虻田郡真狩村,加野
0481624,北海道,虻田郡真狩村,神里
0481623,北海道,虻田郡真狩村,川崎
0481603,北海道,虻田郡真狩村,共明
0481614,北海道,虻田郡真狩村,桜川
0481604,北海道,虻田郡真狩村,富里
0481621,北海道,虻田郡真狩村,豊川
0481613,北海道,虻田郡真狩村,南部
0481611,北海道,虻田郡真狩村,光
0481631,北海道,虻田郡真狩村,真狩
0481615,北海道,虻田郡真狩村,緑岡
0481601,北海道,虻田郡真狩村,美原
0481612,北海道,虻田郡真狩村,見晴
0481605,北海道,虻田郡真狩村,社
0481700,北海道,虻田郡留寿都村,
0481752,北海道,虻田郡留寿都村,旭野
0481711,北海道,虻田郡留寿都村,泉川
0481722,北海道,虻田郡留寿都村,黒田
0481723,北海道,虻田郡留寿都村,三ノ原
0481712,北海道,虻田郡留寿都村,豊岡
0481741,北海道,虻田郡留寿都村,西ノ原
0481751,北海道,虻田郡留寿都村,登
0481724,北海道,虻田郡留寿都村,三豊
0481721,北海道,虻田郡留寿都村,向丘
0481731,北海道,虻田郡留寿都村,留寿都
0482200,北海道,岩内郡共和町,
0482143,北海道,岩内郡共和町,国富
0482142,北海道,岩内郡共和町,小沢
0482201,北海道,岩内郡共和町,前田
0482202,北海道,岩内郡共和町,南幌似
0482141,北海道,岩内郡共和町,ワイス
0482400,北海道,余市郡仁木町,
0482401,北海道,余市郡仁木町,旭台
0482402,北海道,余市郡仁木町,大江
0482331,北海道,余市郡仁木町,大江
0482334,北海道,余市郡仁木町,尾根内
0482405,北海道,余市郡仁木町,北町
0482335,北海道,余市郡仁木町,銀山
0482403,北海道,余市郡仁木町,然別
0482404,北海道,余市郡仁木町,砥の川
0482332,北海道,余市郡仁木町,長沢西
0482333,北海道,余市郡仁木町,長沢南
0482406,北海道,余市郡仁木町,西町
0482411,北海道,余市郡仁木町,東町
0482412,北海道,余市郡仁木町,東町緑ケ丘
0482413,北海道,余市郡仁木町,南町
0480192,北海道,寿都郡黒松内町,字黒松内３０２−１
0481394,北海道,磯谷郡蘭越町,蘭越町２２番地（蘭越郵便局私書箱第１８号）
0481395,北海道,磯谷郡蘭越町,蘭越町１１１番地の６
0481396,北海道,磯谷郡蘭越町,蘭越町５１４番地の２（蘭越郵便局私書箱第１９号）
0481393,北海道,磯谷郡蘭越町,蘭越町
0481392,北海道,磯谷郡蘭越町,蘭越町２５８番地の５
0481595,北海道,虻田郡ニセコ町,字富士見４７番地
0481592,北海道,虻田郡ニセコ町,字東山温泉
0482292,北海道,岩内郡共和町,南幌似３８番地の２
0482493,北海道,余市郡仁木町,北町３丁目４
0482492,北海道,余市郡仁木町,西町１丁目３６番地１
