0490100,北海道,北斗市,
0490161,北海道,北斗市,飯生
0490101,北海道,北斗市,追分
0490152,北海道,北斗市,押上
0490136,北海道,北斗市,峨朗
0490157,北海道,北斗市,清川
0490121,北海道,北斗市,久根別
0490143,北海道,北斗市,公園通
0490151,北海道,北斗市,桜岱
0490142,北海道,北斗市,昭和
0490154,北海道,北斗市,添山
0490153,北海道,北斗市,大工川
0490132,北海道,北斗市,館野
0490141,北海道,北斗市,谷好
0490162,北海道,北斗市,中央
0490282,北海道,北斗市,当別
0490171,北海道,北斗市,常盤
0490131,北海道,北斗市,富川
0490155,北海道,北斗市,中野
0490156,北海道,北斗市,中野通
0490111,北海道,北斗市,七重浜
0490158,北海道,北斗市,野崎
0490122,北海道,北斗市,東浜
0490135,北海道,北斗市,水無
0490283,北海道,北斗市,三ツ石
0490134,北海道,北斗市,三好
0490281,北海道,北斗市,茂辺地
0490285,北海道,北斗市,茂辺地市ノ渡
0490133,北海道,北斗市,柳沢
0490286,北海道,北斗市,矢不来
0490284,北海道,北斗市,湯ノ沢
0491500,北海道,松前郡松前町,
0491643,北海道,松前郡松前町,赤神
0491517,北海道,松前郡松前町,朝日
0491504,北海道,松前郡松前町,愛宕
0491523,北海道,松前郡松前町,荒谷
0491771,北海道,松前郡松前町,江良
0491503,北海道,松前郡松前町,大磯
0491522,北海道,松前郡松前町,大沢
0491781,北海道,松前郡松前町,大津
0491521,北海道,松前郡松前町,上川
0491761,北海道,松前郡松前町,神山
0491506,北海道,松前郡松前町,唐津
0491783,北海道,松前郡松前町,清部
0491784,北海道,松前郡松前町,小浜
0491642,北海道,松前郡松前町,札前
0491644,北海道,松前郡松前町,静浦
0491524,北海道,松前郡松前町,白神
0491763,北海道,松前郡松前町,白坂
0491513,北海道,松前郡松前町,神明
0491782,北海道,松前郡松前町,高野
0491501,北海道,松前郡松前町,建石
0491641,北海道,松前郡松前町,館浜
0491515,北海道,松前郡松前町,月島
0491514,北海道,松前郡松前町,豊岡
0491507,北海道,松前郡松前町,西館
0491505,北海道,松前郡松前町,博多
0491762,北海道,松前郡松前町,原口
0491516,北海道,松前郡松前町,東山
0491512,北海道,松前郡松前町,福山
0491764,北海道,松前郡松前町,二越
0491502,北海道,松前郡松前町,弁天
0491511,北海道,松前郡松前町,松城
0491645,北海道,松前郡松前町,茂草
0491300,北海道,松前郡福島町,
0491325,北海道,松前郡福島町,岩部
0491312,北海道,松前郡福島町,上町
0491323,北海道,松前郡福島町,浦和
0491312,北海道,松前郡福島町,川原町
0491322,北海道,松前郡福島町,塩釜
0491301,北海道,松前郡福島町,白符
0491331,北海道,松前郡福島町,新栄町
0491332,北海道,松前郡福島町,千軒
0491312,北海道,松前郡福島町,館古
0491454,北海道,松前郡福島町,館崎
0491321,北海道,松前郡福島町,月崎
0491452,北海道,松前郡福島町,豊浜
0491311,北海道,松前郡福島町,桧倉
0491324,北海道,松前郡福島町,日の出
0491302,北海道,松前郡福島町,日向
0491312,北海道,松前郡福島町,福島
0491312,北海道,松前郡福島町,本町
0491456,北海道,松前郡福島町,松浦
0491321,北海道,松前郡福島町,丸山団地
0491331,北海道,松前郡福島町,三岳
0491321,北海道,松前郡福島町,緑町
0491451,北海道,松前郡福島町,宮歌
0491453,北海道,松前郡福島町,美山
0491453,北海道,松前郡福島町,吉岡
0491312,北海道,松前郡福島町,吉田町
0491455,北海道,松前郡福島町,吉野
0491100,北海道,上磯郡知内町,
0491103,北海道,上磯郡知内町,重内
0491105,北海道,上磯郡知内町,小谷石
0491107,北海道,上磯郡知内町,上雷
0491101,北海道,上磯郡知内町,中ノ川
0491106,北海道,上磯郡知内町,元町
0491102,北海道,上磯郡知内町,森越
0491221,北海道,上磯郡知内町,湯ノ里
0491104,北海道,上磯郡知内町,涌元
0490400,北海道,上磯郡木古内町,
0490405,北海道,上磯郡木古内町,泉沢
0490454,北海道,上磯郡木古内町,瓜谷
0490401,北海道,上磯郡木古内町,大釜谷
0490453,北海道,上磯郡木古内町,大川
0490412,北海道,上磯郡木古内町,大平
0490402,北海道,上磯郡木古内町,御宮野
0490403,北海道,上磯郡木古内町,釜谷
0490404,北海道,上磯郡木古内町,亀川
0490431,北海道,上磯郡木古内町,木古内
0490408,北海道,上磯郡木古内町,幸連
0490411,北海道,上磯郡木古内町,札苅
0490451,北海道,上磯郡木古内町,新道
0490452,北海道,上磯郡木古内町,建川
0490455,北海道,上磯郡木古内町,鶴岡
0490441,北海道,上磯郡木古内町,中野
0490406,北海道,上磯郡木古内町,二乃岱
0490407,北海道,上磯郡木古内町,橋呉
0490422,北海道,上磯郡木古内町,本町
0490421,北海道,上磯郡木古内町,前浜
0492300,北海道,茅部郡森町,
0492142,北海道,茅部郡森町,赤井川
0492463,北海道,茅部郡森町,石倉町
0492311,北海道,茅部郡森町,上台町
0492465,北海道,茅部郡森町,蛯谷町
0492301,北海道,茅部郡森町,尾白内町
0492312,北海道,茅部郡森町,霞台
0492327,北海道,茅部郡森町,清澄町
0492324,北海道,茅部郡森町,栗ケ丘
0492141,北海道,茅部郡森町,駒ケ岳
0492308,北海道,茅部郡森町,栄町
0492222,北海道,茅部郡森町,砂原
0492221,北海道,茅部郡森町,砂原西
0492223,北海道,茅部郡森町,砂原東
0492461,北海道,茅部郡森町,三岱
0492307,北海道,茅部郡森町,白川
0492304,北海道,茅部郡森町,新川町
0492305,北海道,茅部郡森町,常盤町
0492323,北海道,茅部郡森町,鳥崎町
0492462,北海道,茅部郡森町,濁川
0492303,北海道,茅部郡森町,東森町
0492306,北海道,茅部郡森町,姫川
0492322,北海道,茅部郡森町,富士見町
0492464,北海道,茅部郡森町,本茅部町
0492325,北海道,茅部郡森町,本町
0492302,北海道,茅部郡森町,港町
0492326,北海道,茅部郡森町,御幸町
0492313,北海道,茅部郡森町,森川町
0492321,北海道,茅部郡森町,鷲ノ木町
0493100,北海道,二海郡八雲町,
0493113,北海道,二海郡八雲町,相生町
0492561,北海道,二海郡八雲町,旭丘
0493125,北海道,二海郡八雲町,熱田
0493115,北海道,二海郡八雲町,出雲町
0492564,北海道,二海郡八雲町,入沢
0493104,北海道,二海郡八雲町,内浦町
0493126,北海道,二海郡八雲町,大新
0492562,北海道,二海郡八雲町,落部
0493127,北海道,二海郡八雲町,春日
0492566,北海道,二海郡八雲町,上の湯
0493121,北海道,二海郡八雲町,上八雲
0493341,北海道,二海郡八雲町,黒岩
0493117,北海道,二海郡八雲町,栄町
0492563,北海道,二海郡八雲町,栄浜
0492675,北海道,二海郡八雲町,桜野
0493105,北海道,二海郡八雲町,東雲町
0492565,北海道,二海郡八雲町,下の湯
0493112,北海道,二海郡八雲町,末広町
0493111,北海道,二海郡八雲町,住初町
0493123,北海道,二海郡八雲町,立岩
0493121,北海道,二海郡八雲町,富咲
0493103,北海道,二海郡八雲町,豊河町
0493128,北海道,二海郡八雲町,鉛川
0492672,北海道,二海郡八雲町,野田生
0493122,北海道,二海郡八雲町,花浦
0493124,北海道,二海郡八雲町,浜松
0493102,北海道,二海郡八雲町,東町
0492673,北海道,二海郡八雲町,東野
0493106,北海道,二海郡八雲町,富士見町
0493107,北海道,二海郡八雲町,本町
0493114,北海道,二海郡八雲町,三杉町
0493118,北海道,二海郡八雲町,緑町
0493116,北海道,二海郡八雲町,宮園町
0493101,北海道,二海郡八雲町,元町
0492671,北海道,二海郡八雲町,山越
0493342,北海道,二海郡八雲町,山崎
0492674,北海道,二海郡八雲町,わらび野
0493500,北海道,山越郡長万部町,
0493521,北海道,山越郡長万部町,曙町
0493519,北海道,山越郡長万部町,旭浜
0493511,北海道,山越郡長万部町,大浜
0493521,北海道,山越郡長万部町,大町
0493501,北海道,山越郡長万部町,大峰
0493521,北海道,山越郡長万部町,長万部
0493521,北海道,山越郡長万部町,温泉町
0493517,北海道,山越郡長万部町,共立
0493515,北海道,山越郡長万部町,栗岡
0493462,北海道,山越郡長万部町,国縫
0493516,北海道,山越郡長万部町,栄原
0493518,北海道,山越郡長万部町,静狩
0495141,北海道,山越郡長万部町,静狩
0493521,北海道,山越郡長万部町,新開町
0493521,北海道,山越郡長万部町,陣屋町
0493521,北海道,山越郡長万部町,住吉町
0493521,北海道,山越郡長万部町,高砂町
0493465,北海道,山越郡長万部町,茶屋川
0493502,北海道,山越郡長万部町,知来
0493514,北海道,山越郡長万部町,富野
0493464,北海道,山越郡長万部町,豊津
0493463,北海道,山越郡長万部町,豊野
0493512,北海道,山越郡長万部町,中の沢
0493461,北海道,山越郡長万部町,花岡
0493504,北海道,山越郡長万部町,美畑
0493513,北海道,山越郡長万部町,平里
0493501,北海道,山越郡長万部町,双葉
0493521,北海道,山越郡長万部町,本町
0493521,北海道,山越郡長万部町,南栄町
0493521,北海道,山越郡長万部町,元町
0493503,北海道,山越郡長万部町,蕨岱
0490600,北海道,檜山郡上ノ国町,
0490741,北海道,檜山郡上ノ国町,石崎
0490621,北海道,檜山郡上ノ国町,内郷
0490607,北海道,檜山郡上ノ国町,扇石
0490604,北海道,檜山郡上ノ国町,大安在
0490603,北海道,檜山郡上ノ国町,大崎
0490611,北海道,檜山郡上ノ国町,大留
0490601,北海道,檜山郡上ノ国町,勝山
0490626,北海道,檜山郡上ノ国町,桂岡
0490612,北海道,檜山郡上ノ国町,上ノ国
0490622,北海道,檜山郡上ノ国町,北村
0490606,北海道,檜山郡上ノ国町,木ノ子
0490605,北海道,檜山郡上ノ国町,小安在
0490627,北海道,檜山郡上ノ国町,小森
0490608,北海道,檜山郡上ノ国町,汐吹
0490623,北海道,檜山郡上ノ国町,新村
0490561,北海道,檜山郡上ノ国町,神明
0490742,北海道,檜山郡上ノ国町,館野
0490743,北海道,檜山郡上ノ国町,小砂子
0490625,北海道,檜山郡上ノ国町,豊田
0490624,北海道,檜山郡上ノ国町,中須田
0490744,北海道,檜山郡上ノ国町,早川
0490564,北海道,檜山郡上ノ国町,早瀬
0490602,北海道,檜山郡上ノ国町,原歌
0490563,北海道,檜山郡上ノ国町,宮越
0490613,北海道,檜山郡上ノ国町,向浜
0490562,北海道,檜山郡上ノ国町,湯ノ岱
0494300,北海道,瀬棚郡今金町,
0494303,北海道,瀬棚郡今金町,曙町
0494312,北海道,瀬棚郡今金町,旭町
0494301,北海道,瀬棚郡今金町,東町
0494325,北海道,瀬棚郡今金町,稲穂
0494308,北海道,瀬棚郡今金町,今金
0494155,北海道,瀬棚郡今金町,奥沢
0494327,北海道,瀬棚郡今金町,神丘
0494157,北海道,瀬棚郡今金町,上種川
0494304,北海道,瀬棚郡今金町,寒昇
0494335,北海道,瀬棚郡今金町,金原
0494311,北海道,瀬棚郡今金町,栄町
0494326,北海道,瀬棚郡今金町,商工団地
0494314,北海道,瀬棚郡今金町,昭和町
0494332,北海道,瀬棚郡今金町,白石
0494315,北海道,瀬棚郡今金町,末広町
0494321,北海道,瀬棚郡今金町,鈴岡
0494336,北海道,瀬棚郡今金町,鈴金
0494156,北海道,瀬棚郡今金町,住吉
0494306,北海道,瀬棚郡今金町,高美町
0494331,北海道,瀬棚郡今金町,田代
0494324,北海道,瀬棚郡今金町,種川
0494337,北海道,瀬棚郡今金町,豊田
0494154,北海道,瀬棚郡今金町,中里
0494305,北海道,瀬棚郡今金町,南栄町
0494333,北海道,瀬棚郡今金町,日進
0494307,北海道,瀬棚郡今金町,八幡町
0494153,北海道,瀬棚郡今金町,花石
0494323,北海道,瀬棚郡今金町,光台
0494302,北海道,瀬棚郡今金町,日の出町
0494151,北海道,瀬棚郡今金町,美利河
0494313,北海道,瀬棚郡今金町,本町
0494322,北海道,瀬棚郡今金町,御影
0494317,北海道,瀬棚郡今金町,緑町
0494316,北海道,瀬棚郡今金町,南町
0494152,北海道,瀬棚郡今金町,宮島
0494334,北海道,瀬棚郡今金町,八束
0494318,北海道,瀬棚郡今金町,大和町
0494500,北海道,久遠郡せたな町,
0494513,北海道,久遠郡せたな町,北檜山区愛知
0494431,北海道,久遠郡せたな町,北檜山区小倉山
0494515,北海道,久遠郡せたな町,北檜山区兜野
0494501,北海道,久遠郡せたな町,北檜山区北檜山
0494516,北海道,久遠郡せたな町,北檜山区共和
0494753,北海道,久遠郡せたな町,北檜山区小川
0494751,北海道,久遠郡せたな町,北檜山区栄
0494518,北海道,久遠郡せたな町,北檜山区新成
0494512,北海道,久遠郡せたな町,北檜山区徳島
0494755,北海道,久遠郡せたな町,北檜山区富里
0494514,北海道,久遠郡せたな町,北檜山区豊岡
0494434,北海道,久遠郡せたな町,北檜山区西丹羽
0494433,北海道,久遠郡せたな町,北檜山区丹羽
0494432,北海道,久遠郡せたな町,北檜山区東丹羽
0494754,北海道,久遠郡せたな町,北檜山区二俣
0494517,北海道,久遠郡せたな町,北檜山区太櫓
0494511,北海道,久遠郡せたな町,北檜山区松岡
0494752,北海道,久遠郡せたな町,北檜山区若松
0494824,北海道,久遠郡せたな町,瀬棚区北島歌
0494827,北海道,久遠郡せたな町,瀬棚区共和
0494821,北海道,久遠郡せたな町,瀬棚区三本杉
0494823,北海道,久遠郡せたな町,瀬棚区島歌
0494825,北海道,久遠郡せたな町,瀬棚区西大里
0494826,北海道,久遠郡せたな町,瀬棚区東大里
0494816,北海道,久遠郡せたな町,瀬棚区本町
0494801,北海道,久遠郡せたな町,瀬棚区本町
0494802,北海道,久遠郡せたな町,瀬棚区本町
0494803,北海道,久遠郡せたな町,瀬棚区本町
0494804,北海道,久遠郡せたな町,瀬棚区本町
0494805,北海道,久遠郡せたな町,瀬棚区本町
0494811,北海道,久遠郡せたな町,瀬棚区本町
0494812,北海道,久遠郡せたな町,瀬棚区本町
0494813,北海道,久遠郡せたな町,瀬棚区本町
0494814,北海道,久遠郡せたな町,瀬棚区本町
0494815,北海道,久遠郡せたな町,瀬棚区本町
0494828,北海道,久遠郡せたな町,瀬棚区南川
0494822,北海道,久遠郡せたな町,瀬棚区元浦
0495400,北海道,虻田郡豊浦町,
0495412,北海道,虻田郡豊浦町,旭町
0495332,北海道,虻田郡豊浦町,大岸
0495413,北海道,虻田郡豊浦町,海岸町
0495407,北海道,虻田郡豊浦町,上泉
0495414,北海道,虻田郡豊浦町,幸町
0495404,北海道,虻田郡豊浦町,桜
0495411,北海道,虻田郡豊浦町,東雲町
0495408,北海道,虻田郡豊浦町,新富
0495406,北海道,虻田郡豊浦町,新山梨
0495405,北海道,虻田郡豊浦町,高岡
0495331,北海道,虻田郡豊浦町,豊泉
0495415,北海道,虻田郡豊浦町,浜町
0495416,北海道,虻田郡豊浦町,船見町
0495403,北海道,虻田郡豊浦町,美和
0495402,北海道,虻田郡豊浦町,大和
0495401,北海道,虻田郡豊浦町,山梨
0495333,北海道,虻田郡豊浦町,礼文華
0495731,北海道,有珠郡壮瞥町,洞爺湖温泉
0495600,北海道,虻田郡洞爺湖町,
0495601,北海道,虻田郡洞爺湖町,青葉町
0495801,北海道,虻田郡洞爺湖町,旭浦
0495611,北海道,虻田郡洞爺湖町,旭町
0495602,北海道,虻田郡洞爺湖町,泉
0495603,北海道,虻田郡洞爺湖町,入江
0495811,北海道,虻田郡洞爺湖町,岩屋
0495612,北海道,虻田郡洞爺湖町,大磯町
0495821,北海道,虻田郡洞爺湖町,大原
0495831,北海道,虻田郡洞爺湖町,香川
0495812,北海道,虻田郡洞爺湖町,川東
0495604,北海道,虻田郡洞爺湖町,栄町
0495722,北海道,虻田郡洞爺湖町,清水
0495613,北海道,虻田郡洞爺湖町,清水
0495605,北海道,虻田郡洞爺湖町,高砂町
0495813,北海道,虻田郡洞爺湖町,財田
0495723,北海道,虻田郡洞爺湖町,月浦
0495721,北海道,虻田郡洞爺湖町,洞爺湖温泉
0495802,北海道,虻田郡洞爺湖町,洞爺町
0495822,北海道,虻田郡洞爺湖町,富丘
0495832,北海道,虻田郡洞爺湖町,成香
0495724,北海道,虻田郡洞爺湖町,花和
0495614,北海道,虻田郡洞爺湖町,浜町
0495814,北海道,虻田郡洞爺湖町,早月
0495833,北海道,虻田郡洞爺湖町,伏見
0495615,北海道,虻田郡洞爺湖町,本町
0495616,北海道,虻田郡洞爺湖町,三豊
0490193,北海道,北斗市,谷好１丁目１５１番地
0490192,北海道,北斗市,中央１丁目３番１０号
0491594,北海道,松前郡松前町,字神明３０
0491592,北海道,松前郡松前町,字福山２４８
0491593,北海道,松前郡松前町,字大磯１７４−１
0491392,北海道,松前郡福島町,字福島８２０
0492192,北海道,茅部郡森町,字赤井川２２９
0492392,北海道,茅部郡森町,字御幸町１１５番地（森郵便局私書箱第７号）
0492394,北海道,茅部郡森町,字上台町３２６−４８
0492393,北海道,茅部郡森町,字御幸町１４４−１（森郵便局私書箱第１０号）
0493198,北海道,二海郡八雲町,宮園町１２８番地
0493197,北海道,二海郡八雲町,東雲町５０番地
0493192,北海道,二海郡八雲町,住初町１３８番地（八雲郵便局私書箱第１号）
0493592,北海道,山越郡長万部町,字長万部４５３（長万部郵便局私書箱第１号）
0490692,北海道,檜山郡上ノ国町,字大留２４４−９（上ノ国郵便局私書箱第２号）
0490693,北海道,檜山郡上ノ国町,字大留１２２−１
0490698,北海道,檜山郡上ノ国町,字大留１００番地
0490697,北海道,檜山郡上ノ国町,字大留２４６番地
0490695,北海道,檜山郡上ノ国町,字大留３５１番地
0494397,北海道,瀬棚郡今金町,字今金１４１番地
0494393,北海道,瀬棚郡今金町,字今金４８番地１
0494595,北海道,久遠郡せたな町,北檜山区北檜山２０番地
0494592,北海道,久遠郡せたな町,北檜山区徳島６３番地１
0495492,北海道,虻田郡豊浦町,字船見町１０（豊浦郵便局私書箱第２号）
0495692,北海道,虻田郡洞爺湖町,栄町５８番地
0495892,北海道,虻田郡洞爺湖町,洞爺町５４番地４１
