0612274,北海道,札幌市南区,小金湯
0612301,北海道,札幌市南区,定山渓
0612302,北海道,札幌市南区,定山渓温泉東
0612303,北海道,札幌市南区,定山渓温泉西
0612276,北海道,札幌市南区,白川
0612275,北海道,札幌市南区,砥山
0612273,北海道,札幌市南区,豊滝
0612271,北海道,札幌市南区,藤野（その他）
0612281,北海道,札幌市南区,藤野一条
0612282,北海道,札幌市南区,藤野二条
0612283,北海道,札幌市南区,藤野三条
0612284,北海道,札幌市南区,藤野四条
0612285,北海道,札幌市南区,藤野五条
0612286,北海道,札幌市南区,藤野六条
0612261,北海道,札幌市南区,簾舞一条
0612262,北海道,札幌市南区,簾舞二条
0612263,北海道,札幌市南区,簾舞三条
0612264,北海道,札幌市南区,簾舞四条
0612265,北海道,札幌市南区,簾舞五条
0612266,北海道,札幌市南区,簾舞六条
0612272,北海道,札幌市南区,簾舞（その他）
0613271,北海道,小樽市,銭函（４〜５丁目）
0611400,北海道,恵庭市,
0611448,北海道,恵庭市,相生町
0611431,北海道,恵庭市,有明町
0611401,北海道,恵庭市,漁太
0611414,北海道,恵庭市,漁町
0611415,北海道,恵庭市,泉町
0611411,北海道,恵庭市,恵南
0611424,北海道,恵庭市,大町
0611423,北海道,恵庭市,柏木町
0611402,北海道,恵庭市,春日
0611404,北海道,恵庭市,上山口
0611433,北海道,恵庭市,北柏木町
0611366,北海道,恵庭市,北島
0611444,北海道,恵庭市,京町
0611432,北海道,恵庭市,恵央町
0611449,北海道,恵庭市,黄金中央
0611407,北海道,恵庭市,黄金北
0611409,北海道,恵庭市,黄金南
0611417,北海道,恵庭市,駒場町
0611426,北海道,恵庭市,幸町
0611443,北海道,恵庭市,栄恵町
0611416,北海道,恵庭市,桜町
0611363,北海道,恵庭市,桜森
0611354,北海道,恵庭市,島松旭町
0611355,北海道,恵庭市,島松寿町
0611352,北海道,恵庭市,島松仲町
0611351,北海道,恵庭市,島松東町
0611353,北海道,恵庭市,島松本町
0611363,北海道,恵庭市,島松沢
0611364,北海道,恵庭市,下島松
0611412,北海道,恵庭市,白樺町
0611445,北海道,恵庭市,新町
0611446,北海道,恵庭市,末広町
0611441,北海道,恵庭市,住吉町
0611403,北海道,恵庭市,中央
0611405,北海道,恵庭市,戸磯
0611362,北海道,恵庭市,中島松
0611435,北海道,恵庭市,中島町
0611356,北海道,恵庭市,西島松
0611434,北海道,恵庭市,柏陽町
0611361,北海道,恵庭市,林田
0611422,北海道,恵庭市,盤尻
0611447,北海道,恵庭市,福住町
0611425,北海道,恵庭市,文京町
0611365,北海道,恵庭市,穂栄
0611421,北海道,恵庭市,牧場
0611427,北海道,恵庭市,美咲野
0611442,北海道,恵庭市,緑町
0611375,北海道,恵庭市,南島松
0611371,北海道,恵庭市,恵み野東
0611373,北海道,恵庭市,恵み野西
0611372,北海道,恵庭市,恵み野南
0611374,北海道,恵庭市,恵み野北
0611376,北海道,恵庭市,恵み野里美
0611413,北海道,恵庭市,本町
0611406,北海道,恵庭市,和光町
0611100,北海道,北広島市,
0611141,北海道,北広島市,青葉町
0611123,北海道,北広島市,朝日町
0611145,北海道,北広島市,泉町
0611125,北海道,北広島市,稲穂町東
0611124,北海道,北広島市,稲穂町西
0611270,北海道,北広島市,大曲
0611274,北海道,北広島市,大曲工業団地
0611278,北海道,北広島市,大曲幸町
0611272,北海道,北広島市,大曲末広
0611271,北海道,北広島市,大曲中央
0611279,北海道,北広島市,大曲並木
0611273,北海道,北広島市,大曲柏葉
0611277,北海道,北広島市,大曲光
0611276,北海道,北広島市,大曲緑ケ丘
0611275,北海道,北広島市,大曲南ケ丘
0611111,北海道,北広島市,北の里
0611261,北海道,北広島市,希望ケ丘
0611112,北海道,北広島市,共栄
0611113,北海道,北広島市,共栄町
0611134,北海道,北広島市,広葉町
0611133,北海道,北広島市,栄町
0611147,北海道,北広島市,里見町
0611265,北海道,北広島市,島松
0611144,北海道,北広島市,白樺町
0611126,北海道,北広島市,新富町東
0611127,北海道,北広島市,新富町西
0611146,北海道,北広島市,高台町
0611121,北海道,北広島市,中央
0611135,北海道,北広島市,輝美町
0611153,北海道,北広島市,富ケ岡
0611152,北海道,北広島市,中の沢（５５７〜７３６番地）
0611101,北海道,北広島市,中の沢（その他）
0611103,北海道,北広島市,虹ケ丘
0611102,北海道,北広島市,西の里
0611105,北海道,北広島市,西の里東
0611106,北海道,北広島市,西の里南
0611104,北海道,北広島市,西の里北
0611267,北海道,北広島市,仁別
0611114,北海道,北広島市,東共栄
0611151,北海道,北広島市,東の里
0611122,北海道,北広島市,広島
0611132,北海道,北広島市,北進町
0611136,北海道,北広島市,松葉町
0611115,北海道,北広島市,美咲き野
0611131,北海道,北広島市,美沢
0611266,北海道,北広島市,三島
0611143,北海道,北広島市,南町
0611154,北海道,北広島市,南の里
0611148,北海道,北広島市,山手町
0611137,北海道,北広島市,緑陽町
0611264,北海道,北広島市,輪厚
0611281,北海道,北広島市,輪厚工業団地
0611268,北海道,北広島市,輪厚中央
0611269,北海道,北広島市,輪厚元町
0611142,北海道,北広島市,若葉町
0613200,北海道,石狩市,
0613601,北海道,石狩市,厚田区厚田
0613602,北海道,石狩市,厚田区押琴
0613151,北海道,石狩市,厚田区濃昼
0613603,北海道,石狩市,厚田区小谷
0613521,北海道,石狩市,厚田区古潭
0613331,北海道,石狩市,厚田区聚富（中央、シラツカリ）
0613441,北海道,石狩市,厚田区聚富（その他）
0613332,北海道,石狩市,厚田区虹が原
0613605,北海道,石狩市,厚田区別狩
0613522,北海道,石狩市,厚田区嶺泊
0613523,北海道,石狩市,厚田区望来
0613606,北海道,石狩市,厚田区安瀬
0613377,北海道,石狩市,親船町
0613365,北海道,石狩市,親船東一条
0613366,北海道,石狩市,親船東二条
0613367,北海道,石狩市,親船東三条
0613245,北海道,石狩市,生振
0613362,北海道,石狩市,北生振
0613220,北海道,石狩市,志美
0613373,北海道,石狩市,新町
0613242,北海道,石狩市,新港中央
0613243,北海道,石狩市,新港東
0613241,北海道,石狩市,新港西
0613244,北海道,石狩市,新港南
0613253,北海道,石狩市,樽川三条
0613254,北海道,石狩市,樽川四条
0613255,北海道,石狩市,樽川五条
0613256,北海道,石狩市,樽川六条
0613257,北海道,石狩市,樽川七条
0613258,北海道,石狩市,樽川八条
0613259,北海道,石狩市,樽川九条
0613251,北海道,石狩市,樽川（その他）
0613374,北海道,石狩市,仲町
0613484,北海道,石狩市,八幡（５丁目１番地）
0613361,北海道,石狩市,八幡（その他）
0613480,北海道,石狩市,八幡町（五の沢）
0613481,北海道,石狩市,八幡町（高岡）
0613482,北海道,石狩市,八幡町（その他）
0613219,北海道,石狩市,花川
0613211,北海道,石狩市,花川北一条
0613212,北海道,石狩市,花川北二条
0613213,北海道,石狩市,花川北三条
0613214,北海道,石狩市,花川北四条
0613215,北海道,石狩市,花川北五条
0613216,北海道,石狩市,花川北六条
0613217,北海道,石狩市,花川北七条
0613248,北海道,石狩市,花川東
0613261,北海道,石狩市,花川東一条
0613262,北海道,石狩市,花川東二条
0613210,北海道,石狩市,花川南十条
0613201,北海道,石狩市,花川南一条
0613202,北海道,石狩市,花川南二条
0613203,北海道,石狩市,花川南三条
0613204,北海道,石狩市,花川南四条
0613205,北海道,石狩市,花川南五条
0613206,北海道,石狩市,花川南六条
0613207,北海道,石狩市,花川南七条
0613208,北海道,石狩市,花川南八条
0613209,北海道,石狩市,花川南九条
0613112,北海道,石狩市,浜益区送毛
0613107,北海道,石狩市,浜益区柏木
0613106,北海道,石狩市,浜益区川下
0613102,北海道,石狩市,浜益区群別
0613113,北海道,石狩市,浜益区濃昼
0613109,北海道,石狩市,浜益区御料地
0613105,北海道,石狩市,浜益区千代志別
0613104,北海道,石狩市,浜益区床丹
0613101,北海道,石狩市,浜益区浜益
0613111,北海道,石狩市,浜益区毘砂別
0613103,北海道,石狩市,浜益区幌
0613108,北海道,石狩市,浜益区実田
0613371,北海道,石狩市,浜町
0613281,北海道,石狩市,花畔一条
0613282,北海道,石狩市,花畔二条
0613283,北海道,石狩市,花畔三条
0613284,北海道,石狩市,花畔四条
0613218,北海道,石狩市,花畔（その他）
0613368,北海道,石狩市,美登位
0613378,北海道,石狩市,船場町
0613372,北海道,石狩市,弁天町
0613375,北海道,石狩市,本町
0613483,北海道,石狩市,緑ケ原
0613376,北海道,石狩市,横町
0613230,北海道,石狩市,緑苑台中央
0613231,北海道,石狩市,緑苑台西一条
0613232,北海道,石狩市,緑苑台西二条
0613221,北海道,石狩市,緑苑台東一条
0613222,北海道,石狩市,緑苑台東二条
0613223,北海道,石狩市,緑苑台東三条
0613363,北海道,石狩市,若生町
0610200,北海道,石狩郡当別町,
0610201,北海道,石狩郡当別町,青山
0610253,北海道,石狩郡当別町,青山奥二番川
0610252,北海道,石狩郡当別町,青山奥三番川
0610251,北海道,石狩郡当別町,青山奥四番川
0610254,北海道,石狩郡当別町,青山中央（青山奥）
0610232,北海道,石狩郡当別町,春日町
0610212,北海道,石狩郡当別町,金沢
0610218,北海道,石狩郡当別町,樺戸町
0610207,北海道,石狩郡当別町,上当別
0613774,北海道,石狩郡当別町,川下（７８２−１３、５３６３−７〜８、５３８２−３、５４０５
0613774,北海道,石狩郡当別町,−４、５４０７−５、５４４５〜５４４６−４番地）
0610206,北海道,石狩郡当別町,川下（その他）
0610217,北海道,石狩郡当別町,幸町
0610216,北海道,石狩郡当別町,栄町
0613772,北海道,石狩郡当別町,獅子内
0610205,北海道,石狩郡当別町,下川町
0610233,北海道,石狩郡当別町,白樺町
0613777,北海道,石狩郡当別町,スウェーデンヒルズ
0610224,北海道,石狩郡当別町,末広
0610227,北海道,石狩郡当別町,園生
0613771,北海道,石狩郡当別町,高岡
0610215,北海道,石狩郡当別町,対雁
0613773,北海道,石狩郡当別町,当別太
0610211,北海道,石狩郡当別町,中小屋
0610226,北海道,石狩郡当別町,錦町
0610234,北海道,石狩郡当別町,西町
0610213,北海道,石狩郡当別町,東裏
0610221,北海道,石狩郡当別町,東町
0613775,北海道,石狩郡当別町,ビトエ（その他）
0613779,北海道,石狩郡当別町,太美スターライト
0613776,北海道,石狩郡当別町,太美町
0613778,北海道,石狩郡当別町,太美南
0610208,北海道,石狩郡当別町,弁華別
0610235,北海道,石狩郡当別町,北栄町
0610225,北海道,石狩郡当別町,美里
0610203,北海道,石狩郡当別町,みどり野
0610228,北海道,石狩郡当別町,緑町
0610222,北海道,石狩郡当別町,元町
0610202,北海道,石狩郡当別町,茂平沢
0610223,北海道,石狩郡当別町,弥生
0610231,北海道,石狩郡当別町,六軒町
0610204,北海道,石狩郡当別町,若葉
0610214,北海道,石狩郡当別町,蕨岱
0610500,北海道,樺戸郡月形町,
0610518,北海道,樺戸郡月形町,赤川
0610514,北海道,樺戸郡月形町,麻生
0610517,北海道,樺戸郡月形町,北郷
0610502,北海道,樺戸郡月形町,北農場
0610527,北海道,樺戸郡月形町,共和
0610508,北海道,樺戸郡月形町,厚栄
0610515,北海道,樺戸郡月形町,五耕地山
0610505,北海道,樺戸郡月形町,札比内
0610512,北海道,樺戸郡月形町,市南
0610511,北海道,樺戸郡月形町,市北
0610523,北海道,樺戸郡月形町,昭栄
0610525,北海道,樺戸郡月形町,新栄
0610506,北海道,樺戸郡月形町,新宮
0610501,北海道,樺戸郡月形町,新生
0610526,北海道,樺戸郡月形町,新田
0610504,北海道,樺戸郡月形町,新富
0610516,北海道,樺戸郡月形町,知来乙
0610528,北海道,樺戸郡月形町,月ケ岡
0610529,北海道,樺戸郡月形町,月ヶ杜
0610522,北海道,樺戸郡月形町,月浜
0610503,北海道,樺戸郡月形町,豊ケ丘
0610513,北海道,樺戸郡月形町,農事会
0610521,北海道,樺戸郡月形町,南耕地
0610507,北海道,樺戸郡月形町,南札比内
0610524,北海道,樺戸郡月形町,南新田
0610600,北海道,樺戸郡浦臼町,
0610611,北海道,樺戸郡浦臼町,浦臼第１
0610612,北海道,樺戸郡浦臼町,浦臼第２
0610613,北海道,樺戸郡浦臼町,浦臼第３
0610614,北海道,樺戸郡浦臼町,浦臼第４
0610615,北海道,樺戸郡浦臼町,浦臼第５
0610616,北海道,樺戸郡浦臼町,浦臼第６
0610617,北海道,樺戸郡浦臼町,浦臼第７
0610618,北海道,樺戸郡浦臼町,浦臼第８
0610621,北海道,樺戸郡浦臼町,晩生内第１
0610622,北海道,樺戸郡浦臼町,晩生内第２
0610623,北海道,樺戸郡浦臼町,晩生内第３
0610601,北海道,樺戸郡浦臼町,鶴沼第１
0610602,北海道,樺戸郡浦臼町,鶴沼第２
0610603,北海道,樺戸郡浦臼町,鶴沼第３
0612292,北海道,札幌市南区,藤野五条１０丁目４７８−１
0611395,北海道,恵庭市,恵み野西２丁目３−５
0611392,北海道,恵庭市,島松仲町２丁目１０番１４号
0611396,北海道,恵庭市,恵み野北２丁目１２−１
0611393,北海道,恵庭市,西島松３０８番地
0611498,北海道,恵庭市,京町１番地
0611493,北海道,恵庭市,北柏木町３丁目８９番
0611492,北海道,恵庭市,北柏木町３丁目３９番
0611496,北海道,恵庭市,北柏木町３丁目４８番
0611497,北海道,恵庭市,北柏木町３丁目３４番
0618501,北海道,北広島市,大曲工業団地２−５−６
0611192,北海道,北広島市,中央４丁目２−１
0611195,北海道,北広島市,西の里５０７番地１
0611196,北海道,北広島市,中の沢１４９番地
0613292,北海道,石狩市,花川北六条１丁目３０番地２
0613293,北海道,石狩市,新港南３丁目７０３番地３号
0613294,北海道,石狩市,新港西１丁目７２３番地４号
0613295,北海道,石狩市,新港西２丁目７７１番地１号
0613296,北海道,石狩市,新港南１丁目２２番地３３号
0613692,北海道,石狩市,厚田区厚田１８番地
0613197,北海道,石狩市,浜益区浜益２−３
0610293,北海道,石狩郡当別町,字金沢１７５７番地
0610295,北海道,石狩郡当別町,錦町５３番地５７号
0610292,北海道,石狩郡当別町,白樺町５８番地９
0610296,北海道,石狩郡当別町,春日町８４番地４号
0610595,北海道,樺戸郡月形町,１０１１番地
0610592,北海道,樺戸郡月形町,１２１９番地（月形郵便局私書箱第２号）
0610692,北海道,樺戸郡浦臼町,字ウラウスナイ１８３の１５（浦臼郵便局私書箱第１号）
