0680400,北海道,夕張市,
0680405,北海道,夕張市,旭町
0680754,北海道,夕張市,楓
0680662,北海道,夕張市,鹿島明石町
0680673,北海道,夕張市,鹿島栄町
0680661,北海道,夕張市,鹿島白金
0680665,北海道,夕張市,鹿島宝町
0680663,北海道,夕張市,鹿島千年町
0680664,北海道,夕張市,鹿島錦町
0680672,北海道,夕張市,鹿島富士見町
0680675,北海道,夕張市,鹿島北栄町
0680671,北海道,夕張市,鹿島緑町
0680674,北海道,夕張市,鹿島代々木町
0680413,北海道,夕張市,鹿の谷
0680412,北海道,夕張市,鹿の谷東丘町
0680414,北海道,夕張市,鹿の谷山手町
0680531,北海道,夕張市,清水沢
0680532,北海道,夕張市,清水沢清栄町
0680533,北海道,夕張市,清水沢清湖町
0680535,北海道,夕張市,清水沢清陵町
0680534,北海道,夕張市,清水沢宮前町
0680402,北海道,夕張市,社光
0680404,北海道,夕張市,昭和
0680411,北海道,夕張市,末広
0680406,北海道,夕張市,住初
0680401,北海道,夕張市,高松
0680756,北海道,夕張市,滝ノ上
0680424,北海道,夕張市,千代田
0680409,北海道,夕張市,丁未
0680421,北海道,夕張市,常盤
0680408,北海道,夕張市,富岡
0680426,北海道,夕張市,富野
0680546,北海道,夕張市,南部青葉町
0680545,北海道,夕張市,南部東町
0680541,北海道,夕張市,南部遠幌町
0680544,北海道,夕張市,南部大宮町
0680546,北海道,夕張市,南部菊水町
0680548,北海道,夕張市,南部幌南町
0680547,北海道,夕張市,南部新光町
0680540,北海道,夕張市,南部住の江町
0680549,北海道,夕張市,南部岳見町
0680542,北海道,夕張市,南部夕南町
0680543,北海道,夕張市,南部若美町
0680751,北海道,夕張市,沼ノ沢
0680753,北海道,夕張市,登川
0680422,北海道,夕張市,日吉
0680407,北海道,夕張市,福住
0680423,北海道,夕張市,平和
0680403,北海道,夕張市,本町
0680752,北海道,夕張市,真谷地
0680536,北海道,夕張市,南清水沢
0680755,北海道,夕張市,紅葉山
0680425,北海道,夕張市,若菜
0680000,北海道,岩見沢市,
0683185,北海道,岩見沢市,朝日町
0680035,北海道,岩見沢市,有明町中央
0680034,北海道,岩見沢市,有明町南
0680829,北海道,岩見沢市,かえで町
0680827,北海道,岩見沢市,春日町
0680847,北海道,岩見沢市,金子町
0680836,北海道,岩見沢市,上志文町
0680057,北海道,岩見沢市,北本町東
0680053,北海道,岩見沢市,北本町西
0680041,北海道,岩見沢市,北一条西
0680042,北海道,岩見沢市,北二条西
0680043,北海道,岩見沢市,北三条西
0680044,北海道,岩見沢市,北四条西
0680045,北海道,岩見沢市,北五条西
0680061,北海道,岩見沢市,北六条西
0681213,北海道,岩見沢市,北村赤川
0681203,北海道,岩見沢市,北村大願
0681204,北海道,岩見沢市,北村栄町
0681212,北海道,岩見沢市,北村中央
0681205,北海道,岩見沢市,北村豊里
0681202,北海道,岩見沢市,北村中小屋
0681214,北海道,岩見沢市,北村美唄達布
0681201,北海道,岩見沢市,北村豊正
0681161,北海道,岩見沢市,北村北都
0681211,北海道,岩見沢市,北村北都
0681215,北海道,岩見沢市,北村幌達布
0680106,北海道,岩見沢市,栗沢町越前
0680112,北海道,岩見沢市,栗沢町上幌
0680133,北海道,岩見沢市,栗沢町加茂川
0680122,北海道,岩見沢市,栗沢町北幸穂
0680121,北海道,岩見沢市,栗沢町北本町
0680135,北海道,岩見沢市,栗沢町岐阜
0680134,北海道,岩見沢市,栗沢町栗丘
0680102,北海道,岩見沢市,栗沢町栗部
0680104,北海道,岩見沢市,栗沢町耕成
0680131,北海道,岩見沢市,栗沢町小西
0680124,北海道,岩見沢市,栗沢町幸穂町
0680105,北海道,岩見沢市,栗沢町自協
0680103,北海道,岩見沢市,栗沢町砺波
0680126,北海道,岩見沢市,栗沢町西本町
0683165,北海道,岩見沢市,栗沢町西万字
0680123,北海道,岩見沢市,栗沢町東本町
0680136,北海道,岩見沢市,栗沢町必成
0680101,北海道,岩見沢市,栗沢町北斗
0680127,北海道,岩見沢市,栗沢町本町
0683154,北海道,岩見沢市,栗沢町万字曙町
0683162,北海道,岩見沢市,栗沢町万字旭町
0683151,北海道,岩見沢市,栗沢町万字大平
0683155,北海道,岩見沢市,栗沢町万字寿町
0683152,北海道,岩見沢市,栗沢町万字幸町
0683158,北海道,岩見沢市,栗沢町万字巴町
0683153,北海道,岩見沢市,栗沢町万字仲町
0683164,北海道,岩見沢市,栗沢町万字錦町
0683163,北海道,岩見沢市,栗沢町万字西原町
0683156,北海道,岩見沢市,栗沢町万字英町
0683159,北海道,岩見沢市,栗沢町万字二見町
0683157,北海道,岩見沢市,栗沢町万字睦町
0680132,北海道,岩見沢市,栗沢町南幸穂
0680125,北海道,岩見沢市,栗沢町南本町
0683161,北海道,岩見沢市,栗沢町宮村
0680113,北海道,岩見沢市,栗沢町宮村
0683183,北海道,岩見沢市,栗沢町美流渡楓町
0683172,北海道,岩見沢市,栗沢町美流渡栄町
0683179,北海道,岩見沢市,栗沢町美流渡桜町
0683177,北海道,岩見沢市,栗沢町美流渡末広町
0683176,北海道,岩見沢市,栗沢町美流渡東栄町
0683178,北海道,岩見沢市,栗沢町美流渡錦町
0683175,北海道,岩見沢市,栗沢町美流渡西町
0683180,北海道,岩見沢市,栗沢町美流渡東町
0683171,北海道,岩見沢市,栗沢町美流渡本町
0683182,北海道,岩見沢市,栗沢町美流渡緑町
0683181,北海道,岩見沢市,栗沢町美流渡南町
0683174,北海道,岩見沢市,栗沢町美流渡吉野町
0683173,北海道,岩見沢市,栗沢町美流渡若葉町
0680115,北海道,岩見沢市,栗沢町最上
0680114,北海道,岩見沢市,栗沢町茂世丑
0680111,北海道,岩見沢市,栗沢町由良
0680834,北海道,岩見沢市,駒園
0680821,北海道,岩見沢市,栄町
0680058,北海道,岩見沢市,桜木一条
0680833,北海道,岩見沢市,志文町
0680841,北海道,岩見沢市,志文本町一条
0680842,北海道,岩見沢市,志文本町二条
0680843,北海道,岩見沢市,志文本町三条
0680844,北海道,岩見沢市,志文本町四条
0680845,北海道,岩見沢市,志文本町五条
0683186,北海道,岩見沢市,清水町
0680846,北海道,岩見沢市,下志文町
0680818,北海道,岩見沢市,並木町
0683187,北海道,岩見沢市,奈良町
0680048,北海道,岩見沢市,西川町
0680828,北海道,岩見沢市,鳩が丘
0680015,北海道,岩見沢市,東町
0680013,北海道,岩見沢市,東町一条
0680014,北海道,岩見沢市,東町二条
0680820,北海道,岩見沢市,東山
0680826,北海道,岩見沢市,東山町
0680823,北海道,岩見沢市,日の出南
0680824,北海道,岩見沢市,日の出北
0680822,北海道,岩見沢市,日の出台
0680825,北海道,岩見沢市,日の出町
0680831,北海道,岩見沢市,ふじ町一条
0680832,北海道,岩見沢市,ふじ町二条
0680837,北海道,岩見沢市,宝水町
0680811,北海道,岩見沢市,美園一条
0680812,北海道,岩見沢市,美園二条
0680813,北海道,岩見沢市,美園三条
0680814,北海道,岩見沢市,美園四条
0680815,北海道,岩見沢市,美園五条
0680816,北海道,岩見沢市,美園六条
0680817,北海道,岩見沢市,美園七条
0680835,北海道,岩見沢市,緑が丘
0680046,北海道,岩見沢市,緑町
0680810,北海道,岩見沢市,南町
0680801,北海道,岩見沢市,南町一条
0680802,北海道,岩見沢市,南町二条
0680803,北海道,岩見沢市,南町三条
0680804,北海道,岩見沢市,南町四条
0680805,北海道,岩見沢市,南町五条
0680806,北海道,岩見沢市,南町六条
0680807,北海道,岩見沢市,南町七条
0680808,北海道,岩見沢市,南町八条
0680809,北海道,岩見沢市,南町九条
0680016,北海道,岩見沢市,稔町
0683188,北海道,岩見沢市,毛陽町
0680054,北海道,岩見沢市,元町一条東
0680051,北海道,岩見沢市,元町一条西
0680055,北海道,岩見沢市,元町二条東
0680052,北海道,岩見沢市,元町二条西
0680056,北海道,岩見沢市,元町三条東
0680851,北海道,岩見沢市,大和一条
0680852,北海道,岩見沢市,大和二条
0680853,北海道,岩見沢市,大和三条
0680854,北海道,岩見沢市,大和四条
0680855,北海道,岩見沢市,大和町
0680830,北海道,岩見沢市,若駒
0680047,北海道,岩見沢市,若松町
0680001,北海道,岩見沢市,一条東
0680021,北海道,岩見沢市,一条西
0680002,北海道,岩見沢市,二条東
0680022,北海道,岩見沢市,二条西
0680003,北海道,岩見沢市,三条東
0680023,北海道,岩見沢市,三条西
0680004,北海道,岩見沢市,四条東
0680024,北海道,岩見沢市,四条西
0680005,北海道,岩見沢市,五条東
0680025,北海道,岩見沢市,五条西
0680006,北海道,岩見沢市,六条東
0680026,北海道,岩見沢市,六条西
0680007,北海道,岩見沢市,七条東
0680027,北海道,岩見沢市,七条西
0680008,北海道,岩見沢市,八条東
0680028,北海道,岩見沢市,八条西
0680009,北海道,岩見沢市,九条東
0680029,北海道,岩見沢市,九条西
0680010,北海道,岩見沢市,十条東
0680030,北海道,岩見沢市,十条西
0680011,北海道,岩見沢市,十一条東
0680031,北海道,岩見沢市,十一条西
0680012,北海道,岩見沢市,十二条東
0680032,北海道,岩見沢市,十二条西
0680033,北海道,岩見沢市,十三条西
0682181,北海道,美唄市,光珠内町南
0682100,北海道,三笠市,
0682151,北海道,三笠市,有明町
0682112,北海道,三笠市,幾春別川向町
0682114,北海道,三笠市,幾春別栗丘町
0682118,北海道,三笠市,幾春別千住町
0682115,北海道,三笠市,幾春別滝見町
0682117,北海道,三笠市,幾春別中島町
0682111,北海道,三笠市,幾春別錦町
0682113,北海道,三笠市,幾春別山手町
0682116,北海道,三笠市,幾春別町
0682164,北海道,三笠市,いちきしり
0682167,北海道,三笠市,大里
0682165,北海道,三笠市,岡山
0682108,北海道,三笠市,柏町
0682101,北海道,三笠市,桂沢
0682166,北海道,三笠市,萱野
0682162,北海道,三笠市,川内
0682105,北海道,三笠市,清住町
0682153,北海道,三笠市,幸町
0682155,北海道,三笠市,榊町
0682154,北海道,三笠市,高美町
0682152,北海道,三笠市,多賀町
0682163,北海道,三笠市,達布
0682158,北海道,三笠市,堤町
0682137,北海道,三笠市,唐松青山町
0682136,北海道,三笠市,唐松栄町
0682131,北海道,三笠市,唐松春光町
0682134,北海道,三笠市,唐松千代田町
0682133,北海道,三笠市,唐松常盤町
0682132,北海道,三笠市,唐松緑町
0682135,北海道,三笠市,唐松町
0682102,北海道,三笠市,西桂沢
0682104,北海道,三笠市,東清住町
0682146,北海道,三笠市,幌内春日町
0682144,北海道,三笠市,幌内金谷町
0682147,北海道,三笠市,幌内新栄町
0682142,北海道,三笠市,幌内住吉町
0682148,北海道,三笠市,幌内初音町
0682143,北海道,三笠市,幌内北星町
0682145,北海道,三笠市,幌内町
0682161,北海道,三笠市,本郷町
0682141,北海道,三笠市,本町
0682103,北海道,三笠市,奔別新町
0682106,北海道,三笠市,美園町
0682156,北海道,三笠市,宮本町
0682168,北海道,三笠市,美和
0682121,北海道,三笠市,弥生桜木町
0682125,北海道,三笠市,弥生橘町
0682122,北海道,三笠市,弥生並木町
0682124,北海道,三笠市,弥生花園町
0682128,北海道,三笠市,弥生藤枝町
0682123,北海道,三笠市,弥生桃山町
0682127,北海道,三笠市,弥生柳町
0682126,北海道,三笠市,弥生町
0682107,北海道,三笠市,若草町
0682157,北海道,三笠市,若松町
0681100,北海道,石狩郡新篠津村,
0681112,北海道,石狩郡新篠津村,あけぼの
0681102,北海道,石狩郡新篠津村,いなほ
0681104,北海道,石狩郡新篠津村,かつら
0681125,北海道,石狩郡新篠津村,上篠津
0681116,北海道,石狩郡新篠津村,上達布
0681123,北海道,石狩郡新篠津村,川上
0681152,北海道,石狩郡新篠津村,川下
0681131,北海道,石狩郡新篠津村,基線
0681134,北海道,石狩郡新篠津村,宍粟
0681136,北海道,石狩郡新篠津村,下達布
0681142,北海道,石狩郡新篠津村,新樺
0681146,北海道,石狩郡新篠津村,新高倉
0681138,北海道,石狩郡新篠津村,新西篠津
0681121,北海道,石狩郡新篠津村,新湧
0681124,北海道,石狩郡新篠津村,高倉
0681144,北海道,石狩郡新篠津村,拓新
0681143,北海道,石狩郡新篠津村,武田
0681111,北海道,石狩郡新篠津村,東明
0681126,北海道,石狩郡新篠津村,豊ケ丘
0681132,北海道,石狩郡新篠津村,豊野
0681137,北海道,石狩郡新篠津村,中篠津
0681153,北海道,石狩郡新篠津村,中原
0681141,北海道,石狩郡新篠津村,西篠津
0681145,北海道,石狩郡新篠津村,西高倉
0681103,北海道,石狩郡新篠津村,西の里
0681151,北海道,石狩郡新篠津村,西原
0681127,北海道,石狩郡新篠津村,沼之端
0681135,北海道,石狩郡新篠津村,袋達布
0681113,北海道,石狩郡新篠津村,ふらわ
0681133,北海道,石狩郡新篠津村,平安
0681122,北海道,石狩郡新篠津村,北新
0681115,北海道,石狩郡新篠津村,みずほ
0681114,北海道,石狩郡新篠津村,南ケ丘
0681105,北海道,石狩郡新篠津村,みのり
0681101,北海道,石狩郡新篠津村,萌出
0680351,北海道,夕張郡栗山町,阿野呂
0680352,北海道,夕張郡栗山町,大井分
0680358,北海道,夕張郡栗山町,桜山
0680361,北海道,夕張郡栗山町,滝下
0680353,北海道,夕張郡栗山町,継立
0680354,北海道,夕張郡栗山町,日出
0680362,北海道,夕張郡栗山町,円山
0680363,北海道,夕張郡栗山町,円山東山
0680355,北海道,夕張郡栗山町,御園
0680356,北海道,夕張郡栗山町,南角田
0680357,北海道,夕張郡栗山町,南学田
0681231,北海道,樺戸郡月形町,雁里
0680492,北海道,夕張市,本町４丁目２番地（夕張郵便局私書箱第３号）
0688688,北海道,岩見沢市,二条西１６丁目１番地（岩見沢郵便局私書箱第３４号）
0688609,北海道,岩見沢市,五条東１５丁目
0688686,北海道,岩見沢市,鳩が丘１丁目１−１（岩見沢郵便局私書箱第２２号）
0688555,北海道,岩見沢市,九条西７丁目２番地
0688511,北海道,岩見沢市,二条東１８丁目１番地
0688650,北海道,岩見沢市,五条東１丁目７番地（岩見沢郵便局私書箱第８号）
0688588,北海道,岩見沢市,大和三条９丁目１４番地
0688639,北海道,岩見沢市,有明町南１番地２０
0688668,北海道,岩見沢市,東町２３４番地
0688660,北海道,岩見沢市,三条西６丁目２番地１（岩見沢郵便局私書箱第１０号）
0688666,北海道,岩見沢市,八条東１丁目３（岩見沢郵便局私書箱第２５号）
0688550,北海道,岩見沢市,八条西５丁目
0688642,北海道,岩見沢市,緑が丘２丁目３４番地
0688558,北海道,岩見沢市,八条西５丁目
0680194,北海道,岩見沢市,栗沢町東本町２１番地
0681292,北海道,岩見沢市,北村赤川５９３番地１号
0682194,北海道,三笠市,宮本町４８９番地１
0682193,北海道,三笠市,若草町４０４番地
0682192,北海道,三笠市,幸町２番地
0681195,北海道,石狩郡新篠津村,８９４番２
0681193,北海道,石狩郡新篠津村,第４７線北１３番地
0681192,北海道,石狩郡新篠津村,第４７線北１３番地
0681194,北海道,石狩郡新篠津村,第４５線北１３番地
