0860061,北海道,根室市,明郷
0860064,北海道,根室市,厚床
0860072,北海道,根室市,川口
0860062,北海道,根室市,湖南
0860074,北海道,根室市,東梅
0860065,北海道,根室市,西厚床
0860076,北海道,根室市,初田牛
0860063,北海道,根室市,東厚床
0860075,北海道,根室市,別当賀
0860071,北海道,根室市,槍昔
0860073,北海道,根室市,酪陽
0860081,北海道,厚岸郡浜中町,厚陽
0860200,北海道,野付郡別海町,
0860213,北海道,野付郡別海町,奥行
0861641,北海道,野付郡別海町,尾岱沼
0861644,北海道,野付郡別海町,尾岱沼潮見町
0861642,北海道,野付郡別海町,尾岱沼岬町
0861643,北海道,野付郡別海町,尾岱沼港町
0860131,北海道,野付郡別海町,上風連
0860655,北海道,野付郡別海町,床丹
0860521,北海道,野付郡別海町,床丹
0860657,北海道,野付郡別海町,豊原
0860654,北海道,野付郡別海町,中春別
0860653,北海道,野付郡別海町,中春別西町
0860651,北海道,野付郡別海町,中春別東町
0860652,北海道,野付郡別海町,中春別南町
0860345,北海道,野付郡別海町,中西別
0860342,北海道,野付郡別海町,中西別朝日町
0860343,北海道,野付郡別海町,中西別光町
0860344,北海道,野付郡別海町,中西別本町
0860341,北海道,野付郡別海町,中西別緑町
0861645,北海道,野付郡別海町,野付
0860523,北海道,野付郡別海町,走古丹
0860216,北海道,野付郡別海町,別海
0860202,北海道,野付郡別海町,別海旭町
0860215,北海道,野付郡別海町,別海川上町
0860211,北海道,野付郡別海町,別海寿町
0860204,北海道,野付郡別海町,別海新栄町
0860212,北海道,野付郡別海町,別海鶴舞町
0860205,北海道,野付郡別海町,別海常盤町
0860203,北海道,野付郡別海町,別海西本町
0860214,北海道,野付郡別海町,別海緑町
0860201,北海道,野付郡別海町,別海宮舞町
0860522,北海道,野付郡別海町,本別海
0860656,北海道,野付郡別海町,美原
0860346,北海道,野付郡別海町,矢臼別
0861100,北海道,標津郡中標津町,
0861159,北海道,標津郡中標津町,青葉台
0861135,北海道,標津郡中標津町,旭ケ丘
0861142,北海道,標津郡中標津町,大通南
0861141,北海道,標津郡中標津町,大通北
0861272,北海道,標津郡中標津町,開陽
0861151,北海道,標津郡中標津町,川西
0861145,北海道,標津郡中標津町,北中
0861152,北海道,標津郡中標津町,北町
0861147,北海道,標津郡中標津町,共立
0861136,北海道,標津郡中標津町,協和
0861153,北海道,標津郡中標津町,桜ケ丘
0861137,北海道,標津郡中標津町,俵橋
0861143,北海道,標津郡中標津町,当幌本通
0861139,北海道,標津郡中標津町,豊岡
0861156,北海道,標津郡中標津町,並美ケ丘
0861157,北海道,標津郡中標津町,西町
0861101,北海道,標津郡中標津町,西１条南
0861121,北海道,標津郡中標津町,西１条北
0861102,北海道,標津郡中標津町,西２条南
0861122,北海道,標津郡中標津町,西２条北
0861103,北海道,標津郡中標津町,西３条南
0861123,北海道,標津郡中標津町,西３条北
0861104,北海道,標津郡中標津町,西４条南
0861124,北海道,標津郡中標津町,西４条北
0861105,北海道,標津郡中標津町,西５条南
0861125,北海道,標津郡中標津町,西５条北
0861106,北海道,標津郡中標津町,西６条南
0861126,北海道,標津郡中標津町,西６条北
0861107,北海道,標津郡中標津町,西７条南
0861127,北海道,標津郡中標津町,西７条北
0861108,北海道,標津郡中標津町,西８条南
0861128,北海道,標津郡中標津町,西８条北
0861109,北海道,標津郡中標津町,西９条南
0861129,北海道,標津郡中標津町,西９条北
0861110,北海道,標津郡中標津町,西１０条南
0861130,北海道,標津郡中標津町,西１０条北
0861111,北海道,標津郡中標津町,西１１条南
0861131,北海道,標津郡中標津町,西１１条北
0861112,北海道,標津郡中標津町,西１２条南
0861132,北海道,標津郡中標津町,西１２条北
0861133,北海道,標津郡中標津町,西１３条北
0861134,北海道,標津郡中標津町,西１４条北
0861001,北海道,標津郡中標津町,東１条南
0861041,北海道,標津郡中標津町,東１条北
0861002,北海道,標津郡中標津町,東２条南
0861042,北海道,標津郡中標津町,東２条北
0861003,北海道,標津郡中標津町,東３条南
0861043,北海道,標津郡中標津町,東３条北
0861004,北海道,標津郡中標津町,東４条南
0861044,北海道,標津郡中標津町,東４条北
0861005,北海道,標津郡中標津町,東５条南
0861045,北海道,標津郡中標津町,東５条北
0861006,北海道,標津郡中標津町,東６条南
0861046,北海道,標津郡中標津町,東６条北
0861007,北海道,標津郡中標津町,東７条南
0861047,北海道,標津郡中標津町,東７条北
0861008,北海道,標津郡中標津町,東８条南
0861048,北海道,標津郡中標津町,東８条北
0861009,北海道,標津郡中標津町,東９条南
0861049,北海道,標津郡中標津町,東９条北
0861010,北海道,標津郡中標津町,東１０条南
0861050,北海道,標津郡中標津町,東１０条北
0861011,北海道,標津郡中標津町,東１１条南
0861051,北海道,標津郡中標津町,東１１条北
0861012,北海道,標津郡中標津町,東１２条南
0861052,北海道,標津郡中標津町,東１２条北
0861013,北海道,標津郡中標津町,東１３条南
0861053,北海道,標津郡中標津町,東１３条北
0861014,北海道,標津郡中標津町,東１４条南
0861054,北海道,標津郡中標津町,東１４条北
0861015,北海道,標津郡中標津町,東１５条南
0861055,北海道,標津郡中標津町,東１５条北
0861016,北海道,標津郡中標津町,東１６条南
0861056,北海道,標津郡中標津町,東１６条北
0861017,北海道,標津郡中標津町,東１７条南
0861057,北海道,標津郡中標津町,東１７条北
0861018,北海道,標津郡中標津町,東１８条南
0861058,北海道,標津郡中標津町,東１８条北
0861019,北海道,標津郡中標津町,東１９条南
0861059,北海道,標津郡中標津町,東１９条北
0861020,北海道,標津郡中標津町,東２０条南
0861060,北海道,標津郡中標津町,東２０条北
0861021,北海道,標津郡中標津町,東２１条南
0861061,北海道,標津郡中標津町,東２１条北
0861022,北海道,標津郡中標津町,東２２条南
0861062,北海道,標津郡中標津町,東２２条北
0861023,北海道,標津郡中標津町,東２３条南
0861063,北海道,標津郡中標津町,東２３条北
0861024,北海道,標津郡中標津町,東２４条南
0861064,北海道,標津郡中標津町,東２４条北
0861025,北海道,標津郡中標津町,東２５条南
0861065,北海道,標津郡中標津町,東２５条北
0861026,北海道,標津郡中標津町,東２６条南
0861066,北海道,標津郡中標津町,東２６条北
0861027,北海道,標津郡中標津町,東２７条南
0861067,北海道,標津郡中標津町,東２７条北
0861028,北海道,標津郡中標津町,東２８条南
0861068,北海道,標津郡中標津町,東２８条北
0861029,北海道,標津郡中標津町,東２９条南
0861069,北海道,標津郡中標津町,東２９条北
0861030,北海道,標津郡中標津町,東３０条南
0861070,北海道,標津郡中標津町,東３０条北
0861031,北海道,標津郡中標津町,東３１条南
0861071,北海道,標津郡中標津町,東３１条北
0861032,北海道,標津郡中標津町,東３２条南
0861072,北海道,標津郡中標津町,東３２条北
0861033,北海道,標津郡中標津町,東３３条南
0861073,北海道,標津郡中標津町,東３３条北
0861034,北海道,標津郡中標津町,東３４条南
0861074,北海道,標津郡中標津町,東３４条北
0861035,北海道,標津郡中標津町,東３５条南
0861075,北海道,標津郡中標津町,東３５条北
0861036,北海道,標津郡中標津町,東３６条南
0861076,北海道,標津郡中標津町,東３６条北
0861037,北海道,標津郡中標津町,東３７条南
0861077,北海道,標津郡中標津町,東３７条北
0861038,北海道,標津郡中標津町,東３８条南
0861078,北海道,標津郡中標津町,東３８条北
0861039,北海道,標津郡中標津町,東３９条南
0861079,北海道,標津郡中標津町,東３９条北
0861080,北海道,標津郡中標津町,東４０条南
0861080,北海道,標津郡中標津町,東４０条北
0861081,北海道,標津郡中標津町,東４１条南
0861081,北海道,標津郡中標津町,東４１条北
0861082,北海道,標津郡中標津町,東４２条南
0861082,北海道,標津郡中標津町,東４２条北
0861144,北海道,標津郡中標津町,東当幌
0861083,北海道,標津郡中標津町,東中
0861163,北海道,標津郡中標津町,俵中
0861273,北海道,標津郡中標津町,俣落
0861164,北海道,標津郡中標津町,丸山
0861148,北海道,標津郡中標津町,緑ケ丘
0861166,北海道,標津郡中標津町,緑町南
0861165,北海道,標津郡中標津町,緑町北
0861150,北海道,標津郡中標津町,南中
0861146,北海道,標津郡中標津町,南町
0861271,北海道,標津郡中標津町,武佐
0861160,北海道,標津郡中標津町,りんどう町
0861600,北海道,標津郡標津町,
0861602,北海道,標津郡標津町,伊茶仁
0861451,北海道,標津郡標津町,川北
0861631,北海道,標津郡標津町,北一条
0861632,北海道,標津郡標津町,北二条
0861633,北海道,標津郡標津町,北三条
0861634,北海道,標津郡標津町,北四条
0861635,北海道,標津郡標津町,北五条
0861636,北海道,標津郡標津町,北六条
0861637,北海道,標津郡標津町,北七条
0861638,北海道,標津郡標津町,北八条
0861639,北海道,標津郡標津町,北九条
0861630,北海道,標津郡標津町,北十条
0861732,北海道,標津郡標津町,薫別
0861731,北海道,標津郡標津町,古多糠
0861733,北海道,標津郡標津町,崎無異
0861622,北海道,標津郡標津町,茶志骨
0861625,北海道,標津郡標津町,茶志骨
0861621,北海道,標津郡標津町,茶志骨
0861623,北海道,標津郡標津町,茶志骨
0861626,北海道,標津郡標津町,茶志骨
0861601,北海道,標津郡標津町,忠類
0861651,北海道,標津郡標津町,南一条
0861652,北海道,標津郡標津町,南二条
0861653,北海道,標津郡標津町,南三条
0861654,北海道,標津郡標津町,南四条
0861655,北海道,標津郡標津町,南五条
0861656,北海道,標津郡標津町,南六条
0861657,北海道,標津郡標津町,南七条
0861658,北海道,標津郡標津町,南八条
0861800,北海道,目梨郡羅臼町,
0861806,北海道,目梨郡羅臼町,相泊
0861842,北海道,目梨郡羅臼町,麻布町
0861815,北海道,目梨郡羅臼町,海岸町
0861843,北海道,目梨郡羅臼町,春日町
0861804,北海道,目梨郡羅臼町,化石浜
0861813,北海道,目梨郡羅臼町,北浜
0861816,北海道,目梨郡羅臼町,共栄町
0861805,北海道,目梨郡羅臼町,崩浜
0861812,北海道,目梨郡羅臼町,昆布浜
0861823,北海道,目梨郡羅臼町,栄町
0861801,北海道,目梨郡羅臼町,知床岬
0861811,北海道,目梨郡羅臼町,瀬石
0861802,北海道,目梨郡羅臼町,滝ノ下
0861836,北海道,目梨郡羅臼町,知昭町
0861831,北海道,目梨郡羅臼町,富士見町
0861803,北海道,目梨郡羅臼町,船泊
0861832,北海道,目梨郡羅臼町,船見町
0861844,北海道,目梨郡羅臼町,幌萌町
0861752,北海道,目梨郡羅臼町,幌萌町
0861833,北海道,目梨郡羅臼町,本町
0861835,北海道,目梨郡羅臼町,松法町
0861814,北海道,目梨郡羅臼町,岬町
0861821,北海道,目梨郡羅臼町,緑町
0861751,北海道,目梨郡羅臼町,峯浜町
0861841,北海道,目梨郡羅臼町,八木浜町
0861822,北海道,目梨郡羅臼町,湯ノ沢町
0861834,北海道,目梨郡羅臼町,礼文町
0861197,北海道,標津郡中標津町,丸山２丁目２２番地（中標津郵便局私書箱第４号）
0861893,北海道,目梨郡羅臼町,船見町２番地の１３
0861892,北海道,目梨郡羅臼町,栄町１００番地の８３
