0880122,北海道,釧路市,音別町あけぼの
0880117,北海道,釧路市,音別町朝日
0880104,北海道,釧路市,音別町音別原野基線（二俣）
0880108,北海道,釧路市,音別町音別原野基線（二俣川向）
0880126,北海道,釧路市,音別町音別原野西（川西）
0880109,北海道,釧路市,音別町音別原野東
0880114,北海道,釧路市,音別町海光
0880123,北海道,釧路市,音別町川東
0880134,北海道,釧路市,音別町キナシ別
0880125,北海道,釧路市,音別町共栄
0880133,北海道,釧路市,音別町尺別
0880132,北海道,釧路市,音別町尺別（岐線）
0880107,北海道,釧路市,音別町チヤンベツ
0880135,北海道,釧路市,音別町直別
0880102,北海道,釧路市,音別町中音別（光和）
0880112,北海道,釧路市,音別町中音別（チノミ台）
0880103,北海道,釧路市,音別町中音別（北栄）
0880118,北海道,釧路市,音別町中音別（その他）
0880116,北海道,釧路市,音別町中園
0880106,北海道,釧路市,音別町ヌプキベツ
0880131,北海道,釧路市,音別町ノトロ
0880101,北海道,釧路市,音別町馬主来
0880111,北海道,釧路市,音別町パシクル湖畔
0880113,北海道,釧路市,音別町風連
0880124,北海道,釧路市,音別町緑町
0880105,北海道,釧路市,音別町ムリ
0880115,北海道,釧路市,音別町本町
0880121,北海道,釧路市,音別町若草
0881782,北海道,根室市,落石東
0881781,北海道,根室市,落石西
0881784,北海道,根室市,昆布盛
0881785,北海道,根室市,長節
0881783,北海道,根室市,浜松
0880181,北海道,十勝郡浦幌町,直別
0880600,北海道,釧路郡釧路町,
0880616,北海道,釧路郡釧路町,曙
0882154,北海道,釧路郡釧路町,柏東
0882155,北海道,釧路郡釧路町,柏西
0880626,北海道,釧路郡釧路町,桂
0880621,北海道,釧路郡釧路町,桂木
0882143,北海道,釧路郡釧路町,河畔
0880601,北海道,釧路郡釧路町,上別保原野
0880612,北海道,釧路郡釧路町,雁来
0880625,北海道,釧路郡釧路町,北見団地
0880622,北海道,釧路郡釧路町,木場
0880609,北海道,釧路郡釧路町,共和
0880623,北海道,釧路郡釧路町,光和
0880614,北海道,釧路郡釧路町,国誉
0880624,北海道,釧路郡釧路町,新開
0880833,北海道,釧路郡釧路町,仙鳳趾村（老者舞）
0880835,北海道,釧路郡釧路町,仙鳳趾村（オタクパウシ）
0880834,北海道,釧路郡釧路町,仙鳳趾村（汐見）
0880831,北海道,釧路郡釧路町,仙鳳趾村（仙鳳趾）
0880832,北海道,釧路郡釧路町,仙鳳趾村（知方学）
0880608,北海道,釧路郡釧路町,釧望台
0882141,北海道,釧路郡釧路町,達古武
0880606,北海道,釧路郡釧路町,中央
0880628,北海道,釧路郡釧路町,東陽大通西
0880627,北海道,釧路郡釧路町,東陽西
0882142,北海道,釧路郡釧路町,遠野
0882145,北海道,釧路郡釧路町,遠矢
0882156,北海道,釧路郡釧路町,遠矢南
0880607,北海道,釧路郡釧路町,床丹
0880618,北海道,釧路郡釧路町,富原
0880611,北海道,釧路郡釧路町,豊美
0882144,北海道,釧路郡釧路町,鳥里
0882148,北海道,釧路郡釧路町,鳥通
0882147,北海道,釧路郡釧路町,鳥通東
0882146,北海道,釧路郡釧路町,鳥通西
0882152,北海道,釧路郡釧路町,南陽台
0880604,北海道,釧路郡釧路町,別保
0880605,北海道,釧路郡釧路町,別保原野
0880602,北海道,釧路郡釧路町,別保東
0880603,北海道,釧路郡釧路町,別保南
0880617,北海道,釧路郡釧路町,北都
0882140,北海道,釧路郡釧路町,細岡
0882153,北海道,釧路郡釧路町,緑
0880615,北海道,釧路郡釧路町,睦
0882151,北海道,釧路郡釧路町,よし野
0880613,北海道,釧路郡釧路町,若葉
0882157,北海道,釧路郡釧路町,わらび
0881100,北海道,厚岸郡厚岸町,
0881113,北海道,厚岸郡厚岸町,愛冠
0881112,北海道,厚岸郡厚岸町,有明
0881101,北海道,厚岸郡厚岸町,糸魚沢
0881131,北海道,厚岸郡厚岸町,太田
0881133,北海道,厚岸郡厚岸町,太田宏陽
0881132,北海道,厚岸郡厚岸町,太田東
0881134,北海道,厚岸郡厚岸町,太田西
0881130,北海道,厚岸郡厚岸町,太田南
0881135,北海道,厚岸郡厚岸町,太田北
0881141,北海道,厚岸郡厚岸町,太田１の通り
0881142,北海道,厚岸郡厚岸町,太田２の通り
0881143,北海道,厚岸郡厚岸町,太田３の通り
0881144,北海道,厚岸郡厚岸町,太田４の通り
0881145,北海道,厚岸郡厚岸町,太田５の通り
0881146,北海道,厚岸郡厚岸町,太田６の通り
0881147,北海道,厚岸郡厚岸町,太田７の通り
0881148,北海道,厚岸郡厚岸町,太田８の通り
0881149,北海道,厚岸郡厚岸町,太田９の通り
0881136,北海道,厚岸郡厚岸町,大別
0880876,北海道,厚岸郡厚岸町,沖万別
0881117,北海道,厚岸郡厚岸町,御供
0880873,北海道,厚岸郡厚岸町,乙幌
0880871,北海道,厚岸郡厚岸町,尾幌
0881137,北海道,厚岸郡厚岸町,片無去
0880771,北海道,厚岸郡厚岸町,上尾幌
0881101,北海道,厚岸郡厚岸町,神岩
0881129,北海道,厚岸郡厚岸町,光栄
0881103,北海道,厚岸郡厚岸町,小島
0881139,北海道,厚岸郡厚岸町,サッテベツ
0881140,北海道,厚岸郡厚岸町,サンヌシ
0881125,北海道,厚岸郡厚岸町,白浜
0881151,北海道,厚岸郡厚岸町,真栄
0881119,北海道,厚岸郡厚岸町,住の江
0881138,北海道,厚岸郡厚岸町,セタニウシ
0881104,北海道,厚岸郡厚岸町,大黒島
0881101,北海道,厚岸郡厚岸町,チライカリベツ
0881108,北海道,厚岸郡厚岸町,筑紫恋
0881106,北海道,厚岸郡厚岸町,東梅
0881102,北海道,厚岸郡厚岸町,登喜岱
0881107,北海道,厚岸郡厚岸町,床潭
0880875,北海道,厚岸郡厚岸町,苫多
0881389,北海道,厚岸郡厚岸町,トライベツ
0881115,北海道,厚岸郡厚岸町,梅香
0880877,北海道,厚岸郡厚岸町,敏内
0881101,北海道,厚岸郡厚岸町,別寒辺牛
0881101,北海道,厚岸郡厚岸町,ホロニタイ
0881111,北海道,厚岸郡厚岸町,奔渡
0881116,北海道,厚岸郡厚岸町,松葉
0881105,北海道,厚岸郡厚岸町,末広
0881128,北海道,厚岸郡厚岸町,港町
0881124,北海道,厚岸郡厚岸町,宮園
0880874,北海道,厚岸郡厚岸町,門静（４丁目５５〜１１４番地）
0881126,北海道,厚岸郡厚岸町,門静（その他）
0881120,北海道,厚岸郡厚岸町,山の手
0880872,北海道,厚岸郡厚岸町,来別
0880878,北海道,厚岸郡厚岸町,ルークシュポール
0881118,北海道,厚岸郡厚岸町,若竹
0881118,北海道,厚岸郡厚岸町,若竹町
0881101,北海道,厚岸郡厚岸町,若松
0881114,北海道,厚岸郡厚岸町,湾月
0881500,北海道,厚岸郡浜中町,
0881406,北海道,厚岸郡浜中町,赤泊
0881403,北海道,厚岸郡浜中町,アザラップ
0881646,北海道,厚岸郡浜中町,姉別（丁目）
0881641,北海道,厚岸郡浜中町,姉別基線
0881648,北海道,厚岸郡浜中町,姉別北
0881647,北海道,厚岸郡浜中町,姉別南
0881649,北海道,厚岸郡浜中町,姉別緑栄
0881301,北海道,厚岸郡浜中町,一番沢
0881406,北海道,厚岸郡浜中町,羨古丹
0881644,北海道,厚岸郡浜中町,恵茶人
0881371,北海道,厚岸郡浜中町,円朱別西
0881408,北海道,厚岸郡浜中町,大津屋沢
0881561,北海道,厚岸郡浜中町,霧多布湿原
0881551,北海道,厚岸郡浜中町,霧多布西一条
0881552,北海道,厚岸郡浜中町,霧多布西二条
0881553,北海道,厚岸郡浜中町,霧多布西三条
0881554,北海道,厚岸郡浜中町,霧多布西四条
0881511,北海道,厚岸郡浜中町,霧多布東一条
0881512,北海道,厚岸郡浜中町,霧多布東二条
0881513,北海道,厚岸郡浜中町,霧多布東三条
0881514,北海道,厚岸郡浜中町,霧多布東四条
0881486,北海道,厚岸郡浜中町,熊牛
0881401,北海道,厚岸郡浜中町,榊町
0881407,北海道,厚岸郡浜中町,榊町西
0881303,北海道,厚岸郡浜中町,三番沢
0881402,北海道,厚岸郡浜中町,後静
0881412,北海道,厚岸郡浜中町,後静村（熊牛原野）
0881526,北海道,厚岸郡浜中町,新川
0881528,北海道,厚岸郡浜中町,新川西
0881527,北海道,厚岸郡浜中町,新川東
0881645,北海道,厚岸郡浜中町,仙鳳趾
0881367,北海道,厚岸郡浜中町,茶内旭
0881368,北海道,厚岸郡浜中町,茶内基線
0881366,北海道,厚岸郡浜中町,茶内橋北西
0881365,北海道,厚岸郡浜中町,茶内橋北東
0881363,北海道,厚岸郡浜中町,茶内栄
0881369,北海道,厚岸郡浜中町,茶内西
0881368,北海道,厚岸郡浜中町,茶内東１線
0881368,北海道,厚岸郡浜中町,茶内東２線
0881487,北海道,厚岸郡浜中町,茶内東３線
0881487,北海道,厚岸郡浜中町,茶内東４線
0881487,北海道,厚岸郡浜中町,茶内東５線
0881487,北海道,厚岸郡浜中町,茶内東６線
0881361,北海道,厚岸郡浜中町,茶内緑
0881362,北海道,厚岸郡浜中町,茶内本町
0881364,北海道,厚岸郡浜中町,茶内若葉
0881360,北海道,厚岸郡浜中町,散布村（北の沢）
0881522,北海道,厚岸郡浜中町,湯沸
0881571,北海道,厚岸郡浜中町,道有林
0881531,北海道,厚岸郡浜中町,仲の浜
0881370,北海道,厚岸郡浜中町,西円朱別西
0881302,北海道,厚岸郡浜中町,二番沢
0881409,北海道,厚岸郡浜中町,走古潭
0881485,北海道,厚岸郡浜中町,浜中
0881536,北海道,厚岸郡浜中町,火散布
0881532,北海道,厚岸郡浜中町,琵琶瀬
0881525,北海道,厚岸郡浜中町,暮帰別西
0881524,北海道,厚岸郡浜中町,暮帰別東
0881403,北海道,厚岸郡浜中町,幌戸
0881405,北海道,厚岸郡浜中町,奔幌戸
0881537,北海道,厚岸郡浜中町,丸山散布
0881404,北海道,厚岸郡浜中町,ムギカラシナイ
0881643,北海道,厚岸郡浜中町,貰人
0881538,北海道,厚岸郡浜中町,藻散布
0881535,北海道,厚岸郡浜中町,養老散布
0881402,北海道,厚岸郡浜中町,横浜
0881304,北海道,厚岸郡浜中町,四番沢
0881306,北海道,厚岸郡浜中町,六番沢
0881534,北海道,厚岸郡浜中町,渡散布
0882300,北海道,川上郡標茶町,
0882301,北海道,川上郡標茶町,旭
0882305,北海道,川上郡標茶町,麻生
0882271,北海道,川上郡標茶町,阿歴内
0882272,北海道,川上郡標茶町,阿歴内原野
0883157,北海道,川上郡標茶町,磯分内憩
0883149,北海道,川上郡標茶町,磯分内乙西
0883151,北海道,川上郡標茶町,磯分内上
0883152,北海道,川上郡標茶町,磯分内協盛
0883153,北海道,川上郡標茶町,磯分内小林
0883147,北海道,川上郡標茶町,磯分内市街
0883146,北海道,川上郡標茶町,磯分内下
0883143,北海道,川上郡標茶町,磯分内美幌
0883155,北海道,川上郡標茶町,磯分内平泉
0883148,北海道,川上郡標茶町,磯分内福島
0883156,北海道,川上郡標茶町,磯分内平和
0882262,北海道,川上郡標茶町,ウライヤ
0882331,北海道,川上郡標茶町,オソツベツ
0882311,北海道,川上郡標茶町,開運
0883142,北海道,川上郡標茶町,上磯分内
0882333,北海道,川上郡標茶町,上オソツベツ
0882339,北海道,川上郡標茶町,上多和
0882321,北海道,川上郡標茶町,上チャンベツ
0882266,北海道,川上郡標茶町,茅沼
0882312,北海道,川上郡標茶町,川上
0882275,北海道,川上郡標茶町,北片無去
0882337,北海道,川上郡標茶町,北標茶
0882380,北海道,川上郡標茶町,クチョロ原野
0883145,北海道,川上郡標茶町,熊牛原野
0882334,北海道,川上郡標茶町,厚生
0882335,北海道,川上郡標茶町,五十石
0882388,北海道,川上郡標茶町,コッタロ
0882266,北海道,川上郡標茶町,コツタロ原野
0883154,北海道,川上郡標茶町,栄（１４５、１６９番地）
0882337,北海道,川上郡標茶町,栄（その他）
0882303,北海道,川上郡標茶町,桜
0882314,北海道,川上郡標茶町,標茶
0882331,北海道,川上郡標茶町,下オソツベツ
0882323,北海道,川上郡標茶町,下チャンベツ
0882265,北海道,川上郡標茶町,シラルトロ
0882273,北海道,川上郡標茶町,西和
0883141,北海道,川上郡標茶町,多和（１２０番地）
0882339,北海道,川上郡標茶町,多和（その他）
0882265,北海道,川上郡標茶町,塘路（３２番地）
0882261,北海道,川上郡標茶町,塘路（その他）
0882264,北海道,川上郡標茶町,塘路原野
0882313,北海道,川上郡標茶町,常盤
0882332,北海道,川上郡標茶町,中オソツベツ
0882382,北海道,川上郡標茶町,中久著呂
0882381,北海道,川上郡標茶町,中久著呂市街
0883144,北海道,川上郡標茶町,中多和
0882322,北海道,川上郡標茶町,中チャンベツ
0882462,北海道,川上郡標茶町,虹別
0882463,北海道,川上郡標茶町,虹別（上虹）
0882464,北海道,川上郡標茶町,虹別（中虹）
0882465,北海道,川上郡標茶町,虹別（萩野）
0882461,北海道,川上郡標茶町,虹別市街
0882389,北海道,川上郡標茶町,ヌマオロ原野
0882263,北海道,川上郡標茶町,沼ノ上
0882274,北海道,川上郡標茶町,東阿歴内
0882302,北海道,川上郡標茶町,富士
0882304,北海道,川上郡標茶町,平和
0882338,北海道,川上郡標茶町,南標茶
0882324,北海道,川上郡標茶町,雷別
0882336,北海道,川上郡標茶町,ルルラン
0883200,北海道,川上郡弟子屈町,
0883204,北海道,川上郡弟子屈町,朝日
0883463,北海道,川上郡弟子屈町,アトサヌプリ原野
0883461,北海道,川上郡弟子屈町,跡佐登
0883461,北海道,川上郡弟子屈町,跡佐登原野
0883351,北海道,川上郡弟子屈町,池の湯
0883212,北海道,川上郡弟子屈町,泉
0883226,北海道,川上郡弟子屈町,奥オソベツ
0883228,北海道,川上郡弟子屈町,奥春別
0883227,北海道,川上郡弟子屈町,重内
0883462,北海道,川上郡弟子屈町,川湯駅前
0883465,北海道,川上郡弟子屈町,川湯温泉
0883341,北海道,川上郡弟子屈町,屈斜路
0883341,北海道,川上郡弟子屈町,屈斜路原野
0883351,北海道,川上郡弟子屈町,屈斜路市街地
0883214,北海道,川上郡弟子屈町,高栄
0883351,北海道,川上郡弟子屈町,古丹
0883213,北海道,川上郡弟子屈町,桜丘
0883332,北海道,川上郡弟子屈町,札友内
0883332,北海道,川上郡弟子屈町,札友内原野
0883464,北海道,川上郡弟子屈町,サワンチサップ
0883202,北海道,川上郡弟子屈町,鈴蘭
0883351,北海道,川上郡弟子屈町,砂湯
0883211,北海道,川上郡弟子屈町,中央
0883222,北海道,川上郡弟子屈町,弟子屈原野
0883221,北海道,川上郡弟子屈町,鐺別
0883221,北海道,川上郡弟子屈町,鐺別原野
0883223,北海道,川上郡弟子屈町,仁多
0883331,北海道,川上郡弟子屈町,美留和
0883331,北海道,川上郡弟子屈町,美留和原野
0883224,北海道,川上郡弟子屈町,平和
0883201,北海道,川上郡弟子屈町,摩周
0883215,北海道,川上郡弟子屈町,美里
0883271,北海道,川上郡弟子屈町,南弟子屈
0883225,北海道,川上郡弟子屈町,最栄利別
0883203,北海道,川上郡弟子屈町,湯の島
0880300,北海道,白糠郡白糠町,
0880585,北海道,白糠郡白糠町,暁
0880353,北海道,白糠郡白糠町,大沢
0880341,北海道,白糠郡白糠町,大苗
0880353,北海道,白糠郡白糠町,大平
0880561,北海道,白糠郡白糠町,大楽毛
0880342,北海道,白糠郡白糠町,御札部
0880342,北海道,白糠郡白糠町,御仁田
0880583,北海道,白糠郡白糠町,上庶路
0880343,北海道,白糠郡白糠町,上茶路
0880352,北海道,白糠郡白糠町,川島
0880353,北海道,白糠郡白糠町,河原
0880342,北海道,白糠郡白糠町,川西
0880351,北海道,白糠郡白糠町,橋西
0880353,北海道,白糠郡白糠町,恋隠
0880562,北海道,白糠郡白糠町,コイトイ
0880562,北海道,白糠郡白糠町,恋問
0880569,北海道,白糠郡白糠町,工業団地
0880351,北海道,白糠郡白糠町,坂の丘
0880305,北海道,白糠郡白糠町,刺牛
0880341,北海道,白糠郡白糠町,下茶路
0880351,北海道,白糠郡白糠町,下和天別
0880567,北海道,白糠郡白糠町,庶路
0880566,北海道,白糠郡白糠町,庶路（宮下）
0880564,北海道,白糠郡白糠町,庶路（１区）
0880565,北海道,白糠郡白糠町,庶路（２区）
0880563,北海道,白糠郡白糠町,庶路甲区
0880568,北海道,白糠郡白糠町,庶路乙区
0880586,北海道,白糠郡白糠町,庶路東
0880587,北海道,白糠郡白糠町,庶路西
0880560,北海道,白糠郡白糠町,庶路宮下
0880343,北海道,白糠郡白糠町,新縫別
0880341,北海道,白糠郡白糠町,相互
0880352,北海道,白糠郡白糠町,大秋
0880342,北海道,白糠郡白糠町,高台
0880342,北海道,白糠郡白糠町,鍛高
0880581,北海道,白糠郡白糠町,乳呑
0880342,北海道,白糠郡白糠町,茶路（共栄）
0880584,北海道,白糠郡白糠町,泊別
0880582,北海道,白糠郡白糠町,中庶路
0880342,北海道,白糠郡白糠町,中茶路
0880353,北海道,白糠郡白糠町,中和天別
0880572,北海道,白糠郡白糠町,西庶路西一条南
0880571,北海道,白糠郡白糠町,西庶路西一条北
0880572,北海道,白糠郡白糠町,西庶路西二条南
0880571,北海道,白糠郡白糠町,西庶路西二条北
0880572,北海道,白糠郡白糠町,西庶路西三条南
0880571,北海道,白糠郡白糠町,西庶路西三条北
0880572,北海道,白糠郡白糠町,西庶路西四条南
0880572,北海道,白糠郡白糠町,西庶路西五条南
0880574,北海道,白糠郡白糠町,西庶路東一条南
0880573,北海道,白糠郡白糠町,西庶路東一条北
0880574,北海道,白糠郡白糠町,西庶路東二条南
0880573,北海道,白糠郡白糠町,西庶路東二条北
0880574,北海道,白糠郡白糠町,西庶路東三条南
0880573,北海道,白糠郡白糠町,西庶路東三条北
0880575,北海道,白糠郡白糠町,西庶路学園通
0880341,北海道,白糠郡白糠町,西茶路
0880311,北海道,白糠郡白糠町,西一条南
0880321,北海道,白糠郡白糠町,西一条北
0880312,北海道,白糠郡白糠町,西二条南
0880322,北海道,白糠郡白糠町,西二条北
0880325,北海道,白糠郡白糠町,西三条北
0880323,北海道,白糠郡白糠町,西四条北
0880324,北海道,白糠郡白糠町,西五条北
0880326,北海道,白糠郡白糠町,西六条北
0880343,北海道,白糠郡白糠町,縫別
0880352,北海道,白糠郡白糠町,馬主来
0880341,北海道,白糠郡白糠町,東茶路
0880301,北海道,白糠郡白糠町,東一条南
0880331,北海道,白糠郡白糠町,東一条北
0880302,北海道,白糠郡白糠町,東二条南
0880332,北海道,白糠郡白糠町,東二条北
0880303,北海道,白糠郡白糠町,東三条南
0880333,北海道,白糠郡白糠町,東三条北
0880344,北海道,白糠郡白糠町,左股
0880344,北海道,白糠郡白糠町,二股
0880353,北海道,白糠郡白糠町,本郷
0880342,北海道,白糠郡白糠町,松川
0880344,北海道,白糠郡白糠町,右股
0880304,北海道,白糠郡白糠町,岬
0880352,北海道,白糠郡白糠町,緑
0880343,北海道,白糠郡白糠町,南大曲
0880343,北海道,白糠郡白糠町,南上茶路
0880351,北海道,白糠郡白糠町,和天別
0882578,北海道,野付郡別海町,泉川
0882725,北海道,野付郡別海町,上春別
0882722,北海道,野付郡別海町,上春別旭町
0882724,北海道,野付郡別海町,上春別栄町
0882721,北海道,野付郡別海町,上春別緑町
0882723,北海道,野付郡別海町,上春別南町
0882601,北海道,野付郡別海町,大成
0882576,北海道,野付郡別海町,西春別
0882566,北海道,野付郡別海町,西春別駅前曙町
0882561,北海道,野付郡別海町,西春別駅前柏町
0882565,北海道,野付郡別海町,西春別駅前寿町
0882562,北海道,野付郡別海町,西春別駅前栄町
0882563,北海道,野付郡別海町,西春別駅前錦町
0882564,北海道,野付郡別海町,西春別駅前西町
0882572,北海道,野付郡別海町,西春別清川町
0882571,北海道,野付郡別海町,西春別幸町
0882574,北海道,野付郡別海町,西春別昭栄町
0882573,北海道,野付郡別海町,西春別本久町
0882575,北海道,野付郡別海町,西春別宮園町
0882602,北海道,野付郡別海町,本別
0882577,北海道,野付郡別海町,矢臼別（４０の１番地、４１の２番地）
0882683,北海道,標津郡中標津町,上標津
0882682,北海道,標津郡中標津町,計根別
0882681,北海道,標津郡中標津町,当幌
0882685,北海道,標津郡中標津町,西竹
0882686,北海道,標津郡中標津町,俣落（１６２９−１、１６５３−３、１６８４−５、１８８６−２、１８９３、
0882686,北海道,標津郡中標津町,１８９６−２、１８９６−３、１９０６−８、１９３２−２、１９３６、
0882686,北海道,標津郡中標津町,１９３６−２、１９５１−２、１９５６−２、１９６７−２、１９８０−２、
0882686,北海道,標津郡中標津町,１９９７−３、２０００−２、２０００−８、２００３、２０１５−４、
0882686,北海道,標津郡中標津町,２０２３−２、２０３８−２、２２５３−２、２２５３−５、２２５３−２１、
0882686,北海道,標津郡中標津町,２２５３−２４、２２５３−３５、２２５３−６３）
0882684,北海道,標津郡中標津町,養老牛
0880193,北海道,釧路市,音別町朝日１丁目１３
0880192,北海道,釧路市,音別町本町１丁目４０
0880692,北海道,釧路郡釧路町,別保１丁目１
0881192,北海道,厚岸郡厚岸町,真栄３丁目１番地
0881193,北海道,厚岸郡厚岸町,真栄１丁目１６９番地
0881195,北海道,厚岸郡厚岸町,住の江１丁目１番地
0881592,北海道,厚岸郡浜中町,霧多布東四条１丁目３５番地１
0883292,北海道,川上郡弟子屈町,中央２丁目３番１号
0883293,北海道,川上郡弟子屈町,奥春別原野４５線西１００−４７
0883395,北海道,川上郡弟子屈町,字屈斜路３３６番地１号
0880394,北海道,白糠郡白糠町,岬１丁目２−４２
0880395,北海道,白糠郡白糠町,東一条南２丁目
0880393,北海道,白糠郡白糠町,西一条北２丁目２−２３
0880392,北海道,白糠郡白糠町,西一条南１丁目１番地１号（白糠郵便局私書箱第６号）
0880595,北海道,白糠郡白糠町,庶路甲区６−５７７
0880598,北海道,白糠郡白糠町,庶路甲区６−５８４
0880592,北海道,白糠郡白糠町,西庶路東三条北３丁目
0882592,北海道,野付郡別海町,西春別駅前寿町１５番地
0882593,北海道,野付郡別海町,西春別４２−１
