2380000,神奈川県,横須賀市,
2380033,神奈川県,横須賀市,阿部倉
2380048,神奈川県,横須賀市,安針台
2380035,神奈川県,横須賀市,池上
2380003,神奈川県,横須賀市,稲岡町
2380051,神奈川県,横須賀市,不入斗町
2380017,神奈川県,横須賀市,上町
2380311,神奈川県,横須賀市,太田和
2380008,神奈川県,横須賀市,大滝町
2380024,神奈川県,横須賀市,大矢部
2380004,神奈川県,横須賀市,小川町
2380034,神奈川県,横須賀市,金谷
2380031,神奈川県,横須賀市,衣笠栄町
2380025,神奈川県,横須賀市,衣笠町
2380022,神奈川県,横須賀市,公郷町
2380002,神奈川県,横須賀市,楠ケ浦町
2380026,神奈川県,横須賀市,小矢部
2380043,神奈川県,横須賀市,坂本町
2380052,神奈川県,横須賀市,佐野町
2380019,神奈川県,横須賀市,猿島
2380042,神奈川県,横須賀市,汐入町
2380054,神奈川県,横須賀市,汐見台
2380005,神奈川県,横須賀市,新港町
2380314,神奈川県,横須賀市,須軽谷
2380313,神奈川県,横須賀市,武
2380015,神奈川県,横須賀市,田戸台
2380056,神奈川県,横須賀市,鶴が丘
2380001,神奈川県,横須賀市,泊町
2380316,神奈川県,横須賀市,長井
2380046,神奈川県,横須賀市,西逸見町
2380315,神奈川県,横須賀市,林
2380045,神奈川県,横須賀市,東逸見町
2380006,神奈川県,横須賀市,日の出町
2380032,神奈川県,横須賀市,平作
2380016,神奈川県,横須賀市,深田台
2380021,神奈川県,横須賀市,富士見町
2380013,神奈川県,横須賀市,平成町
2380055,神奈川県,横須賀市,平和台
2380044,神奈川県,横須賀市,逸見が丘
2380053,神奈川県,横須賀市,望洋台
2380041,神奈川県,横須賀市,本町
2380018,神奈川県,横須賀市,緑が丘
2380014,神奈川県,横須賀市,三春町
2380317,神奈川県,横須賀市,御幸浜
2380023,神奈川県,横須賀市,森崎
2380012,神奈川県,横須賀市,安浦町
2380312,神奈川県,横須賀市,山科台
2380036,神奈川県,横須賀市,山中町
2380047,神奈川県,横須賀市,吉倉町
2380011,神奈川県,横須賀市,米が浜通
2380007,神奈川県,横須賀市,若松町
2380200,神奈川県,三浦市,
2380246,神奈川県,三浦市,尾上町
2380245,神奈川県,三浦市,海外町
2380222,神奈川県,三浦市,岬陽町
2380236,神奈川県,三浦市,栄町
2380244,神奈川県,三浦市,白石町
2380235,神奈川県,三浦市,城山町
2380234,神奈川県,三浦市,諏訪町
2380241,神奈川県,三浦市,天神町
2380113,神奈川県,三浦市,初声町入江
2380115,神奈川県,三浦市,初声町高円坊
2380111,神奈川県,三浦市,初声町下宮田
2380112,神奈川県,三浦市,初声町三戸
2380114,神奈川県,三浦市,初声町和田
2380223,神奈川県,三浦市,原町
2380232,神奈川県,三浦市,晴海町
2380242,神奈川県,三浦市,東岡町
2380243,神奈川県,三浦市,三崎
2380225,神奈川県,三浦市,三崎町小網代
2380237,神奈川県,三浦市,三崎町城ケ島
2380221,神奈川県,三浦市,三崎町六合
2380224,神奈川県,三浦市,三崎町諸磯
2380103,神奈川県,三浦市,南下浦町金田
2380101,神奈川県,三浦市,南下浦町上宮田
2380102,神奈川県,三浦市,南下浦町菊名
2380105,神奈川県,三浦市,南下浦町毘沙門
2380104,神奈川県,三浦市,南下浦町松輪
2380231,神奈川県,三浦市,宮川町
2380233,神奈川県,三浦市,向ケ崎町
2388522,神奈川県,横須賀市,平成町１丁目１０−１
2388580,神奈川県,横須賀市,稲岡町８２
2388570,神奈川県,横須賀市,小川町１番地２３
2388535,神奈川県,横須賀市,新港町１番地８
2388511,神奈川県,横須賀市,稲岡町８２
2388588,神奈川県,横須賀市,小矢部２丁目２３−１
2388616,神奈川県,横須賀市,大滝町２丁目２（横須賀郵便局私書箱第１６号）
2388520,神奈川県,横須賀市,大滝町２丁目６
2388541,神奈川県,横須賀市,本町２丁目１−１２
2388686,神奈川県,横須賀市,大滝町１丁目２８（横須賀郵便局私書箱第２５号）
2388533,神奈川県,横須賀市,若松町２丁目３０
2388558,神奈川県,横須賀市,米が浜通１丁目１６
2388550,神奈川県,横須賀市,小川町１１
2388585,神奈川県,横須賀市,小川町１
2388567,神奈川県,横須賀市,上町２丁目３６
2388565,神奈川県,横須賀市,上町３丁目１
2388513,神奈川県,横須賀市,田戸台３番地
2388540,神奈川県,横須賀市,田戸台３番地
2388510,神奈川県,横須賀市,田戸台３
2388536,神奈川県,横須賀市,日の出町１丁目４番地
2380292,神奈川県,三浦市,尾上町１８
2380298,神奈川県,三浦市,城山町１−１
