3000000,茨城県,土浦市,
3000818,茨城県,土浦市,天川
3000873,茨城県,土浦市,荒川沖
3000871,茨城県,土浦市,荒川沖東
3000874,茨城県,土浦市,荒川沖西
3000877,茨城県,土浦市,荒川本郷
3000035,茨城県,土浦市,有明町
3000002,茨城県,土浦市,粟野町
3000802,茨城県,土浦市,飯田
3000047,茨城県,土浦市,生田町
3000007,茨城県,土浦市,板谷
3000001,茨城県,土浦市,今泉
3000835,茨城県,土浦市,大岩田
3004103,茨城県,土浦市,大志戸
3000028,茨城県,土浦市,おおつ野
3000044,茨城県,土浦市,大手町
3004111,茨城県,土浦市,大畑
3000038,茨城県,土浦市,大町
3000872,茨城県,土浦市,沖新田
3000023,茨城県,土浦市,沖宿町
3004106,茨城県,土浦市,小高
3000844,茨城県,土浦市,乙戸
3000845,茨城県,土浦市,乙戸南
3004108,茨城県,土浦市,小野
3000846,茨城県,土浦市,小山田
3000847,茨城県,土浦市,卸町
3000008,茨城県,土浦市,笠師町
3000804,茨城県,土浦市,粕毛
3000825,茨城県,土浦市,霞ケ岡町
3004114,茨城県,土浦市,上坂田
3000811,茨城県,土浦市,上高津
3000819,茨城県,土浦市,上高津新町
3000836,茨城県,土浦市,烏山
3000033,茨城県,土浦市,川口
3000011,茨城県,土浦市,神立中央
3000013,茨城県,土浦市,神立町
3000012,茨城県,土浦市,神立東
3000876,茨城県,土浦市,北荒川沖町
3000015,茨城県,土浦市,北神立町
3000026,茨城県,土浦市,木田余
3000056,茨城県,土浦市,木田余西台
3000027,茨城県,土浦市,木田余東台
3000831,茨城県,土浦市,小岩田
3000834,茨城県,土浦市,小岩田東
3000833,茨城県,土浦市,小岩田西
3000814,茨城県,土浦市,国分町
3000032,茨城県,土浦市,湖北
3000823,茨城県,土浦市,小松
3000826,茨城県,土浦市,小松ケ丘町
3000004,茨城県,土浦市,小山崎
3000832,茨城県,土浦市,桜ケ丘町
3000037,茨城県,土浦市,桜町
3000803,茨城県,土浦市,佐野子
3004104,茨城県,土浦市,沢辺
3000805,茨城県,土浦市,宍塚
3004113,茨城県,土浦市,下坂田
3000812,茨城県,土浦市,下高津
3000042,茨城県,土浦市,城北町
3000022,茨城県,土浦市,白鳥町
3000021,茨城県,土浦市,菅谷町
3000046,茨城県,土浦市,千束町
3004117,茨城県,土浦市,高岡
3000839,茨城県,土浦市,滝田
3000041,茨城県,土浦市,立田町
3004118,茨城県,土浦市,田土部
3000048,茨城県,土浦市,田中
3000049,茨城県,土浦市,田中町
3004105,茨城県,土浦市,田宮
3000024,茨城県,土浦市,田村町
3000824,茨城県,土浦市,千鳥ケ丘町
3000043,茨城県,土浦市,中央
3000062,茨城県,土浦市,都和
3000025,茨城県,土浦市,手野町
3000031,茨城県,土浦市,東崎町
3004107,茨城県,土浦市,東城寺
3000055,茨城県,土浦市,殿里
3000841,茨城県,土浦市,中
3000875,茨城県,土浦市,中荒川沖町
3004101,茨城県,土浦市,永井
3000016,茨城県,土浦市,中神立町
3000815,茨城県,土浦市,中高津
3000009,茨城県,土浦市,中都町
3000005,茨城県,土浦市,中貫
3000849,茨城県,土浦市,中村西根
3000850,茨城県,土浦市,中村東
3000843,茨城県,土浦市,中村南
3000817,茨城県,土浦市,永国
3000810,茨城県,土浦市,永国台
3000816,茨城県,土浦市,永国東町
3000061,茨城県,土浦市,並木
3000014,茨城県,土浦市,西神立
3000068,茨城県,土浦市,西並木町
3000848,茨城県,土浦市,西根西
3000842,茨城県,土浦市,西根南
3000054,茨城県,土浦市,西真鍋町
3000821,茨城県,土浦市,蓮河原新町
3000822,茨城県,土浦市,蓮河原町
3000067,茨城県,土浦市,東都和
3000006,茨城県,土浦市,東中貫町
3000069,茨城県,土浦市,東並木町
3000052,茨城県,土浦市,東真鍋町
3000064,茨城県,土浦市,東若松町
3000065,茨城県,土浦市,常名
3000813,茨城県,土浦市,富士崎
3004115,茨城県,土浦市,藤沢
3004116,茨城県,土浦市,藤沢新田
3000045,茨城県,土浦市,文京町
3004102,茨城県,土浦市,本郷
3000051,茨城県,土浦市,真鍋
3000053,茨城県,土浦市,真鍋新町
3000838,茨城県,土浦市,摩利山新田
3000837,茨城県,土浦市,右籾
3000034,茨城県,土浦市,港町
3000066,茨城県,土浦市,虫掛
3000003,茨城県,土浦市,紫ケ丘
3004112,茨城県,土浦市,桃園
3000801,茨城県,土浦市,矢作
3000036,茨城県,土浦市,大和町
3000063,茨城県,土浦市,若松町
3002525,茨城県,常総市,伊左衛門新田町
3002727,茨城県,常総市,大沢
3002745,茨城県,常総市,大沢新田
3002526,茨城県,常総市,大生郷新田町
3002521,茨城県,常総市,大生郷町
3002512,茨城県,常総市,大輪町
3002743,茨城県,常総市,岡田
3002504,茨城県,常総市,沖新田町
3002703,茨城県,常総市,小保川
3002503,茨城県,常総市,川崎町
3002722,茨城県,常総市,蔵持
3002723,茨城県,常総市,蔵持新田
3002734,茨城県,常総市,栗山新田
3002746,茨城県,常総市,鴻野山
3002732,茨城県,常総市,鴻野山新田
3002741,茨城県,常総市,国生
3002524,茨城県,常総市,五郎兵衛新田町
3002747,茨城県,常総市,崎房
3002523,茨城県,常総市,笹塚新田町
3002735,茨城県,常総市,左平太新田
3002721,茨城県,常総市,篠山
3002502,茨城県,常総市,上蛇町
3002706,茨城県,常総市,新石下
3002744,茨城県,常総市,杉山
3002713,茨城県,常総市,収納谷
3002716,茨城県,常総市,大房
3002704,茨城県,常総市,舘方
3002717,茨城県,常総市,東野原
3002705,茨城県,常総市,豊田
3002505,茨城県,常総市,中妻町
3002726,茨城県,常総市,中沼
3002511,茨城県,常総市,花島町
3002513,茨城県,常総市,羽生町
3002748,茨城県,常総市,馬場
3002733,茨城県,常総市,馬場新田
3002702,茨城県,常総市,原宿
3002501,茨城県,常総市,福二町
3002724,茨城県,常総市,古間木
3002731,茨城県,常総市,古間木新田
3002725,茨城県,常総市,古間木沼新田
3002714,茨城県,常総市,平内
3002712,茨城県,常総市,曲田
3002736,茨城県,常総市,孫兵ヱ新田
3002507,茨城県,常総市,三坂新田町
3002506,茨城県,常総市,三坂町
3002742,茨城県,常総市,向石下
3002707,茨城県,常総市,本石下
3002711,茨城県,常総市,本豊田
3002715,茨城県,常総市,山口
3002522,茨城県,常総市,横曽根新田町
3002701,茨城県,常総市,若宮戸
3001523,茨城県,取手市,大留
3001503,茨城県,取手市,大曲
3001546,茨城県,取手市,岡
3001521,茨城県,取手市,押切
3001542,茨城県,取手市,神住
3001513,茨城県,取手市,片町
3001506,茨城県,取手市,上萱場
3001504,茨城県,取手市,萱場
3001524,茨城県,取手市,神浦
3001511,茨城県,取手市,椚木
3001537,茨城県,取手市,毛有
3001539,茨城県,取手市,小泉
3001536,茨城県,取手市,光風台
3001531,茨城県,取手市,小浮気
3001525,茨城県,取手市,桜が丘
3001544,茨城県,取手市,山王
3001508,茨城県,取手市,紫水
3001534,茨城県,取手市,渋沼
3001535,茨城県,取手市,清水
3001505,茨城県,取手市,下萱場
3001502,茨城県,取手市,新川
3001522,茨城県,取手市,高須
3001543,茨城県,取手市,中内
3001533,茨城県,取手市,中田
3001541,茨城県,取手市,配松
3001507,茨城県,取手市,浜田
3001515,茨城県,取手市,平野
3001512,茨城県,取手市,藤代
3001516,茨城県,取手市,藤代南
3001501,茨城県,取手市,双葉
3001514,茨城県,取手市,宮和田
3001532,茨城県,取手市,谷中
3001538,茨城県,取手市,米田
3001545,茨城県,取手市,和田
3001200,茨城県,牛久市,
3001282,茨城県,牛久市,井ノ岡町
3001221,茨城県,牛久市,牛久町
3001204,茨城県,牛久市,岡見町
3001283,茨城県,牛久市,奥原町
3001286,茨城県,牛久市,小坂町
3001214,茨城県,牛久市,女化町
3001211,茨城県,牛久市,柏田町
3001281,茨城県,牛久市,桂町
3001213,茨城県,牛久市,上太田町
3001232,茨城県,牛久市,上柏田
3001216,茨城県,牛久市,神谷
3001235,茨城県,牛久市,刈谷町
3001288,茨城県,牛久市,久野町
3001212,茨城県,牛久市,結束町
3001233,茨城県,牛久市,栄町
3001217,茨城県,牛久市,さくら台
3001231,茨城県,牛久市,猪子町
3001284,茨城県,牛久市,島田町
3001203,茨城県,牛久市,下根町
3001285,茨城県,牛久市,正直町
3001223,茨城県,牛久市,城中町
3001224,茨城県,牛久市,庄兵衛新田町
3001225,茨城県,牛久市,新地町
3001237,茨城県,牛久市,田宮
3001236,茨城県,牛久市,田宮町
3001234,茨城県,牛久市,中央
3001215,茨城県,牛久市,遠山町
3001202,茨城県,牛久市,中根町
3001205,茨城県,牛久市,東大和田町
3001201,茨城県,牛久市,東猯穴町
3001206,茨城県,牛久市,ひたち野西
3001207,茨城県,牛久市,ひたち野東
3001287,茨城県,牛久市,福田町
3001222,茨城県,牛久市,南
3004203,茨城県,つくば市,明石
3002632,茨城県,つくば市,旭
3004205,茨城県,つくば市,安食
3001261,茨城県,つくば市,あしび野
3001253,茨城県,つくば市,天宝喜
3004243,茨城県,つくば市,池田
3001240,茨城県,つくば市,池の台
3001269,茨城県,つくば市,池向
3004235,茨城県,つくば市,泉
3004248,茨城県,つくば市,磯部
3001259,茨城県,つくば市,稲荷原
3002641,茨城県,つくば市,今鹿島
3004211,茨城県,つくば市,臼井
3001275,茨城県,つくば市,梅ケ丘
3004216,茨城県,つくば市,漆所
3001243,茨城県,つくば市,大井
3004221,茨城県,つくば市,大形
3002611,茨城県,つくば市,大久保
3002612,茨城県,つくば市,大砂
3003253,茨城県,つくば市,大曽根
3004218,茨城県,つくば市,大貫
3001267,茨城県,つくば市,大舟戸
3003256,茨城県,つくば市,大穂
3001255,茨城県,つくば市,小茎
3003265,茨城県,つくば市,長高野
3004215,茨城県,つくば市,小沢
3004223,茨城県,つくば市,小田
3002651,茨城県,つくば市,鬼ケ窪
3002653,茨城県,つくば市,面野井
3003254,茨城県,つくば市,鹿島台
3002657,茨城県,つくば市,香取台
3002622,茨城県,つくば市,要
3001274,茨城県,つくば市,上岩崎
3004351,茨城県,つくば市,上大島
3002668,茨城県,つくば市,かみかわ
3002661,茨城県,つくば市,上河原崎
3002645,茨城県,つくば市,上郷
3002614,茨城県,つくば市,上里
3004246,茨城県,つくば市,上沢
3004241,茨城県,つくば市,上菅間
3004212,茨城県,つくば市,神郡
3004232,茨城県,つくば市,北太田
3003266,茨城県,つくば市,北原
3004233,茨城県,つくば市,君島
3001272,茨城県,つくば市,茎崎
3004354,茨城県,つくば市,国松
3001262,茨城県,つくば市,九万坪
3004236,茨城県,つくば市,小泉
3002642,茨城県,つくば市,高野
3004202,茨城県,つくば市,高野原新田
3002616,茨城県,つくば市,五人受
3002644,茨城県,つくば市,木俣
3001277,茨城県,つくば市,駒込
3001276,茨城県,つくば市,小山
3004224,茨城県,つくば市,小和田
3003251,茨城県,つくば市,佐
3001271,茨城県,つくば市,桜が丘
3002637,茨城県,つくば市,酒丸
3003264,茨城県,つくば市,篠崎
3002655,茨城県,つくば市,島名
3001273,茨城県,つくば市,下岩崎
3004222,茨城県,つくば市,下大島
3002662,茨城県,つくば市,下河原崎
3002666,茨城県,つくば市,下別府
3001266,茨城県,つくば市,自由ケ丘
3001251,茨城県,つくば市,城山
3001246,茨城県,つくば市,菅間
3004217,茨城県,つくば市,杉木
3002658,茨城県,つくば市,諏訪
3001245,茨城県,つくば市,高崎
3002665,茨城県,つくば市,高須賀
3002652,茨城県,つくば市,高田
3001252,茨城県,つくば市,高見原
3002669,茨城県,つくば市,高山
3002664,茨城県,つくば市,高良田
3002615,茨城県,つくば市,田倉
3003263,茨城県,つくば市,立原
3004244,茨城県,つくば市,田中
3003255,茨城県,つくば市,玉取
3004251,茨城県,つくば市,田水山
3004352,茨城県,つくば市,筑波
3003257,茨城県,つくば市,筑穂
3004204,茨城県,つくば市,作谷
3002636,茨城県,つくば市,土田
3002647,茨城県,つくば市,手子生
3004201,茨城県,つくば市,寺具
3002635,茨城県,つくば市,東光台
3002633,茨城県,つくば市,遠東
3002648,茨城県,つくば市,豊里の杜
3004242,茨城県,つくば市,中菅間
3002639,茨城県,つくば市,中東
3002634,茨城県,つくば市,中東原新田
3002667,茨城県,つくば市,中別府
3001268,茨城県,つくば市,中山
3002663,茨城県,つくば市,鍋沼新田
3001260,茨城県,つくば市,西大井
3002613,茨城県,つくば市,西高野
3002624,茨城県,つくば市,西沢
3001247,茨城県,つくば市,西の沢
3002631,茨城県,つくば市,沼崎
3004353,茨城県,つくば市,沼田
3002643,茨城県,つくば市,野畑
3003262,茨城県,つくば市,蓮沼
3002638,茨城県,つくば市,百家
3001264,茨城県,つくば市,泊崎
3003261,茨城県,つくば市,花畑
3002659,茨城県,つくば市,万博公園西
3001242,茨城県,つくば市,樋の沢
3004213,茨城県,つくば市,平沢
3001263,茨城県,つくば市,富士見台
3004231,茨城県,つくば市,北条
3001278,茨城県,つくば市,房内
3001254,茨城県,つくば市,宝陽台
3001265,茨城県,つくば市,細見
3004249,茨城県,つくば市,洞下
3002623,茨城県,つくば市,本沢
3003267,茨城県,つくば市,前野
3001241,茨城県,つくば市,牧園
3002656,茨城県,つくば市,真瀬
3001244,茨城県,つくば市,松の里
3002654,茨城県,つくば市,水堀
3002646,茨城県,つくば市,緑ケ原
3002621,茨城県,つくば市,南原
3004245,茨城県,つくば市,水守
3001257,茨城県,つくば市,明神
3001256,茨城県,つくば市,森の里
3004234,茨城県,つくば市,山木
3004214,茨城県,つくば市,山口
3002617,茨城県,つくば市,吉沼
3001258,茨城県,つくば市,六斗
3001248,茨城県,つくば市,若栗
3001249,茨城県,つくば市,若葉
3003252,茨城県,つくば市,若森
3004247,茨城県,つくば市,和台
3004523,茨城県,筑西市,赤浜
3004516,茨城県,筑西市,新井新田
3004512,茨城県,筑西市,有田
3004507,茨城県,筑西市,内淀
3004538,茨城県,筑西市,海老江
3004517,茨城県,筑西市,海老ケ島
3004537,茨城県,筑西市,大林
3004511,茨城県,筑西市,押尾
3004502,茨城県,筑西市,上西郷谷
3004515,茨城県,筑西市,倉持
3004532,茨城県,筑西市,鷺島
3004514,茨城県,筑西市,山王堂
3004545,茨城県,筑西市,下川中子
3004534,茨城県,筑西市,高津
3004543,茨城県,筑西市,竹垣
3004505,茨城県,筑西市,田宿
3004531,茨城県,筑西市,築地
3004525,茨城県,筑西市,寺上野
3004524,茨城県,筑西市,中上野
3004513,茨城県,筑西市,中根
3004506,茨城県,筑西市,鍋山
3004533,茨城県,筑西市,成井
3004501,茨城県,筑西市,猫島
3004521,茨城県,筑西市,東石田
3004536,茨城県,筑西市,東保末
3004544,茨城県,筑西市,古内
3004541,茨城県,筑西市,松原
3004503,茨城県,筑西市,宮後
3004504,茨城県,筑西市,宮山
3004522,茨城県,筑西市,向上野
3004546,茨城県,筑西市,村田
3004535,茨城県,筑西市,谷原
3004542,茨城県,筑西市,吉田
3000500,茨城県,稲敷市,
3000621,茨城県,稲敷市,阿波
3000602,茨城県,稲敷市,阿波崎
3000626,茨城県,稲敷市,甘田
3000727,茨城県,稲敷市,飯島
3000632,茨城県,稲敷市,飯出
3001413,茨城県,稲敷市,伊崎
3001411,茨城県,稲敷市,伊佐津
3000603,茨城県,稲敷市,伊佐部
3000612,茨城県,稲敷市,市崎
3000503,茨城県,稲敷市,稲波
3000507,茨城県,稲敷市,犬塚
3001414,茨城県,稲敷市,戌渡
3000641,茨城県,稲敷市,浮島
3000509,茨城県,稲敷市,江戸崎乙
3000504,茨城県,稲敷市,江戸崎甲
3000529,茨城県,稲敷市,江戸崎みらい
3000721,茨城県,稲敷市,大島
3001423,茨城県,稲敷市,太田
3000633,茨城県,稲敷市,岡飯出
3000744,茨城県,稲敷市,押砂
3001425,茨城県,稲敷市,小野
3000634,茨城県,稲敷市,柏木
3000637,茨城県,稲敷市,柏木古渡
3000604,茨城県,稲敷市,釜井
3000522,茨城県,稲敷市,蒲ケ山
3000528,茨城県,稲敷市,上君山
3000737,茨城県,稲敷市,上須田
3000732,茨城県,稲敷市,上之島
3000643,茨城県,稲敷市,上馬渡
3000513,茨城県,稲敷市,桑山
3000734,茨城県,稲敷市,結佐
3000746,茨城県,稲敷市,神崎本宿
3000605,茨城県,稲敷市,幸田
3000733,茨城県,稲敷市,石納
3000524,茨城県,稲敷市,小羽賀
3000514,茨城県,稲敷市,駒塚
3000723,茨城県,稲敷市,境島
3000508,茨城県,稲敷市,佐倉
3000749,茨城県,稲敷市,佐原組新田
3000725,茨城県,稲敷市,佐原下手
3000512,茨城県,稲敷市,椎塚
3000623,茨城県,稲敷市,四箇
3000502,茨城県,稲敷市,信太古渡
3001412,茨城県,稲敷市,柴崎
3000614,茨城県,稲敷市,清水
3001424,茨城県,稲敷市,下太田
3000527,茨城県,稲敷市,下君山
3000601,茨城県,稲敷市,下須田
3000642,茨城県,稲敷市,下馬渡
3000622,茨城県,稲敷市,神宮寺
3000613,茨城県,稲敷市,新橋
3000625,茨城県,稲敷市,須賀津
3000521,茨城県,稲敷市,月出里
3001416,茨城県,稲敷市,角崎
3000748,茨城県,稲敷市,清久島
3000511,茨城県,稲敷市,高田
3000741,茨城県,稲敷市,手賀組新田
3001426,茨城県,稲敷市,寺内
3000523,茨城県,稲敷市,時崎
3000611,茨城県,稲敷市,中島
3001415,茨城県,稲敷市,中山
3000726,茨城県,稲敷市,西代
3000506,茨城県,稲敷市,沼田
3000525,茨城県,稲敷市,羽賀
3001427,茨城県,稲敷市,羽賀浦
3000745,茨城県,稲敷市,橋向
3000736,茨城県,稲敷市,八千石
3000501,茨城県,稲敷市,鳩崎
3000636,茨城県,稲敷市,羽生
3000616,茨城県,稲敷市,東大沼
3000617,茨城県,稲敷市,福田
3000638,茨城県,稲敷市,古渡
3001421,茨城県,稲敷市,堀川
3000635,茨城県,稲敷市,堀之内
3000743,茨城県,稲敷市,曲渕
3000615,茨城県,稲敷市,町田
3000526,茨城県,稲敷市,松山
3001417,茨城県,稲敷市,狸穴
3000722,茨城県,稲敷市,三島
3000631,茨城県,稲敷市,三次
3000607,茨城県,稲敷市,光葉
3001422,茨城県,稲敷市,南太田
3000515,茨城県,稲敷市,南ケ丘
3000624,茨城県,稲敷市,南山来
3000505,茨城県,稲敷市,村田
3000731,茨城県,稲敷市,本新
3000724,茨城県,稲敷市,八筋川
3000747,茨城県,稲敷市,余津谷
3000742,茨城県,稲敷市,四ッ谷
3000735,茨城県,稲敷市,六角
3000606,茨城県,稲敷市,脇川
3000212,茨城県,かすみがうら市,有河
3000205,茨城県,かすみがうら市,安食
3000203,茨城県,かすみがうら市,岩坪
3000213,茨城県,かすみがうら市,牛渡
3000124,茨城県,かすみがうら市,大和田
3000132,茨城県,かすみがうら市,男神
3000201,茨城県,かすみがうら市,柏崎
3000127,茨城県,かすみがうら市,上大堤
3000123,茨城県,かすみがうら市,上軽部
3000135,茨城県,かすみがうら市,加茂
3000214,茨城県,かすみがうら市,坂
3000121,茨城県,かすみがうら市,宍倉
3000211,茨城県,かすみがうら市,志戸崎
3000131,茨城県,かすみがうら市,下大堤
3000204,茨城県,かすみがうら市,下軽部
3000202,茨城県,かすみがうら市,田伏
3000136,茨城県,かすみがうら市,戸崎
3000133,茨城県,かすみがうら市,中台
3000122,茨城県,かすみがうら市,西成井
3000134,茨城県,かすみがうら市,深谷
3000125,茨城県,かすみがうら市,三ツ木
3000126,茨城県,かすみがうら市,南根本
3004417,茨城県,桜川市,真壁町飯塚
3004416,茨城県,桜川市,真壁町伊佐々
3004428,茨城県,桜川市,真壁町大塚新田
3004401,茨城県,桜川市,真壁町上小幡
3004427,茨城県,桜川市,真壁町上谷貝
3004422,茨城県,桜川市,真壁町亀熊
3004424,茨城県,桜川市,真壁町源法寺
3004413,茨城県,桜川市,真壁町酒寄
3004405,茨城県,桜川市,真壁町桜井
3004414,茨城県,桜川市,真壁町椎尾
3004402,茨城県,桜川市,真壁町下小幡
3004426,茨城県,桜川市,真壁町下谷貝
3004404,茨城県,桜川市,真壁町白井
3004411,茨城県,桜川市,真壁町田
3004403,茨城県,桜川市,真壁町長岡
3004412,茨城県,桜川市,真壁町羽鳥
3004423,茨城県,桜川市,真壁町塙世
3004421,茨城県,桜川市,真壁町原方
3004429,茨城県,桜川市,真壁町東矢貝
3004415,茨城県,桜川市,真壁町東山田
3004407,茨城県,桜川市,真壁町古城
3004425,茨城県,桜川市,真壁町細芝
3004408,茨城県,桜川市,真壁町真壁
3004406,茨城県,桜川市,真壁町山尾
3002300,茨城県,つくばみらい市,
3002346,茨城県,つくばみらい市,青木
3002348,茨城県,つくばみらい市,青古新田
3002315,茨城県,つくばみらい市,足高
3002354,茨城県,つくばみらい市,新戸
3002307,茨城県,つくばみらい市,板橋
3002323,茨城県,つくばみらい市,伊丹
3002355,茨城県,つくばみらい市,市野深
3002308,茨城県,つくばみらい市,伊奈東
3002342,茨城県,つくばみらい市,弥柳
3002303,茨城県,つくばみらい市,大和田
3002411,茨城県,つくばみらい市,押砂
3002352,茨城県,つくばみらい市,小島新田
3002432,茨城県,つくばみらい市,鬼長
3002353,茨城県,つくばみらい市,小張
3002331,茨城県,つくばみらい市,神住新田
3002424,茨城県,つくばみらい市,加藤
3002431,茨城県,つくばみらい市,上小目
3002326,茨城県,つくばみらい市,上島
3002453,茨城県,つくばみらい市,上長沼
3002335,茨城県,つくばみらい市,上平柳
3002425,茨城県,つくばみらい市,川崎
3002312,茨城県,つくばみらい市,神生
3002456,茨城県,つくばみらい市,北袋
3002407,茨城県,つくばみらい市,北山
3002436,茨城県,つくばみらい市,絹の台
3002445,茨城県,つくばみらい市,小絹
3002402,茨城県,つくばみらい市,坂野新田
3002332,茨城県,つくばみらい市,山王新田
3002336,茨城県,つくばみらい市,山谷
3002359,茨城県,つくばみらい市,紫峰ヶ丘
3002433,茨城県,つくばみらい市,下小目
3002324,茨城県,つくばみらい市,下島
3002454,茨城県,つくばみらい市,下長沼
3002333,茨城県,つくばみらい市,下平柳
3002305,茨城県,つくばみらい市,重右衛門新田
3002455,茨城県,つくばみらい市,十和
3002314,茨城県,つくばみらい市,城中
3002444,茨城県,つくばみらい市,杉下
3002351,茨城県,つくばみらい市,善助新田
3002401,茨城県,つくばみらい市,台
3002301,茨城県,つくばみらい市,高岡
3002413,茨城県,つくばみらい市,田村
3002452,茨城県,つくばみらい市,樛木
3002435,茨城県,つくばみらい市,筒戸
3002441,茨城県,つくばみらい市,寺畑
3002322,茨城県,つくばみらい市,戸崎
3002321,茨城県,つくばみらい市,戸茂
3002325,茨城県,つくばみらい市,中島
3002345,茨城県,つくばみらい市,長渡呂
3002344,茨城県,つくばみらい市,長渡呂新田
3002403,茨城県,つくばみらい市,中原
3002334,茨城県,つくばみらい市,中平柳
3002423,茨城県,つくばみらい市,成瀬
3002405,茨城県,つくばみらい市,仁左衛門新田
3002415,茨城県,つくばみらい市,西楢戸
3002442,茨城県,つくばみらい市,西ノ台
3002443,茨城県,つくばみらい市,西ノ台南
3002421,茨城県,つくばみらい市,西丸山
3002412,茨城県,つくばみらい市,日川
3002311,茨城県,つくばみらい市,野堀
3002313,茨城県,つくばみらい市,東栗山
3002416,茨城県,つくばみらい市,東楢戸
3002356,茨城県,つくばみらい市,奉社
3002434,茨城県,つくばみらい市,平沼
3002406,茨城県,つくばみらい市,福岡
3002341,茨城県,つくばみらい市,福田
3002327,茨城県,つくばみらい市,福原
3002417,茨城県,つくばみらい市,富士見ヶ丘
3002347,茨城県,つくばみらい市,豊体
3002304,茨城県,つくばみらい市,武兵衛新田
3002422,茨城県,つくばみらい市,古川
3002446,茨城県,つくばみらい市,細代
3002414,茨城県,つくばみらい市,真木
3002302,茨城県,つくばみらい市,狸穴
3002404,茨城県,つくばみらい市,南
3002306,茨城県,つくばみらい市,南太田
3002451,茨城県,つくばみらい市,箕輪
3002426,茨城県,つくばみらい市,宮戸
3002343,茨城県,つくばみらい市,狸渕
3002337,茨城県,つくばみらい市,谷井田
3002357,茨城県,つくばみらい市,谷口
3002358,茨城県,つくばみらい市,陽光台
3000400,茨城県,稲敷郡美浦村,
3000424,茨城県,稲敷郡美浦村,受領
3000409,茨城県,稲敷郡美浦村,牛込
3000422,茨城県,稲敷郡美浦村,大須賀津
3000411,茨城県,稲敷郡美浦村,太田
3000416,茨城県,稲敷郡美浦村,大塚
3000413,茨城県,稲敷郡美浦村,大谷
3000402,茨城県,稲敷郡美浦村,大山
3000425,茨城県,稲敷郡美浦村,興津
3000433,茨城県,稲敷郡美浦村,木
3000421,茨城県,稲敷郡美浦村,木原
3000420,茨城県,稲敷郡美浦村,郷中
3000419,茨城県,稲敷郡美浦村,山王
3000414,茨城県,稲敷郡美浦村,信太
3000432,茨城県,稲敷郡美浦村,定光
3000404,茨城県,稲敷郡美浦村,土浦
3000426,茨城県,稲敷郡美浦村,土屋
3000435,茨城県,稲敷郡美浦村,中野内
3000408,茨城県,稲敷郡美浦村,根火
3000436,茨城県,稲敷郡美浦村,根本
3000418,茨城県,稲敷郡美浦村,花見塚
3000427,茨城県,稲敷郡美浦村,布佐
3000428,茨城県,稲敷郡美浦村,舟子
3000434,茨城県,稲敷郡美浦村,堀田
3000401,茨城県,稲敷郡美浦村,馬掛
3000405,茨城県,稲敷郡美浦村,間野
3000403,茨城県,稲敷郡美浦村,馬見山
3000415,茨城県,稲敷郡美浦村,美駒
3000410,茨城県,稲敷郡美浦村,みどり台
3000437,茨城県,稲敷郡美浦村,見晴
3000412,茨城県,稲敷郡美浦村,宮地
3000431,茨城県,稲敷郡美浦村,本橋
3000423,茨城県,稲敷郡美浦村,茂呂
3000407,茨城県,稲敷郡美浦村,八井田
3000417,茨城県,稲敷郡美浦村,谷中
3000406,茨城県,稲敷郡美浦村,山内
3000300,茨城県,稲敷郡阿見町,
3000301,茨城県,稲敷郡阿見町,青宿
3000306,茨城県,稲敷郡阿見町,曙
3000331,茨城県,稲敷郡阿見町,阿見
3001151,茨城県,稲敷郡阿見町,荒川沖
3001152,茨城県,稲敷郡阿見町,荒川本郷
3000324,茨城県,稲敷郡阿見町,飯倉
3000313,茨城県,稲敷郡阿見町,石川
3000341,茨城県,稲敷郡阿見町,うずら野
3000323,茨城県,稲敷郡阿見町,大形
3000303,茨城県,稲敷郡阿見町,大室
3000335,茨城県,稲敷郡阿見町,岡崎
3000314,茨城県,稲敷郡阿見町,追原
3000304,茨城県,稲敷郡阿見町,掛馬
3000315,茨城県,稲敷郡阿見町,香澄の里
3001154,茨城県,稲敷郡阿見町,上長
3000322,茨城県,稲敷郡阿見町,君島
3001157,茨城県,稲敷郡阿見町,小池
3000311,茨城県,稲敷郡阿見町,島津
3001153,茨城県,稲敷郡阿見町,実穀
3000325,茨城県,稲敷郡阿見町,上条
3000334,茨城県,稲敷郡阿見町,鈴木
3001158,茨城県,稲敷郡阿見町,住吉
3000305,茨城県,稲敷郡阿見町,竹来
3000332,茨城県,稲敷郡阿見町,中央
3000337,茨城県,稲敷郡阿見町,中郷
3000312,茨城県,稲敷郡阿見町,南平台
3000336,茨城県,稲敷郡阿見町,西郷
3000302,茨城県,稲敷郡阿見町,廻戸
3000321,茨城県,稲敷郡阿見町,塙
3001156,茨城県,稲敷郡阿見町,福田
3000326,茨城県,稲敷郡阿見町,星の里
3001159,茨城県,稲敷郡阿見町,本郷
3001155,茨城県,稲敷郡阿見町,吉原
3001161,茨城県,稲敷郡阿見町,よしわら
3000333,茨城県,稲敷郡阿見町,若栗
3001300,茨城県,稲敷郡河内町,
3001404,茨城県,稲敷郡河内町,片巻
3001403,茨城県,稲敷郡河内町,金江津
3001324,茨城県,稲敷郡河内町,源清田
3001332,茨城県,稲敷郡河内町,幸谷
3001322,茨城県,稲敷郡河内町,古河林
3001334,茨城県,稲敷郡河内町,小林町歩
3001327,茨城県,稲敷郡河内町,猿島
3001406,茨城県,稲敷郡河内町,下加納
3001314,茨城県,稲敷郡河内町,下町歩
3001401,茨城県,稲敷郡河内町,十三間戸
3001315,茨城県,稲敷郡河内町,十里
3001311,茨城県,稲敷郡河内町,庄布川
3001333,茨城県,稲敷郡河内町,角崎町歩
3001336,茨城県,稲敷郡河内町,大徳鍋子新田
3001313,茨城県,稲敷郡河内町,田川
3001405,茨城県,稲敷郡河内町,田川
3001323,茨城県,稲敷郡河内町,手栗
3001312,茨城県,稲敷郡河内町,長竿
3001321,茨城県,稲敷郡河内町,羽子騎
3001402,茨城県,稲敷郡河内町,平川
3001316,茨城県,稲敷郡河内町,布鎌
3001325,茨城県,稲敷郡河内町,平三郎
3001331,茨城県,稲敷郡河内町,生板
3001335,茨城県,稲敷郡河内町,生板鍋子新田
3001326,茨城県,稲敷郡河内町,宮淵
3001337,茨城県,稲敷郡河内町,竜ケ崎町歩
3003500,茨城県,結城郡八千代町,
3003555,茨城県,結城郡八千代町,芦ケ谷
3003556,茨城県,結城郡八千代町,芦ケ谷新田
3003519,茨城県,結城郡八千代町,新井
3003535,茨城県,結城郡八千代町,粟野
3003562,茨城県,結城郡八千代町,磯
3003531,茨城県,結城郡八千代町,今里
3003514,茨城県,結城郡八千代町,大里
3003534,茨城県,結城郡八千代町,太田
3003571,茨城県,結城郡八千代町,大戸新田
3003552,茨城県,結城郡八千代町,大間木
3003515,茨城県,結城郡八千代町,大渡戸
3003554,茨城県,結城郡八千代町,尾崎
3003526,茨城県,結城郡八千代町,貝谷
3003503,茨城県,結城郡八千代町,粕礼
3003533,茨城県,結城郡八千代町,片角
3003537,茨城県,結城郡八千代町,苅橋
3003521,茨城県,結城郡八千代町,川尻
3003513,茨城県,結城郡八千代町,久下田
3003551,茨城県,結城郡八千代町,栗山
3003512,茨城県,結城郡八千代町,小屋
3003505,茨城県,結城郡八千代町,佐野
3003501,茨城県,結城郡八千代町,塩本
3003502,茨城県,結城郡八千代町,下山川
3003541,茨城県,結城郡八千代町,新地
3003543,茨城県,結城郡八千代町,新地新田
3003572,茨城県,結城郡八千代町,菅谷
3003511,茨城県,結城郡八千代町,瀬戸井
3003516,茨城県,結城郡八千代町,高崎
3003517,茨城県,結城郡八千代町,坪井
3003536,茨城県,結城郡八千代町,中野
3003506,茨城県,結城郡八千代町,成田
3003539,茨城県,結城郡八千代町,仁江戸
3003504,茨城県,結城郡八千代町,西大山
3003525,茨城県,結城郡八千代町,沼森
3003518,茨城県,結城郡八千代町,野爪
3003523,茨城県,結城郡八千代町,八町
3003538,茨城県,結城郡八千代町,東大山
3003527,茨城県,結城郡八千代町,東原
3003545,茨城県,結城郡八千代町,東蕗田
3003524,茨城県,結城郡八千代町,兵庫
3003561,茨城県,結城郡八千代町,平塚
3003553,茨城県,結城郡八千代町,蕗田
3003542,茨城県,結城郡八千代町,福岡
3003522,茨城県,結城郡八千代町,袋
3003532,茨城県,結城郡八千代町,本郷
3003565,茨城県,結城郡八千代町,松本
3003564,茨城県,結城郡八千代町,水口
3003563,茨城県,結城郡八千代町,村貫
3003544,茨城県,結城郡八千代町,若
3001600,茨城県,北相馬郡利根町,
3001603,茨城県,北相馬郡利根町,奥山
3001634,茨城県,北相馬郡利根町,押付新田
3001602,茨城県,北相馬郡利根町,押戸
3001612,茨城県,北相馬郡利根町,加納新田
3001635,茨城県,北相馬郡利根町,上曽根
3001626,茨城県,北相馬郡利根町,四季の丘
3001633,茨城県,北相馬郡利根町,下井
3001632,茨城県,北相馬郡利根町,下曽根
3001611,茨城県,北相馬郡利根町,惣新田
3001605,茨城県,北相馬郡利根町,大平
3001601,茨城県,北相馬郡利根町,大房
3001616,茨城県,北相馬郡利根町,立木
3001614,茨城県,北相馬郡利根町,立崎
3001624,茨城県,北相馬郡利根町,中田切
3001615,茨城県,北相馬郡利根町,中谷
3001623,茨城県,北相馬郡利根町,八幡台
3001625,茨城県,北相馬郡利根町,羽中
3001636,茨城県,北相馬郡利根町,羽根野
3001631,茨城県,北相馬郡利根町,早尾
3001613,茨城県,北相馬郡利根町,東奥山新田
3001622,茨城県,北相馬郡利根町,布川
3001621,茨城県,北相馬郡利根町,福木
3001606,茨城県,北相馬郡利根町,もえぎ野台
3001604,茨城県,北相馬郡利根町,横須賀
3008550,茨城県,土浦市,菅谷町１３５１−４
3008567,茨城県,土浦市,中央１丁目１３番１２号
3008567,茨城県,土浦市,中央１丁目１３番１２号
3008686,茨城県,土浦市,大和町９番１号
3008601,茨城県,土浦市,城北町４−１５（土浦郵便局私書箱第２０号）
3008588,茨城県,土浦市,東中貫町５−１
3008567,茨城県,土浦市,中央１丁目１３番１２号
3008567,茨城県,土浦市,中央１丁目１３番１２号
3008619,茨城県,土浦市,右籾２４１０（土浦郵便局私書箱第１９号）
3001193,茨城県,土浦市,荒川沖東２丁目７−１
3004193,茨城県,土浦市,藤沢３６４７−５
3002593,茨城県,常総市,大生郷町６１３３
3002797,茨城県,常総市,鴻野山１６７０
3002792,茨城県,常総市,新石下４３６５
3002793,茨城県,常総市,新石下４３１０番地１
3002795,茨城県,常総市,古間木１５１１
3001592,茨城県,取手市,藤代７００番地
3001296,茨城県,牛久市,猪子町８９６
3001292,茨城県,牛久市,中央３丁目１５−１
3001295,茨城県,牛久市,東猯穴町１０００
3001294,茨城県,つくば市,茎崎１８８８−２
3002698,茨城県,つくば市,東光台５丁目２番３号
3002695,茨城県,つくば市,東光台５丁目６
3002692,茨城県,つくば市,東光台５−６−２ＺＯＺＯＢＡＳＥつくば１
3002686,茨城県,つくば市,諏訪Ｃ２２街区１
3003295,茨城県,つくば市,大曽根３６８１
3003294,茨城県,つくば市,北原６
3004293,茨城県,つくば市,和台１０
3004295,茨城県,つくば市,和台１６番２
3004598,茨城県,筑西市,海老ケ島１３００
3000595,茨城県,稲敷市,江戸崎甲３２７７−１
3000593,茨城県,稲敷市,江戸崎甲５４１
3000692,茨城県,稲敷市,須賀津２０８
3000792,茨城県,稲敷市,結佐１５４５
3001492,茨城県,稲敷市,柴崎７４２７
3000192,茨城県,かすみがうら市,大和田８２８−５
3000193,茨城県,かすみがうら市,深谷２４−１０
3000195,茨城県,かすみがうら市,宍倉５７０７
3004495,茨城県,桜川市,真壁町飯塚９１１
3002395,茨城県,つくばみらい市,福田１９５
3002493,茨城県,つくばみらい市,絹の台４丁目２番２号
3002492,茨城県,つくばみらい市,加藤２３７
3002494,茨城県,つくばみらい市,小絹５５１番地
3002495,茨城県,つくばみらい市,絹の台６丁目２０番４号
3002497,茨城県,つくばみらい市,絹の台４丁目３番
3002498,茨城県,つくばみらい市,筒戸１１１４番地
3000496,茨城県,稲敷郡美浦村,大字木原２３５０
3000492,茨城県,稲敷郡美浦村,大字受領１５１５
3000388,茨城県,稲敷郡阿見町,よしわら４−１−１
3000392,茨城県,稲敷郡阿見町,中央１丁目１−１
3000394,茨城県,稲敷郡阿見町,大字阿見４６６９−２
3000393,茨城県,稲敷郡阿見町,中央３丁目２１−１
3000398,茨城県,稲敷郡阿見町,阿見４０４１
3000395,茨城県,稲敷郡阿見町,中央３丁目２０−１
3000396,茨城県,稲敷郡阿見町,香澄の里３６−１
3000397,茨城県,稲敷郡阿見町,中央８丁目３−１
3001192,茨城県,稲敷郡阿見町,大字吉原３５８６
3001195,茨城県,稲敷郡阿見町,大字吉原３５７７
3001392,茨城県,稲敷郡河内町,源清田１１８３
3003592,茨城県,結城郡八千代町,大字菅谷１１７０
3003598,茨城県,結城郡八千代町,大字平塚４８２８
3003595,茨城県,結城郡八千代町,大字佐野１１６４
3001696,茨城県,北相馬郡利根町,大字布川８４１−１
