3050000,茨城県,つくば市,
3050062,茨城県,つくば市,赤塚
3050804,茨城県,つくば市,旭
3050031,茨城県,つくば市,吾妻
3050005,茨城県,つくば市,天久保
3050835,茨城県,つくば市,新井
3050076,茨城県,つくば市,新牧田
3050874,茨城県,つくば市,飯田
3050901,茨城県,つくば市,池の台
3050073,茨城県,つくば市,市之台
3050071,茨城県,つくば市,稲岡
3050061,茨城県,つくば市,稲荷前
3050855,茨城県,つくば市,今泉
3050002,茨城県,つくば市,上野
3050023,茨城県,つくば市,上ノ室
3050045,茨城県,つくば市,梅園
3050853,茨城県,つくば市,榎戸
3050016,茨城県,つくば市,大
3050845,茨城県,つくば市,大白硲
3050801,茨城県,つくば市,大穂
3050851,茨城県,つくば市,大わし
3050026,茨城県,つくば市,岡村新田
3050053,茨城県,つくば市,小野川
3050034,茨城県,つくば市,小野崎
3050816,茨城県,つくば市,学園の森
3050818,茨城県,つくば市,学園南
3050064,茨城県,つくば市,梶内
3050821,茨城県,つくば市,春日
3050877,茨城県,つくば市,片田
3050824,茨城県,つくば市,葛城根崎
3050871,茨城県,つくば市,上萱丸
3050011,茨城県,つくば市,上境
3050055,茨城県,つくば市,上原
3050041,茨城県,つくば市,上広岡
3050854,茨城県,つくば市,上横場
3050822,茨城県,つくば市,苅間
3050856,茨城県,つくば市,観音台
3050022,茨城県,つくば市,吉瀬
3050811,茨城県,つくば市,北郷
3050072,茨城県,つくば市,北中島
3050066,茨城県,つくば市,北中妻
3050024,茨城県,つくば市,倉掛
3050001,茨城県,つくば市,栗原
3050817,茨城県,つくば市,研究学園
3050074,茨城県,つくば市,高野台
3050844,茨城県,つくば市,小白硲
3050018,茨城県,つくば市,金田
3050028,茨城県,つくば市,妻木
3050036,茨城県,つくば市,西郷
3050867,茨城県,つくば市,境田
3050864,茨城県,つくば市,境松
3050013,茨城県,つくば市,栄
3050003,茨城県,つくば市,桜
3050019,茨城県,つくば市,さくらの森
3050043,茨城県,つくば市,大角豆
3050004,茨城県,つくば市,柴崎
3050833,茨城県,つくば市,島
3050872,茨城県,つくば市,下萱丸
3050063,茨城県,つくば市,下原
3050813,茨城県,つくば市,下平塚
3050042,茨城県,つくば市,下広岡
3050075,茨城県,つくば市,下横場
3050014,茨城県,つくば市,松栄
3050847,茨城県,つくば市,陣場
3050047,茨城県,つくば市,千現
3050868,茨城県,つくば市,台町
3050846,茨城県,つくば市,平
3050077,茨城県,つくば市,鷹野原
3050032,茨城県,つくば市,竹園
3050802,茨城県,つくば市,立原
3050067,茨城県,つくば市,館野
3050834,茨城県,つくば市,手代木
3050006,茨城県,つくば市,天王台
3050068,茨城県,つくば市,中内
3050012,茨城県,つくば市,中根
3050873,茨城県,つくば市,中野
3050052,茨城県,つくば市,長峰
3050044,茨城県,つくば市,並木
3050054,茨城県,つくば市,西大沼
3050831,茨城県,つくば市,西大橋
3050832,茨城県,つくば市,西岡
3050876,茨城県,つくば市,西栗山
3050902,茨城県,つくば市,西の沢
3050815,茨城県,つくば市,西原
3050814,茨城県,つくば市,西平塚
3050051,茨城県,つくば市,二の宮
3050865,茨城県,つくば市,根崎
3050843,茨城県,つくば市,八幡台
3050875,茨城県,つくば市,花島新田
3050029,茨城県,つくば市,花園
3050805,茨城県,つくば市,花畑
3050025,茨城県,つくば市,花室
3050857,茨城県,つくば市,羽成
3050823,茨城県,つくば市,原
3050007,茨城県,つくば市,春風台
3050046,茨城県,つくば市,東
3050033,茨城県,つくば市,東新井
3050027,茨城県,つくば市,東岡
3050812,茨城県,つくば市,東平塚
3050862,茨城県,つくば市,東丸山
3050852,茨城県,つくば市,藤本
3050021,茨城県,つくば市,古来
3050866,茨城県,つくば市,古館
3050035,茨城県,つくば市,松代
3050015,茨城県,つくば市,松塚
3050056,茨城県,つくば市,松野木
3050903,茨城県,つくば市,松の里
3050863,茨城県,つくば市,緑が丘
3050881,茨城県,つくば市,みどりの
3050882,茨城県,つくば市,みどりの中央
3050883,茨城県,つくば市,みどりの東
3050884,茨城県,つくば市,みどりの南
3050065,茨城県,つくば市,南中妻
3050803,茨城県,つくば市,南原
3050841,茨城県,つくば市,御幸が丘
3050842,茨城県,つくば市,柳橋
3050861,茨城県,つくば市,谷田部
3050836,茨城県,つくば市,山中
3050017,茨城県,つくば市,横町
3050008,茨城県,つくば市,流星台
3058687,茨城県,つくば市,松の里１（筑波農林研究団地内郵便局私書箱第１６号）
3058516,茨城県,つくば市,南原１−６
3058585,茨城県,つくば市,御幸が丘２１
3058510,茨城県,つくば市,西大橋５９９−１
3058701,茨城県,つくば市,さくらの森２５−３ＺＯＺＯＢＡＳＥつくば２
3058503,茨城県,つくば市,小野崎２６０−１ヒロサワつくばビル５階
3058504,茨城県,つくば市,高野台二丁目８番１４号
3058686,茨城県,つくば市,大わし１−２（筑波農林研究団地内郵便局私書箱第１４号）
3058561,茨城県,つくば市,東１丁目１−１中央第１
3058565,茨城県,つくば市,東１丁目１−１中央第５
3058563,茨城県,つくば市,梅園１丁目１−１中央第３
3058567,茨城県,つくば市,東１丁目１−１中央第７
3058568,茨城県,つくば市,梅園１丁目１−１中央第２
3058566,茨城県,つくば市,東１丁目１−１中央第６
3058569,茨城県,つくば市,小野川１６−１
3058564,茨城県,つくば市,並木１丁目２−１
3058517,茨城県,つくば市,観音台３−１−１
3058518,茨城県,つくば市,観音台２−１−２
3058666,茨城県,つくば市,観音台２−１−１８
3058604,茨城県,つくば市,観音台三丁目１番地３
3058519,茨城県,つくば市,観音台３−１−１
3058560,茨城県,つくば市,梅園１丁目１−１中央第１
3058520,茨城県,つくば市,天久保４丁目３−１５
3058521,茨城県,つくば市,春日４丁目１２−７
3058515,茨城県,つくば市,東新井１２−２
3058555,茨城県,つくば市,研究学園一丁目１番地１
3058575,茨城県,つくば市,天王台１−１−１
3058574,茨城県,つくば市,天王台１−１−１
3058571,茨城県,つくば市,天王台１−１−１
3058573,茨城県,つくば市,天王台１−１−１
3058572,茨城県,つくば市,天王台１−１−１
3058550,茨城県,つくば市,春日１−２
3058577,茨城県,つくば市,天王台１−１−１
3058576,茨城県,つくば市,天久保２−１−１
3058505,茨城県,つくば市,千現２−１−１
3058506,茨城県,つくば市,小野川１６−２
3058642,茨城県,つくば市,観音台２丁目１−２（筑波農林研究団地内郵便局私書箱第１１号）
3058609,茨城県,つくば市,観音台２丁目１−６
3058602,茨城県,つくば市,観音台２丁目１−２（筑波農林研究団地内郵便局私書箱第１２号）
3058501,茨城県,つくば市,御幸が丘３４番地
3058605,茨城県,つくば市,藤本２−１
3058601,茨城県,つくば市,観音台２丁目１−２（筑波農林研究団地内郵便局私書箱第１号）
3058502,茨城県,つくば市,稲荷前１−１
