3114141,茨城県,水戸市,赤塚
3111122,茨城県,水戸市,秋成町
3114165,茨城県,水戸市,木葉下町
3114155,茨城県,水戸市,飯島町
3114206,茨城県,水戸市,飯富町
3114202,茨城県,水戸市,岩根町
3111115,茨城県,水戸市,大串町
3114143,茨城県,水戸市,大塚町
3111125,茨城県,水戸市,大場町
3114163,茨城県,水戸市,加倉井町
3114162,茨城県,水戸市,金谷町
3114203,茨城県,水戸市,上国井町
3114154,茨城県,水戸市,萱場町
3111112,茨城県,水戸市,川又町
3114152,茨城県,水戸市,河和田
3114153,茨城県,水戸市,河和田町
3111133,茨城県,水戸市,栗崎町
3111111,茨城県,水戸市,小泉町
3111114,茨城県,水戸市,塩崎町
3111121,茨城県,水戸市,島田町
3111123,茨城県,水戸市,下入野町
3111131,茨城県,水戸市,下大野町
3114205,茨城県,水戸市,下国井町
3114204,茨城県,水戸市,田谷町
3111136,茨城県,水戸市,東前
3111132,茨城県,水戸市,東前町
3114146,茨城県,水戸市,中丸町
3114207,茨城県,水戸市,成沢町
3114142,茨城県,水戸市,東赤塚
3114151,茨城県,水戸市,姫子
3114144,茨城県,水戸市,開江町
3111113,茨城県,水戸市,平戸町
3114201,茨城県,水戸市,藤井町
3114208,茨城県,水戸市,藤が原
3114145,茨城県,水戸市,双葉台
3114161,茨城県,水戸市,全隈町
3111124,茨城県,水戸市,森戸町
3114164,茨城県,水戸市,谷津町
3111134,茨城県,水戸市,百合が丘町
3111135,茨城県,水戸市,六反田町
3110402,茨城県,日立市,入四間町
3110404,茨城県,日立市,下深荻町
3110401,茨城県,日立市,中深荻町
3110403,茨城県,日立市,東河内町
3110508,茨城県,常陸太田市,大菅町
3110505,茨城県,常陸太田市,大中町
3110506,茨城県,常陸太田市,折橋町
3110509,茨城県,常陸太田市,上深荻町
3110301,茨城県,常陸太田市,河内西町
3110507,茨城県,常陸太田市,小菅町
3110503,茨城県,常陸太田市,小妻町
3110504,茨城県,常陸太田市,小中町
3110501,茨城県,常陸太田市,里川町
3110325,茨城県,常陸太田市,里野宮町
3110322,茨城県,常陸太田市,常福地町
3110324,茨城県,常陸太田市,白羽町
3110323,茨城県,常陸太田市,茅根町
3110502,茨城県,常陸太田市,徳田町
3110314,茨城県,常陸太田市,西河内上町
3110313,茨城県,常陸太田市,西河内中町
3110312,茨城県,常陸太田市,西河内下町
3110321,茨城県,常陸太田市,春友町
3110311,茨城県,常陸太田市,町屋町
3111241,茨城県,ひたちなか市,赤坂
3111264,茨城県,ひたちなか市,浅井内
3111201,茨城県,ひたちなか市,阿字ケ浦町
3111255,茨城県,ひたちなか市,雨沢谷津
3111202,茨城県,ひたちなか市,磯崎町
3111213,茨城県,ひたちなか市,牛久保
3111263,茨城県,ひたちなか市,和尚塚
3111222,茨城県,ひたちなか市,海門町
3111207,茨城県,ひたちなか市,烏ケ台
3111243,茨城県,ひたちなか市,北神敷台
3111236,茨城県,ひたちなか市,国神前
3111253,茨城県,ひたちなか市,小谷金
3111226,茨城県,ひたちなか市,幸町
3111223,茨城県,ひたちなか市,栄町
3111211,茨城県,ひたちなか市,沢メキ
3111247,茨城県,ひたちなか市,四十発句
3111225,茨城県,ひたちなか市,釈迦町
3111205,茨城県,ひたちなか市,十三奉行
3111237,茨城県,ひたちなか市,関戸
3111246,茨城県,ひたちなか市,相金町
3111245,茨城県,ひたちなか市,館山
3111235,茨城県,ひたちなか市,田中後
3111248,茨城県,ひたちなか市,田宮原
3111261,茨城県,ひたちなか市,鶴代
3111227,茨城県,ひたちなか市,洞下町
3111262,茨城県,ひたちなか市,道メキ
3111212,茨城県,ひたちなか市,殿山町
3111254,茨城県,ひたちなか市,新堤
3111242,茨城県,ひたちなか市,西赤坂
3111206,茨城県,ひたちなか市,西十三奉行
3111228,茨城県,ひたちなか市,八幡町
3111215,茨城県,ひたちなか市,東本町
3111203,茨城県,ひたちなか市,平磯町
3111204,茨城県,ひたちなか市,平磯遠原町
3111218,茨城県,ひたちなか市,富士ノ上
3111217,茨城県,ひたちなか市,富士ノ下
3111266,茨城県,ひたちなか市,船窪
3111252,茨城県,ひたちなか市,部田野
3111233,茨城県,ひたちなか市,堀川
3111267,茨城県,ひたちなか市,廻り目
3111238,茨城県,ひたちなか市,美田多町
3111216,茨城県,ひたちなか市,湊泉町
3111229,茨城県,ひたちなか市,湊中央
3111268,茨城県,ひたちなか市,湊中原
3111221,茨城県,ひたちなか市,湊本町
3111244,茨城県,ひたちなか市,南神敷台
3111234,茨城県,ひたちなか市,峰後
3111265,茨城県,ひたちなか市,狢谷津
3111232,茨城県,ひたちなか市,柳が丘
3111231,茨城県,ひたちなか市,柳沢
3111251,茨城県,ひたちなか市,山崎
3111224,茨城県,ひたちなか市,山ノ上町
3111214,茨城県,ひたちなか市,和田町
3112211,茨城県,鹿嶋市,青塚
3112204,茨城県,鹿嶋市,荒井
3112215,茨城県,鹿嶋市,和
3112221,茨城県,鹿嶋市,荒野
3112222,茨城県,鹿嶋市,小山
3112207,茨城県,鹿嶋市,志崎
3112201,茨城県,鹿嶋市,大小志崎
3112206,茨城県,鹿嶋市,武井
3112202,茨城県,鹿嶋市,武井釜
3112214,茨城県,鹿嶋市,棚木
3112205,茨城県,鹿嶋市,津賀
3112212,茨城県,鹿嶋市,角折
3112213,茨城県,鹿嶋市,中
3112224,茨城県,鹿嶋市,奈良毛
3112203,茨城県,鹿嶋市,浜津賀
3112223,茨城県,鹿嶋市,林
3112400,茨城県,潮来市,
3112425,茨城県,潮来市,あやめ
3112424,茨城県,潮来市,潮来
3112436,茨城県,潮来市,牛堀
3112435,茨城県,潮来市,上戸
3112402,茨城県,潮来市,大生
3112401,茨城県,潮来市,大賀
3112422,茨城県,潮来市,大洲
3112426,茨城県,潮来市,大塚野
3112441,茨城県,潮来市,大山
3112403,茨城県,潮来市,釜谷
3112440,茨城県,潮来市,川尾
3112431,茨城県,潮来市,清水
3112442,茨城県,潮来市,小泉
3112444,茨城県,潮来市,小泉南
3112407,茨城県,潮来市,下田
3112434,茨城県,潮来市,島須
3112406,茨城県,潮来市,新宮
3112443,茨城県,潮来市,新宮南
3112448,茨城県,潮来市,須賀
3112446,茨城県,潮来市,須賀南
3112408,茨城県,潮来市,洲崎
3112405,茨城県,潮来市,築地
3112421,茨城県,潮来市,辻
3112418,茨城県,潮来市,徳島
3112437,茨城県,潮来市,永山
3112415,茨城県,潮来市,延方
3112409,茨城県,潮来市,延方東
3112410,茨城県,潮来市,延方西
3112423,茨城県,潮来市,日の出
3112419,茨城県,潮来市,福島
3112449,茨城県,潮来市,古高
3112433,茨城県,潮来市,堀之内
3112416,茨城県,潮来市,前川
3112447,茨城県,潮来市,曲松
3112445,茨城県,潮来市,曲松南
3112404,茨城県,潮来市,水原
3112412,茨城県,潮来市,宮前
3112432,茨城県,潮来市,茂木
3112417,茨城県,潮来市,米島
3114611,茨城県,常陸大宮市,秋田
3114501,茨城県,常陸大宮市,門井
3114614,茨城県,常陸大宮市,金井
3114617,茨城県,常陸大宮市,上伊勢畑
3114615,茨城県,常陸大宮市,下伊勢畑
3114612,茨城県,常陸大宮市,中居
3114613,茨城県,常陸大宮市,長倉
3114503,茨城県,常陸大宮市,野口
3114502,茨城県,常陸大宮市,野口平
3114618,茨城県,常陸大宮市,野田
3114616,茨城県,常陸大宮市,桧山
3110100,茨城県,那珂市,
3110134,茨城県,那珂市,飯田
3110125,茨城県,那珂市,大内
3110135,茨城県,那珂市,鹿島
3110136,茨城県,那珂市,門部
3110116,茨城県,那珂市,上河内
3110123,茨城県,那珂市,上国井
3110131,茨城県,那珂市,北酒出
3110133,茨城県,那珂市,鴻巣
3110111,茨城県,那珂市,後台
3110126,茨城県,那珂市,下江戸
3110105,茨城県,那珂市,菅谷
3110106,茨城県,那珂市,杉
3110110,茨城県,那珂市,竹ノ内
3110124,茨城県,那珂市,田崎
3110112,茨城県,那珂市,津田
3110104,茨城県,那珂市,堤
3110122,茨城県,那珂市,戸
3110121,茨城県,那珂市,戸崎
3110117,茨城県,那珂市,豊喰
3110113,茨城県,那珂市,中台
3110115,茨城県,那珂市,西木倉
3110108,茨城県,那珂市,額田北郷
3110109,茨城県,那珂市,額田東郷
3110107,茨城県,那珂市,額田南郷
3110114,茨城県,那珂市,東木倉
3110118,茨城県,那珂市,福田
3110132,茨城県,那珂市,南酒出
3110102,茨城県,那珂市,向山
3110101,茨城県,那珂市,本米崎
3110103,茨城県,那珂市,横堀
3113800,茨城県,行方市,
3113831,茨城県,行方市,青沼
3113832,茨城県,行方市,麻生
3113814,茨城県,行方市,天掛
3113518,茨城県,行方市,荒宿
3113803,茨城県,行方市,井貝
3113827,茨城県,行方市,石神
3113817,茨城県,行方市,板峰
3113515,茨城県,行方市,井上
3113516,茨城県,行方市,井上藤井
3113824,茨城県,行方市,宇崎
3111705,茨城県,行方市,内宿
3113822,茨城県,行方市,岡
3113508,茨城県,行方市,沖洲
3113802,茨城県,行方市,於下
3113804,茨城県,行方市,小高
3111724,茨城県,行方市,小貫
3111715,茨城県,行方市,小幡
3111716,茨城県,行方市,北高岡
3113821,茨城県,行方市,蔵川
3113807,茨城県,行方市,五町田
3113816,茨城県,行方市,小牧
3113813,茨城県,行方市,籠田
3113514,茨城県,行方市,西蓮寺
3113835,茨城県,行方市,島並
3113823,茨城県,行方市,白浜
3113811,茨城県,行方市,四鹿
3113815,茨城県,行方市,新宮
3113812,茨城県,行方市,杉平
3113501,茨城県,行方市,芹沢
3113511,茨城県,行方市,玉造乙
3113512,茨城県,行方市,玉造甲
3113513,茨城県,行方市,手賀
3113833,茨城県,行方市,富田
3111713,茨城県,行方市,中根
3111701,茨城県,行方市,長野江
3111722,茨城県,行方市,次木
3113801,茨城県,行方市,行方
3111703,茨城県,行方市,成田
3113825,茨城県,行方市,根小屋
3113503,茨城県,行方市,捻木
3113805,茨城県,行方市,橋門
3113507,茨城県,行方市,羽生
3113505,茨城県,行方市,浜
3111712,茨城県,行方市,繁昌
3113517,茨城県,行方市,藤井
3113806,茨城県,行方市,船子
3113834,茨城県,行方市,粗毛
3113836,茨城県,行方市,南
3111714,茨城県,行方市,南高岡
3111702,茨城県,行方市,三和
3113506,茨城県,行方市,八木蒔
3113504,茨城県,行方市,谷島
3113826,茨城県,行方市,矢幡
3111704,茨城県,行方市,山田
3111723,茨城県,行方市,行戸
3111711,茨城県,行方市,吉川
3111721,茨城県,行方市,両宿
3113502,茨城県,行方市,若海
3111500,茨城県,鉾田市,
3111535,茨城県,鉾田市,青柳
3112101,茨城県,鉾田市,青山
3111506,茨城県,鉾田市,秋山
3112118,茨城県,鉾田市,阿玉
3111411,茨城県,鉾田市,荒地
3111504,茨城県,鉾田市,安房
3112112,茨城県,鉾田市,飯島
3111521,茨城県,鉾田市,飯名
3112114,茨城県,鉾田市,江川
3112117,茨城県,鉾田市,大蔵
3111513,茨城県,鉾田市,大竹
3111502,茨城県,鉾田市,大戸
3111536,茨城県,鉾田市,大和田
3112104,茨城県,鉾田市,梶山
3111511,茨城県,鉾田市,柏熊
3111424,茨城県,鉾田市,柏熊新田
3111422,茨城県,鉾田市,勝下
3111421,茨城県,鉾田市,勝下新田
3111515,茨城県,鉾田市,烟田
3111405,茨城県,鉾田市,上太田
3111403,茨城県,鉾田市,上釜
3112111,茨城県,鉾田市,上沢
3111532,茨城県,鉾田市,上冨田
3112113,茨城県,鉾田市,上幡木
3111527,茨城県,鉾田市,借宿
3111523,茨城県,鉾田市,串挽
3112103,茨城県,鉾田市,汲上
3111414,茨城県,鉾田市,子生
3111505,茨城県,鉾田市,駒木根
3111404,茨城県,鉾田市,沢尻
3111416,茨城県,鉾田市,鹿田
3111402,茨城県,鉾田市,下太田
3111533,茨城県,鉾田市,下冨田
3111512,茨城県,鉾田市,白塚
3111516,茨城県,鉾田市,新鉾田
3111518,茨城県,鉾田市,新鉾田西
3111531,茨城県,鉾田市,菅野谷
3112102,茨城県,鉾田市,台濁沢
3111524,茨城県,鉾田市,高田
3111423,茨城県,鉾田市,滝浜
3111406,茨城県,鉾田市,田崎
3111412,茨城県,鉾田市,玉田
3111415,茨城県,鉾田市,造谷
3111522,茨城県,鉾田市,塔ケ崎
3111528,茨城県,鉾田市,当間
3111427,茨城県,鉾田市,常磐
3111503,茨城県,鉾田市,徳宿
3111534,茨城県,鉾田市,鳥栖
3112115,茨城県,鉾田市,中居
3111525,茨城県,鉾田市,野友
3111526,茨城県,鉾田市,半原
3111413,茨城県,鉾田市,冷水
3112116,茨城県,鉾田市,札
3112105,茨城県,鉾田市,二重作
3111501,茨城県,鉾田市,舟木
3111517,茨城県,鉾田市,鉾田
3111401,茨城県,鉾田市,箕輪
3111537,茨城県,鉾田市,紅葉
3111426,茨城県,鉾田市,樅山
3111514,茨城県,鉾田市,安塚
3111425,茨城県,鉾田市,湯坪
3113404,茨城県,小美玉市,飯前
3113423,茨城県,小美玉市,小川
3113405,茨城県,小美玉市,上合
3113436,茨城県,小美玉市,上玉里
3113403,茨城県,小美玉市,上吉影
3113412,茨城県,小美玉市,川戸
3113431,茨城県,小美玉市,川中子
3113417,茨城県,小美玉市,倉数
3113434,茨城県,小美玉市,栗又四ケ
3113425,茨城県,小美玉市,小塙
3113402,茨城県,小美玉市,佐才
3113432,茨城県,小美玉市,下玉里
3113426,茨城県,小美玉市,下馬場
3113406,茨城県,小美玉市,下吉影
3113401,茨城県,小美玉市,世楽
3113433,茨城県,小美玉市,高崎
3113435,茨城県,小美玉市,田木谷
3113414,茨城県,小美玉市,外之内
3113422,茨城県,小美玉市,中延
3113411,茨城県,小美玉市,野田
3113424,茨城県,小美玉市,幡谷
3113437,茨城県,小美玉市,東田中
3113415,茨城県,小美玉市,百里
3113421,茨城県,小美玉市,宮田
3113413,茨城県,小美玉市,山野
3113416,茨城県,小美玉市,与沢
3113100,茨城県,東茨城郡茨城町,
3113137,茨城県,東茨城郡茨城町,網掛
3113147,茨城県,東茨城郡茨城町,秋葉
3113152,茨城県,東茨城郡茨城町,飯沼
3113111,茨城県,東茨城郡茨城町,馬渡
3113135,茨城県,東茨城郡茨城町,海老沢
3113114,茨城県,東茨城郡茨城町,大戸
3113156,茨城県,東茨城郡茨城町,奥谷
3113131,茨城県,東茨城郡茨城町,小堤
3113157,茨城県,東茨城郡茨城町,小幡
3113145,茨城県,東茨城郡茨城町,上雨ケ谷
3113153,茨城県,東茨城郡茨城町,上飯沼
3113122,茨城県,東茨城郡茨城町,上石崎
3113134,茨城県,東茨城郡茨城町,神宿
3113141,茨城県,東茨城郡茨城町,神谷
3113151,茨城県,東茨城郡茨城町,木部
3113146,茨城県,東茨城郡茨城町,下座
3113107,茨城県,東茨城郡茨城町,小鶴
3113132,茨城県,東茨城郡茨城町,駒場
3113104,茨城県,東茨城郡茨城町,駒渡
3113106,茨城県,東茨城郡茨城町,越安
3113113,茨城県,東茨城郡茨城町,近藤
3113117,茨城県,東茨城郡茨城町,桜の郷
3113144,茨城県,東茨城郡茨城町,下雨ケ谷
3113154,茨城県,東茨城郡茨城町,下飯沼
3113125,茨城県,東茨城郡茨城町,下石崎
3113155,茨城県,東茨城郡茨城町,下土師
3113138,茨城県,東茨城郡茨城町,城之内
3113105,茨城県,東茨城郡茨城町,蕎麦原
3113108,茨城県,東茨城郡茨城町,中央工業団地
3113112,茨城県,東茨城郡茨城町,常井
3113142,茨城県,東茨城郡茨城町,鳥羽田
3113124,茨城県,東茨城郡茨城町,中石崎
3113116,茨城県,東茨城郡茨城町,長岡
3113143,茨城県,東茨城郡茨城町,生井沢
3113103,茨城県,東茨城郡茨城町,野曽
3113115,茨城県,東茨城郡茨城町,前田
3113101,茨城県,東茨城郡茨城町,南川又
3113102,茨城県,東茨城郡茨城町,南栗崎
3113133,茨城県,東茨城郡茨城町,南島田
3113136,茨城県,東茨城郡茨城町,宮ケ崎
3113121,茨城県,東茨城郡茨城町,谷田部
3113123,茨城県,東茨城郡茨城町,若宮
3111300,茨城県,東茨城郡大洗町,
3111301,茨城県,東茨城郡大洗町,磯浜町
3111302,茨城県,東茨城郡大洗町,磯道
3111311,茨城県,東茨城郡大洗町,大貫町
3111312,茨城県,東茨城郡大洗町,神山町
3111306,茨城県,東茨城郡大洗町,五反田
3111307,茨城県,東茨城郡大洗町,桜道
3111303,茨城県,東茨城郡大洗町,東光台
3111313,茨城県,東茨城郡大洗町,成田町
3111305,茨城県,東茨城郡大洗町,港中央
3111304,茨城県,東茨城郡大洗町,和銅
3114300,茨城県,東茨城郡城里町,
3114321,茨城県,東茨城郡城里町,粟
3114344,茨城県,東茨城郡城里町,阿波山
3114303,茨城県,東茨城郡城里町,石塚
3114312,茨城県,東茨城郡城里町,磯野
3114331,茨城県,東茨城郡城里町,岩船
3114403,茨城県,東茨城郡城里町,大網
3114402,茨城県,東茨城郡城里町,小勝
3114316,茨城県,東茨城郡城里町,小坂
3114317,茨城県,東茨城郡城里町,勝見沢
3114305,茨城県,東茨城郡城里町,上青山
3114405,茨城県,東茨城郡城里町,上赤沢
3114323,茨城県,東茨城郡城里町,上圷
3114342,茨城県,東茨城郡城里町,上阿野沢
3114301,茨城県,東茨城郡城里町,上泉
3114313,茨城県,東茨城郡城里町,上入野
3114315,茨城県,東茨城郡城里町,上古内
3114325,茨城県,東茨城郡城里町,北方
3114341,茨城県,東茨城郡城里町,御前山
3114404,茨城県,東茨城郡城里町,真端
3114401,茨城県,東茨城郡城里町,塩子
3114304,茨城県,東茨城郡城里町,下青山
3114406,茨城県,東茨城郡城里町,下赤沢
3114322,茨城県,東茨城郡城里町,下圷
3114343,茨城県,東茨城郡城里町,下阿野沢
3114314,茨城県,東茨城郡城里町,下古内
3114335,茨城県,東茨城郡城里町,錫高野
3114324,茨城県,東茨城郡城里町,高久
3114333,茨城県,東茨城郡城里町,高根
3114332,茨城県,東茨城郡城里町,高根台
3114407,茨城県,東茨城郡城里町,徳蔵
3114302,茨城県,東茨城郡城里町,那珂西
3114306,茨城県,東茨城郡城里町,春園
3114334,茨城県,東茨城郡城里町,孫根
3114311,茨城県,東茨城郡城里町,増井
3114411,栃木県,芳賀郡茂木町,桧山
3114194,茨城県,水戸市,木葉下町富士山２９２−１９
3114193,茨城県,水戸市,赤塚１丁目２０２９−１２１
3114196,茨城県,水戸市,谷津町１−４０
3114195,茨城県,水戸市,木葉下町富士山２９２−２９
3114198,茨城県,水戸市,双葉台３丁目３−１０
3112493,茨城県,潮来市,辻６２６
3112495,茨城県,潮来市,牛堀１７
3112492,茨城県,潮来市,小泉南１３５８
3114592,茨城県,常陸大宮市,野口３１９５
3110193,茨城県,那珂市,向山８０１番地１
3110192,茨城県,那珂市,福田１８１９−５
3111792,茨城県,行方市,山田２５６４−１０
3113893,茨城県,行方市,麻生１７００−６
3113894,茨城県,行方市,板峰１８７
3113892,茨城県,行方市,麻生１５６１−９
3113880,茨城県,行方市,宇崎１５６１
3111493,茨城県,鉾田市,箕輪１６３２−１
3111492,茨城県,鉾田市,造谷６０５−３
3111592,茨城県,鉾田市,鉾田１４４４−１
3111593,茨城県,鉾田市,鉾田１３６７−３
3113492,茨城県,小美玉市,小川４−１１
3113493,茨城県,小美玉市,上玉里２２２１
3113494,茨城県,小美玉市,百里１７０（常陸小川郵便局私書箱第１号）
3113497,茨城県,小美玉市,上玉里２２３９−１
3113498,茨城県,小美玉市,上玉里２２５６
3113197,茨城県,東茨城郡茨城町,大字長岡字矢頭３７８３−３
3113195,茨城県,東茨城郡茨城町,大字長岡３７８１−１
3113192,茨城県,東茨城郡茨城町,大字小堤１０８０
3113193,茨城県,東茨城郡茨城町,桜の郷２８０
3113194,茨城県,東茨城郡茨城町,大字長岡３５４８
3111392,茨城県,東茨城郡大洗町,磯浜町６８８１−２７５
3111393,茨城県,東茨城郡大洗町,成田町４００２番地
3114392,茨城県,東茨城郡城里町,大字春園１６３４
3114393,茨城県,東茨城郡城里町,大字那珂西２２７０−１
3114391,茨城県,東茨城郡城里町,大字石塚１４２８−２５
3114595,茨城県,東茨城郡城里町,大字阿波山１７６
