3291113,栃木県,宇都宮市,相野沢町
3291117,栃木県,宇都宮市,叶谷町
3291106,栃木県,宇都宮市,上大塚町
3291112,栃木県,宇都宮市,上田原町
3291111,栃木県,宇都宮市,逆面町
3291101,栃木県,宇都宮市,下ケ橋町
3291104,栃木県,宇都宮市,下岡本町
3291115,栃木県,宇都宮市,下田原町
3291102,栃木県,宇都宮市,白沢町
3291114,栃木県,宇都宮市,宝井町
3291105,栃木県,宇都宮市,中岡本町
3291107,栃木県,宇都宮市,長峰町
3291103,栃木県,宇都宮市,東岡本町
3291108,栃木県,宇都宮市,古田町
3291116,栃木県,宇都宮市,立伏町
3294212,栃木県,足利市,稲岡町
3294215,栃木県,足利市,奥戸町
3294217,栃木県,足利市,駒場町
3294214,栃木県,足利市,多田木町
3294213,栃木県,足利市,寺岡町
3294211,栃木県,足利市,西場町
3294216,栃木県,足利市,迫間町
3294302,栃木県,栃木市,岩舟町五十畑
3294303,栃木県,栃木市,岩舟町和泉
3294314,栃木県,栃木市,岩舟町小野寺
3294313,栃木県,栃木市,岩舟町上岡
3294307,栃木県,栃木市,岩舟町静
3294305,栃木県,栃木市,岩舟町静戸
3294304,栃木県,栃木市,岩舟町静和
3294312,栃木県,栃木市,岩舟町下岡
3294308,栃木県,栃木市,岩舟町下津原
3294309,栃木県,栃木市,岩舟町畳岡
3294316,栃木県,栃木市,岩舟町新里
3294311,栃木県,栃木市,岩舟町古江
3294306,栃木県,栃木市,岩舟町曲ケ島
3294315,栃木県,栃木市,岩舟町三谷
3294301,栃木県,栃木市,岩舟町鷲巣
3294425,栃木県,栃木市,大平町新
3294401,栃木県,栃木市,大平町牛久
3294422,栃木県,栃木市,大平町榎本
3294413,栃木県,栃木市,大平町上高島
3294407,栃木県,栃木市,大平町川連
3294412,栃木県,栃木市,大平町北武井
3294403,栃木県,栃木市,大平町蔵井
3294414,栃木県,栃木市,大平町下高島
3294406,栃木県,栃木市,大平町下皆川
3294404,栃木県,栃木市,大平町富田
3294402,栃木県,栃木市,大平町土与
3294421,栃木県,栃木市,大平町西野田
3294423,栃木県,栃木市,大平町西水代
3294405,栃木県,栃木市,大平町西山田
3294424,栃木県,栃木市,大平町伯仲
3294415,栃木県,栃木市,大平町真弓
3294411,栃木県,栃木市,大平町横堀
3290316,栃木県,栃木市,藤岡町石川
3290317,栃木県,栃木市,藤岡町帯刀
3290311,栃木県,栃木市,藤岡町富吉
3290319,栃木県,栃木市,藤岡町中根
3290318,栃木県,栃木市,藤岡町西前原
3290314,栃木県,栃木市,藤岡町新波
3290312,栃木県,栃木市,藤岡町蛭沼
3290315,栃木県,栃木市,藤岡町部屋
3290313,栃木県,栃木市,藤岡町緑川
3290211,栃木県,小山市,暁
3290215,栃木県,小山市,網戸
3290201,栃木県,小山市,粟宮
3290207,栃木県,小山市,美しが丘
3290228,栃木県,小山市,押切
3290214,栃木県,小山市,乙女
3290229,栃木県,小山市,鏡
3290222,栃木県,小山市,上生井
3290221,栃木県,小山市,生良
3290226,栃木県,小山市,寒川
3290223,栃木県,小山市,下生井
3290224,栃木県,小山市,白鳥
3290202,栃木県,小山市,千駄塚
3290227,栃木県,小山市,中里
3290216,栃木県,小山市,楢木
3290203,栃木県,小山市,西黒田
3290225,栃木県,小山市,迫間田
3290204,栃木県,小山市,東黒田
3290206,栃木県,小山市,東間々田
3290212,栃木県,小山市,平和
3290205,栃木県,小山市,間々田
3290213,栃木県,小山市,南飯田
3290217,栃木県,小山市,南乙女
3292100,栃木県,矢板市,
3292136,栃木県,矢板市,東町
3292121,栃木県,矢板市,荒井
3291572,栃木県,矢板市,安沢
3291576,栃木県,矢板市,石関
3292504,栃木県,矢板市,泉
3292161,栃木県,矢板市,扇町
3291575,栃木県,矢板市,大槻
3291574,栃木県,矢板市,乙畑
3292163,栃木県,矢板市,鹿島町
3291571,栃木県,矢板市,片岡
3292155,栃木県,矢板市,片俣
3292501,栃木県,矢板市,上伊佐野
3292513,栃木県,矢板市,上太田
3292123,栃木県,矢板市,上町
3292144,栃木県,矢板市,川崎反町
3292142,栃木県,矢板市,木幡
3292154,栃木県,矢板市,倉掛
3292151,栃木県,矢板市,幸岡
3291573,栃木県,矢板市,越畑
3291579,栃木県,矢板市,こぶし台
3292143,栃木県,矢板市,境林
3292132,栃木県,矢板市,沢
3292156,栃木県,矢板市,塩田
3292502,栃木県,矢板市,下伊佐野
3292124,栃木県,矢板市,下太田
3292162,栃木県,矢板市,末広町
3292153,栃木県,矢板市,高塩
3292505,栃木県,矢板市,立足
3292152,栃木県,矢板市,館ノ川
3292503,栃木県,矢板市,田野原
3291577,栃木県,矢板市,玉田
3292131,栃木県,矢板市,土屋
3292145,栃木県,矢板市,富田
3292133,栃木県,矢板市,豊田
3292135,栃木県,矢板市,中
3292514,栃木県,矢板市,長井
3292134,栃木県,矢板市,成田
3292141,栃木県,矢板市,早川町
3292122,栃木県,矢板市,針生
3292512,栃木県,矢板市,東泉
3292506,栃木県,矢板市,平野
3292164,栃木県,矢板市,本町
3292165,栃木県,矢板市,矢板
3292511,栃木県,矢板市,山田
3291578,栃木県,矢板市,山苗代
3292721,栃木県,那須塩原市,東町
3292725,栃木県,那須塩原市,あたご町
3292763,栃木県,那須塩原市,井口
3292711,栃木県,那須塩原市,石林
3292732,栃木県,那須塩原市,一区町
3292816,栃木県,那須塩原市,宇都野
3292726,栃木県,那須塩原市,扇町
3293153,栃木県,那須塩原市,大原間
3293157,栃木県,那須塩原市,大原間西
3292803,栃木県,那須塩原市,遅野沢
3292804,栃木県,那須塩原市,折戸
3292812,栃木県,那須塩原市,金沢
3293121,栃木県,那須塩原市,鹿野崎
3292748,栃木県,那須塩原市,上赤田
3293134,栃木県,那須塩原市,上大塚新田
3292814,栃木県,那須塩原市,上大貫
3293127,栃木県,那須塩原市,上郷屋
3292923,栃木県,那須塩原市,上塩原
3293154,栃木県,那須塩原市,上中野
3292805,栃木県,那須塩原市,上横林
3293131,栃木県,那須塩原市,唐杉
3293145,栃木県,那須塩原市,木曾畑中
3292741,栃木県,那須塩原市,北赤田
3292734,栃木県,那須塩原市,北二つ室
3293132,栃木県,那須塩原市,北弥六
3293151,栃木県,那須塩原市,北和田
3293133,栃木県,那須塩原市,沓掛
3292753,栃木県,那須塩原市,五軒町
3293155,栃木県,那須塩原市,笹沼
3293142,栃木県,那須塩原市,佐野
3292745,栃木県,那須塩原市,三区町
3293143,栃木県,那須塩原市,三本木
3293122,栃木県,那須塩原市,塩野崎
3293123,栃木県,那須塩原市,塩野崎新田
3292921,栃木県,那須塩原市,塩原
3293152,栃木県,那須塩原市,島方
3292815,栃木県,那須塩原市,下大貫
3292811,栃木県,那須塩原市,下田野
3292712,栃木県,那須塩原市,下永田
3293146,栃木県,那須塩原市,下中野
3292704,栃木県,那須塩原市,新南
3292701,栃木県,那須塩原市,関根
3292801,栃木県,那須塩原市,関谷
3292747,栃木県,那須塩原市,千本松
3292813,栃木県,那須塩原市,高阿津
3292707,栃木県,那須塩原市,高柳
3292735,栃木県,那須塩原市,太夫塚
3292703,栃木県,那須塩原市,槻沢
3293126,栃木県,那須塩原市,中内
3292924,栃木県,那須塩原市,中塩原
3292727,栃木県,那須塩原市,永田町
3292733,栃木県,那須塩原市,二区町
3292744,栃木県,那須塩原市,西赤田
3292722,栃木県,那須塩原市,西朝日町
3292764,栃木県,那須塩原市,西遅沢
3292724,栃木県,那須塩原市,西幸町
3292728,栃木県,那須塩原市,西栄町
3292762,栃木県,那須塩原市,西富山
3292755,栃木県,那須塩原市,西原町
3292756,栃木県,那須塩原市,西三島
3292754,栃木県,那須塩原市,西大和
3292807,栃木県,那須塩原市,接骨木
3293144,栃木県,那須塩原市,沼野田和
3293124,栃木県,那須塩原市,波立
3292742,栃木県,那須塩原市,東赤田
3292761,栃木県,那須塩原市,東遅沢
3293147,栃木県,那須塩原市,東小屋
3292702,栃木県,那須塩原市,東関根
3292751,栃木県,那須塩原市,東三島
3292802,栃木県,那須塩原市,蟇沼
3292731,栃木県,那須塩原市,二つ室
3293156,栃木県,那須塩原市,方京
3293135,栃木県,那須塩原市,前弥六
3293136,栃木県,那須塩原市,前弥六南町
3292752,栃木県,那須塩原市,三島
3292713,栃木県,那須塩原市,緑
3292743,栃木県,那須塩原市,南赤田
3292705,栃木県,那須塩原市,南郷屋
3292723,栃木県,那須塩原市,南町
3293125,栃木県,那須塩原市,無栗屋
3292706,栃木県,那須塩原市,睦
3293141,栃木県,那須塩原市,山中新田
3292922,栃木県,那須塩原市,湯本塩原
3292806,栃木県,那須塩原市,横林
3292746,栃木県,那須塩原市,四区町
3291300,栃木県,さくら市,
3291311,栃木県,さくら市,氏家
3291315,栃木県,さくら市,氏家新田
3291323,栃木県,さくら市,卯の里
3291306,栃木県,さくら市,上野
3291415,栃木県,さくら市,小入
3291325,栃木県,さくら市,大中
3291334,栃木県,さくら市,押上
3291314,栃木県,さくら市,柿木沢
3291313,栃木県,さくら市,柿木沢新田
3291304,栃木県,さくら市,鍛冶ケ沢
3291413,栃木県,さくら市,葛城
3291405,栃木県,さくら市,金枝
3291404,栃木県,さくら市,鹿子畑
3291332,栃木県,さくら市,蒲須坂
3291316,栃木県,さくら市,上阿久津
3291401,栃木県,さくら市,上河戸
3291322,栃木県,さくら市,北草川
3291412,栃木県,さくら市,喜連川
3291324,栃木県,さくら市,草川
3291416,栃木県,さくら市,桜ケ丘
3291312,栃木県,さくら市,櫻野
3291402,栃木県,さくら市,下河戸
3291414,栃木県,さくら市,早乙女
3291327,栃木県,さくら市,富野岡
3291333,栃木県,さくら市,長久保
3291301,栃木県,さくら市,箱森新田
3291305,栃木県,さくら市,狹間田
3291321,栃木県,さくら市,馬場
3291417,栃木県,さくら市,フィオーレ喜連川
3291403,栃木県,さくら市,穂積
3291331,栃木県,さくら市,松島
3291303,栃木県,さくら市,松山
3291302,栃木県,さくら市,松山新田
3291406,栃木県,さくら市,南和田
3291326,栃木県,さくら市,向河原
3291411,栃木県,さくら市,鷲宿
3290400,栃木県,下野市,
3290511,栃木県,下野市,石橋
3290403,栃木県,下野市,医大前
3290413,栃木県,下野市,駅東
3290519,栃木県,下野市,大松山
3290501,栃木県,下野市,上古山
3290504,栃木県,下野市,上台
3290517,栃木県,下野市,上大領
3290411,栃木県,下野市,烏ケ森
3290415,栃木県,下野市,川中子
3290434,栃木県,下野市,祇園
3290414,栃木県,下野市,小金井
3290417,栃木県,下野市,国分寺
3290402,栃木県,下野市,笹原
3290412,栃木県,下野市,柴
3290512,栃木県,下野市,下石橋
3290502,栃木県,下野市,下古山
3290513,栃木県,下野市,下大領
3290503,栃木県,下野市,下長田
3290424,栃木県,下野市,下文狹
3290516,栃木県,下野市,大光寺
3290425,栃木県,下野市,田中
3290515,栃木県,下野市,中大領
3290421,栃木県,下野市,成田
3290432,栃木県,下野市,仁良川
3290506,栃木県,下野市,橋本
3290518,栃木県,下野市,花の木
3290514,栃木県,下野市,東前原
3290507,栃木県,下野市,文教
3290505,栃木県,下野市,細谷
3290422,栃木県,下野市,町田
3290433,栃木県,下野市,緑
3290401,栃木県,下野市,箕輪
3290418,栃木県,下野市,紫
3290431,栃木県,下野市,薬師寺
3290423,栃木県,下野市,谷地賀
3290600,栃木県,河内郡上三川町,
3290521,栃木県,河内郡上三川町,石田
3290606,栃木県,河内郡上三川町,磯岡
3290525,栃木県,河内郡上三川町,大山
3290617,栃木県,河内郡上三川町,上蒲生
3290527,栃木県,河内郡上三川町,上神主
3290604,栃木県,河内郡上三川町,上郷
3290611,栃木県,河内郡上三川町,上三川
3290601,栃木県,河内郡上三川町,上文挾
3290522,栃木県,河内郡上三川町,川中子
3290614,栃木県,河内郡上三川町,五分一
3290613,栃木県,河内郡上三川町,坂上
3290526,栃木県,河内郡上三川町,鞘堂
3290612,栃木県,河内郡上三川町,三本木
3290616,栃木県,河内郡上三川町,下蒲生
3290529,栃木県,河内郡上三川町,下神主
3290618,栃木県,河内郡上三川町,しらさぎ
3290524,栃木県,河内郡上三川町,多功
3290530,栃木県,河内郡上三川町,天神町
3290608,栃木県,河内郡上三川町,西木代
3290605,栃木県,河内郡上三川町,西蓼沼
3290607,栃木県,河内郡上三川町,西汗
3290603,栃木県,河内郡上三川町,東蓼沼
3290602,栃木県,河内郡上三川町,東汗
3290615,栃木県,河内郡上三川町,三村
3290523,栃木県,河内郡上三川町,梁
3290528,栃木県,河内郡上三川町,ゆうきが丘
3290100,栃木県,下都賀郡野木町,
3290102,栃木県,下都賀郡野木町,潤島
3290105,栃木県,下都賀郡野木町,川田
3290104,栃木県,下都賀郡野木町,佐川野
3290101,栃木県,下都賀郡野木町,友沼
3290113,栃木県,下都賀郡野木町,中谷
3290114,栃木県,下都賀郡野木町,野木
3290115,栃木県,下都賀郡野木町,野渡
3290111,栃木県,下都賀郡野木町,丸林
3290112,栃木県,下都賀郡野木町,南赤塚
3290103,栃木県,下都賀郡野木町,若林
3292200,栃木県,塩谷郡塩谷町,
3292225,栃木県,塩谷郡塩谷町,飯岡
3292337,栃木県,塩谷郡塩谷町,泉
3292339,栃木県,塩谷郡塩谷町,上沢
3292335,栃木県,塩谷郡塩谷町,上平
3292334,栃木県,塩谷郡塩谷町,大久保
3292332,栃木県,塩谷郡塩谷町,大宮
3292336,栃木県,塩谷郡塩谷町,風見
3292338,栃木県,塩谷郡塩谷町,風見山田
3292224,栃木県,塩谷郡塩谷町,金枝
3292216,栃木県,塩谷郡塩谷町,上寺島
3292212,栃木県,塩谷郡塩谷町,喜佐見
3292213,栃木県,塩谷郡塩谷町,熊ノ木
3292442,栃木県,塩谷郡塩谷町,佐貫
3292215,栃木県,塩谷郡塩谷町,下寺島
3292331,栃木県,塩谷郡塩谷町,田所
3292221,栃木県,塩谷郡塩谷町,玉生
3292222,栃木県,塩谷郡塩谷町,道下
3292211,栃木県,塩谷郡塩谷町,鳥羽新田
3292223,栃木県,塩谷郡塩谷町,原荻野目
3292214,栃木県,塩谷郡塩谷町,東房
3292333,栃木県,塩谷郡塩谷町,肘内
3292441,栃木県,塩谷郡塩谷町,船生
3292226,栃木県,塩谷郡塩谷町,芦場新田
3291200,栃木県,塩谷郡高根沢町,
3291205,栃木県,塩谷郡高根沢町,飯室
3291225,栃木県,塩谷郡高根沢町,石末
3291217,栃木県,塩谷郡高根沢町,太田
3291226,栃木県,塩谷郡高根沢町,大谷
3291201,栃木県,塩谷郡高根沢町,柿木沢
3291235,栃木県,塩谷郡高根沢町,上阿久津
3291212,栃木県,塩谷郡高根沢町,上柏崎
3291224,栃木県,塩谷郡高根沢町,上高根沢
3291211,栃木県,塩谷郡高根沢町,亀梨
3291215,栃木県,塩谷郡高根沢町,給部
3291223,栃木県,塩谷郡高根沢町,栗ケ島
3291216,栃木県,塩谷郡高根沢町,桑窪
3291232,栃木県,塩谷郡高根沢町,光陽台
3291213,栃木県,塩谷郡高根沢町,下柏崎
3291222,栃木県,塩谷郡高根沢町,寺渡戸
3291234,栃木県,塩谷郡高根沢町,中阿久津
3291214,栃木県,塩谷郡高根沢町,中柏崎
3291221,栃木県,塩谷郡高根沢町,西高谷
3291202,栃木県,塩谷郡高根沢町,狭間田
3291207,栃木県,塩谷郡高根沢町,花岡
3291206,栃木県,塩谷郡高根沢町,平田
3291203,栃木県,塩谷郡高根沢町,伏久
3291204,栃木県,塩谷郡高根沢町,文挾
3291233,栃木県,塩谷郡高根沢町,宝積寺
3291231,栃木県,塩谷郡高根沢町,宝石台
3293200,栃木県,那須郡那須町,
3293443,栃木県,那須郡那須町,芦野
3293432,栃木県,那須郡那須町,梓
3293436,栃木県,那須郡那須町,伊王野
3293447,栃木県,那須郡那須町,稲沢
3293221,栃木県,那須郡那須町,漆塚
3293223,栃木県,那須郡那須町,大島
3293431,栃木県,那須郡那須町,大畑
3293433,栃木県,那須郡那須町,大和須
3293444,栃木県,那須郡那須町,寺子
3293215,栃木県,那須郡那須町,寺子乙
3293222,栃木県,那須郡那須町,寺子丙
3293212,栃木県,那須郡那須町,富岡
3293213,栃木県,那須郡那須町,豊原
3293211,栃木県,那須郡那須町,豊原甲
3293224,栃木県,那須郡那須町,豊原乙
3293225,栃木県,那須郡那須町,豊原丙
3293446,栃木県,那須郡那須町,沼野井
3293445,栃木県,那須郡那須町,東岩崎
3293437,栃木県,那須郡那須町,蓑沢
3293435,栃木県,那須郡那須町,睦家
3293434,栃木県,那須郡那須町,梁瀬
3293214,栃木県,那須郡那須町,横岡（１５６３、１６６０、１６７０、１７２８、１７３６、１７４
3293214,栃木県,那須郡那須町,８、１７６７−４番地）
3293442,栃木県,那須郡那須町,横岡
3293441,栃木県,那須郡那須町,寄居
3291198,栃木県,宇都宮市,下岡本町２１４５−１３
3291194,栃木県,宇都宮市,下岡本町２１４５−１３
3291196,栃木県,宇都宮市,下岡本町２１４５−１３
3291193,栃木県,宇都宮市,下岡本町２１６０
3294392,栃木県,栃木市,岩舟町静５１３２−２
3294492,栃木県,栃木市,大平町富田５５８
3294498,栃木県,栃木市,大平町川連４２０−１
3294493,栃木県,栃木市,大平町富田８００
3292193,栃木県,矢板市,早川町１７４
3292192,栃木県,矢板市,本町５−４
3292793,栃木県,那須塩原市,千本松７９９
3292792,栃木県,那須塩原市,あたご町２−３
3292992,栃木県,那須塩原市,塩原７０５
3292993,栃木県,那須塩原市,塩原６７５−９
3291393,栃木県,さくら市,氏家２４３１
3291392,栃木県,さくら市,氏家２７７１
3291395,栃木県,さくら市,氏家２６５０
3291493,栃木県,さくら市,喜連川５５４７
3290492,栃木県,下野市,笹原２６番地
3290498,栃木県,下野市,薬師寺３３１１−１
3290596,栃木県,下野市,下古山１丁目１５番４
3290595,栃木県,下野市,下石橋５２１
3290598,栃木県,下野市,下古山１５４
3290696,栃木県,河内郡上三川町,しらさぎ１丁目１
3290692,栃木県,河内郡上三川町,大字上蒲生２５００
3290195,栃木県,下都賀郡野木町,大字丸林５７１
3292292,栃木県,塩谷郡塩谷町,大字玉生７４１
3291292,栃木県,塩谷郡高根沢町,大字石末２０５３
3293292,栃木県,那須郡那須町,大字寺子丙３−１３
