3450000,埼玉県,南埼玉郡宮代町,
3450826,埼玉県,南埼玉郡宮代町,学園台
3450822,埼玉県,南埼玉郡宮代町,笠原
3450816,埼玉県,南埼玉郡宮代町,金原
3450804,埼玉県,南埼玉郡宮代町,川端
3450834,埼玉県,南埼玉郡宮代町,国納
3450825,埼玉県,南埼玉郡宮代町,逆井
3450831,埼玉県,南埼玉郡宮代町,須賀
3450821,埼玉県,南埼玉郡宮代町,中央
3450811,埼玉県,南埼玉郡宮代町,道佛
3450815,埼玉県,南埼玉郡宮代町,中
3450802,埼玉県,南埼玉郡宮代町,中島
3450833,埼玉県,南埼玉郡宮代町,西粂原
3450817,埼玉県,南埼玉郡宮代町,西原
3450814,埼玉県,南埼玉郡宮代町,東
3450832,埼玉県,南埼玉郡宮代町,東粂原
3450813,埼玉県,南埼玉郡宮代町,東姫宮
3450812,埼玉県,南埼玉郡宮代町,姫宮
3450827,埼玉県,南埼玉郡宮代町,本田
3450823,埼玉県,南埼玉郡宮代町,宮代
3450835,埼玉県,南埼玉郡宮代町,宮代台
3450803,埼玉県,南埼玉郡宮代町,宮東
3450801,埼玉県,南埼玉郡宮代町,百間
3450824,埼玉県,南埼玉郡宮代町,山崎
3450836,埼玉県,南埼玉郡宮代町,和戸
3450000,埼玉県,北葛飾郡杉戸町,
3450035,埼玉県,北葛飾郡杉戸町,内田
3450042,埼玉県,北葛飾郡杉戸町,大島
3450022,埼玉県,北葛飾郡杉戸町,大塚
3450021,埼玉県,北葛飾郡杉戸町,北蓮沼
3450001,埼玉県,北葛飾郡杉戸町,木津内
3450003,埼玉県,北葛飾郡杉戸町,木野川
3450034,埼玉県,北葛飾郡杉戸町,倉松
3450014,埼玉県,北葛飾郡杉戸町,才羽
3450033,埼玉県,北葛飾郡杉戸町,佐左エ門
3450043,埼玉県,北葛飾郡杉戸町,下高野
3450044,埼玉県,北葛飾郡杉戸町,下野
3450036,埼玉県,北葛飾郡杉戸町,杉戸
3450025,埼玉県,北葛飾郡杉戸町,清地
3450047,埼玉県,北葛飾郡杉戸町,高野台東
3450045,埼玉県,北葛飾郡杉戸町,高野台西
3450046,埼玉県,北葛飾郡杉戸町,高野台南
3450024,埼玉県,北葛飾郡杉戸町,堤根
3450013,埼玉県,北葛飾郡杉戸町,椿
3450031,埼玉県,北葛飾郡杉戸町,遠野
3450015,埼玉県,北葛飾郡杉戸町,並塚
3450041,埼玉県,北葛飾郡杉戸町,茨島
3450011,埼玉県,北葛飾郡杉戸町,屏風
3450032,埼玉県,北葛飾郡杉戸町,広戸沼
3450012,埼玉県,北葛飾郡杉戸町,深輪
3450023,埼玉県,北葛飾郡杉戸町,本郷
3450004,埼玉県,北葛飾郡杉戸町,宮前
3450005,埼玉県,北葛飾郡杉戸町,目沼
3450037,埼玉県,北葛飾郡杉戸町,本島
3450002,埼玉県,北葛飾郡杉戸町,鷲巣
3458501,埼玉県,南埼玉郡宮代町,学園台４丁目１
3458504,埼玉県,南埼玉郡宮代町,笠原１丁目４−１
3458502,埼玉県,北葛飾郡杉戸町,清地２丁目９番２９号
3458508,埼玉県,北葛飾郡杉戸町,高野台南４丁目２−３
