3501100,埼玉県,川越市,
3501173,埼玉県,川越市,安比奈新田
3501164,埼玉県,川越市,青柳
3501126,埼玉県,川越市,旭町
3500806,埼玉県,川越市,天沼新田
3501125,埼玉県,川越市,新宿
3501124,埼玉県,川越市,新宿町
3501171,埼玉県,川越市,池辺
3500855,埼玉県,川越市,伊佐沼
3500837,埼玉県,川越市,石田
3500835,埼玉県,川越市,石田本郷
3500824,埼玉県,川越市,石原町
3500026,埼玉県,川越市,泉町
3501108,埼玉県,川越市,伊勢原町
3501144,埼玉県,川越市,稲荷町
3500015,埼玉県,川越市,今泉
3501105,埼玉県,川越市,今成
3501151,埼玉県,川越市,今福
3500017,埼玉県,川越市,牛子
3500816,埼玉県,川越市,上戸
3500817,埼玉県,川越市,上戸新町
3501134,埼玉県,川越市,扇河岸
3500032,埼玉県,川越市,大仙波
3501128,埼玉県,川越市,大仙波新田
3501129,埼玉県,川越市,大塚
3501161,埼玉県,川越市,大塚新田
3501178,埼玉県,川越市,大塚新町
3500057,埼玉県,川越市,大手町
3500021,埼玉県,川越市,大中居
3501168,埼玉県,川越市,大袋
3501167,埼玉県,川越市,大袋新田
3501104,埼玉県,川越市,小ケ谷
3500841,埼玉県,川越市,御成町
3500012,埼玉県,川越市,萱沼
3501175,埼玉県,川越市,笠幡
3501179,埼玉県,川越市,かし野台
3501103,埼玉県,川越市,霞ケ関東
3501109,埼玉県,川越市,霞ケ関北
3501174,埼玉県,川越市,かすみ野
3500845,埼玉県,川越市,上老袋
3501135,埼玉県,川越市,上新河岸
3500826,埼玉県,川越市,上寺山
3501112,埼玉県,川越市,上野田町
3501154,埼玉県,川越市,上松原
3500844,埼玉県,川越市,鴨田
3500852,埼玉県,川越市,川越
3501176,埼玉県,川越市,川鶴
3501177,埼玉県,川越市,かわつる三芳野
3501132,埼玉県,川越市,岸
3501131,埼玉県,川越市,岸町
3500842,埼玉県,川越市,北田島
3500061,埼玉県,川越市,喜多町
3500016,埼玉県,川越市,木野目
3500011,埼玉県,川越市,久下戸
3500815,埼玉県,川越市,鯨井
3500809,埼玉県,川越市,鯨井新田
3500055,埼玉県,川越市,久保町
3501146,埼玉県,川越市,熊野町
3500053,埼玉県,川越市,郭町
3501117,埼玉県,川越市,広栄町
3500031,埼玉県,川越市,小仙波
3500036,埼玉県,川越市,小仙波町
3500811,埼玉県,川越市,小堤
3501116,埼玉県,川越市,寿町
3500022,埼玉県,川越市,小中居
3501106,埼玉県,川越市,小室
3500063,埼玉県,川越市,幸町
3500803,埼玉県,川越市,栄
3500054,埼玉県,川越市,三久保町
3500067,埼玉県,川越市,三光町
3500834,埼玉県,川越市,鹿飼
3500051,埼玉県,川越市,志多町
3500013,埼玉県,川越市,渋井
3501145,埼玉県,川越市,清水町
3501155,埼玉県,川越市,下赤坂
3500848,埼玉県,川越市,下老袋
3500812,埼玉県,川越市,下小坂
3501136,埼玉県,川越市,下新河岸
3500804,埼玉県,川越市,下広谷
3501153,埼玉県,川越市,下松原
3500853,埼玉県,川越市,城下町
3500043,埼玉県,川越市,新富町
3500823,埼玉県,川越市,神明町
3500064,埼玉県,川越市,末広町
3500832,埼玉県,川越市,菅間
3500046,埼玉県,川越市,菅原町
3501133,埼玉県,川越市,砂
3501152,埼玉県,川越市,砂久保
3501137,埼玉県,川越市,砂新田
3501147,埼玉県,川越市,諏訪町
3500034,埼玉県,川越市,仙波町
3500004,埼玉県,川越市,高島
3500801,埼玉県,川越市,竹野
3501113,埼玉県,川越市,田町
3500825,埼玉県,川越市,月吉町
3500854,埼玉県,川越市,寺井
3501141,埼玉県,川越市,寺尾
3500827,埼玉県,川越市,寺山
3500843,埼玉県,川越市,東明寺
3500044,埼玉県,川越市,通町
3501119,埼玉県,川越市,豊田新田
3501110,埼玉県,川越市,豊田町
3501118,埼玉県,川越市,豊田本
3500856,埼玉県,川越市,問屋町
3500846,埼玉県,川越市,中老袋
3501159,埼玉県,川越市,中台
3501150,埼玉県,川越市,中台南
3501138,埼玉県,川越市,中台元町
3500065,埼玉県,川越市,仲町
3500042,埼玉県,川越市,中原町
3501156,埼玉県,川越市,中福
3501157,埼玉県,川越市,中福東
3500023,埼玉県,川越市,並木
3500024,埼玉県,川越市,並木新町
3500025,埼玉県,川越市,並木西町
3500035,埼玉県,川越市,西小仙波町
3501160,埼玉県,川越市,日東町
3501111,埼玉県,川越市,野田
3501115,埼玉県,川越市,野田町
3500851,埼玉県,川越市,氷川町
3501114,埼玉県,川越市,東田町
3500847,埼玉県,川越市,東本宿
3500814,埼玉県,川越市,平塚
3500813,埼玉県,川越市,平塚新田
3500805,埼玉県,川越市,広谷新町
3500831,埼玉県,川越市,府川
3500821,埼玉県,川越市,福田
3500018,埼玉県,川越市,藤木町
3501166,埼玉県,川越市,藤倉
3501142,埼玉県,川越市,藤間
3500802,埼玉県,川越市,富士見
3500033,埼玉県,川越市,富士見町
3501143,埼玉県,川越市,藤原町
3500014,埼玉県,川越市,古市場
3500001,埼玉県,川越市,古谷上
3500002,埼玉県,川越市,古谷本郷
3501172,埼玉県,川越市,増形
3500056,埼玉県,川越市,松江町
3500857,埼玉県,川越市,松郷
3501101,埼玉県,川越市,的場
3501107,埼玉県,川越市,的場新町
3501102,埼玉県,川越市,的場北
3501162,埼玉県,川越市,南大塚
3500027,埼玉県,川越市,南田島
3501165,埼玉県,川越市,南台
3500045,埼玉県,川越市,南通町
3500052,埼玉県,川越市,宮下町
3500838,埼玉県,川越市,宮元町
3501170,埼玉県,川越市,むさし野
3501158,埼玉県,川越市,むさし野南
3500062,埼玉県,川越市,元町
3500003,埼玉県,川越市,八ツ島
3500836,埼玉県,川越市,谷中
3501169,埼玉県,川越市,山城
3500822,埼玉県,川越市,山田
3500807,埼玉県,川越市,吉田
3500808,埼玉県,川越市,吉田新町
3500833,埼玉県,川越市,芳野台
3501163,埼玉県,川越市,四都野台
3500066,埼玉県,川越市,連雀町
3500041,埼玉県,川越市,六軒町
3501121,埼玉県,川越市,脇田新町
3501123,埼玉県,川越市,脇田本町
3501122,埼玉県,川越市,脇田町
3501300,埼玉県,狭山市,
3501301,埼玉県,狭山市,青柳
3501324,埼玉県,狭山市,稲荷山
3501305,埼玉県,狭山市,入間川
3501323,埼玉県,狭山市,鵜ノ木
3501314,埼玉県,狭山市,加佐志
3501335,埼玉県,狭山市,柏原
3501336,埼玉県,狭山市,柏原新田
3501313,埼玉県,狭山市,上赤坂
3501333,埼玉県,狭山市,上奥富
3501321,埼玉県,狭山市,上広瀬
3501307,埼玉県,狭山市,祇園
3501315,埼玉県,狭山市,北入曽
3501327,埼玉県,狭山市,笹井
3501334,埼玉県,狭山市,狭山
3501304,埼玉県,狭山市,狭山台
3501303,埼玉県,狭山市,沢
3501332,埼玉県,狭山市,下奥富
3501322,埼玉県,狭山市,下広瀬
3501331,埼玉県,狭山市,新狭山
3501308,埼玉県,狭山市,中央
3501326,埼玉県,狭山市,つつじ野
3501311,埼玉県,狭山市,中新田
3501325,埼玉県,狭山市,根岸
3501302,埼玉県,狭山市,東三ツ木
3501319,埼玉県,狭山市,広瀬
3501328,埼玉県,狭山市,広瀬台
3501320,埼玉県,狭山市,広瀬東
3501306,埼玉県,狭山市,富士見
3501312,埼玉県,狭山市,堀兼
3501317,埼玉県,狭山市,水野
3501316,埼玉県,狭山市,南入曽
3500200,埼玉県,坂戸市,
3500239,埼玉県,坂戸市,粟生田
3500207,埼玉県,坂戸市,青木
3500201,埼玉県,坂戸市,赤尾
3500238,埼玉県,坂戸市,浅羽
3500237,埼玉県,坂戸市,浅羽野
3500273,埼玉県,坂戸市,芦山町
3500242,埼玉県,坂戸市,厚川
3500212,埼玉県,坂戸市,石井
3500275,埼玉県,坂戸市,伊豆の山町
3500231,埼玉県,坂戸市,泉町
3500267,埼玉県,坂戸市,今西
3500254,埼玉県,坂戸市,欠ノ上
3500219,埼玉県,坂戸市,片柳
3500218,埼玉県,坂戸市,片柳新田
3500268,埼玉県,坂戸市,金田
3500221,埼玉県,坂戸市,鎌倉町
3500271,埼玉県,坂戸市,上吉田
3500243,埼玉県,坂戸市,萱方
3500266,埼玉県,坂戸市,北浅羽
3500253,埼玉県,坂戸市,北大塚
3500258,埼玉県,坂戸市,北峰
3500248,埼玉県,坂戸市,けやき台
3500204,埼玉県,坂戸市,紺屋
3500202,埼玉県,坂戸市,小沼
3500257,埼玉県,坂戸市,小山
3500213,埼玉県,坂戸市,栄
3500217,埼玉県,坂戸市,坂戸
3500261,埼玉県,坂戸市,沢木
3500235,埼玉県,坂戸市,三光町
3500211,埼玉県,坂戸市,島田
3500222,埼玉県,坂戸市,清水町
3500255,埼玉県,坂戸市,成願寺
3500278,埼玉県,坂戸市,新ケ谷
3500272,埼玉県,坂戸市,末広町
3500215,埼玉県,坂戸市,関間
3500256,埼玉県,坂戸市,善能寺
3500264,埼玉県,坂戸市,竹之内
3500246,埼玉県,坂戸市,多和目
3500214,埼玉県,坂戸市,千代田
3500209,埼玉県,坂戸市,塚越
3500251,埼玉県,坂戸市,塚崎
3500241,埼玉県,坂戸市,鶴舞
3500276,埼玉県,坂戸市,戸口
3500208,埼玉県,坂戸市,戸宮
3500206,埼玉県,坂戸市,中小坂
3500252,埼玉県,坂戸市,中里
3500227,埼玉県,坂戸市,仲町
3500232,埼玉県,坂戸市,中富町
3500265,埼玉県,坂戸市,長岡
3500262,埼玉県,坂戸市,新堀
3500259,埼玉県,坂戸市,西インター
3500247,埼玉県,坂戸市,西坂戸
3500269,埼玉県,坂戸市,にっさい花みず木
3500236,埼玉県,坂戸市,花影町
3500205,埼玉県,坂戸市,東坂戸
3500277,埼玉県,坂戸市,東和田
3500225,埼玉県,坂戸市,日の出町
3500263,埼玉県,坂戸市,堀込
3500226,埼玉県,坂戸市,本町
3500274,埼玉県,坂戸市,溝端町
3500234,埼玉県,坂戸市,緑町
3500233,埼玉県,坂戸市,南町
3500228,埼玉県,坂戸市,元町
3500244,埼玉県,坂戸市,森戸
3500229,埼玉県,坂戸市,薬師町
3500216,埼玉県,坂戸市,柳町
3500223,埼玉県,坂戸市,八幡
3500224,埼玉県,坂戸市,山田町
3500203,埼玉県,坂戸市,横沼
3500245,埼玉県,坂戸市,四日市場
3502200,埼玉県,鶴ヶ島市,
3502214,埼玉県,鶴ヶ島市,太田ヶ谷
3502225,埼玉県,鶴ヶ島市,上新田
3502203,埼玉県,鶴ヶ島市,上広谷
3502212,埼玉県,鶴ヶ島市,共栄町
3502202,埼玉県,鶴ヶ島市,五味ヶ谷
3502222,埼玉県,鶴ヶ島市,下新田
3502227,埼玉県,鶴ヶ島市,新町
3502213,埼玉県,鶴ヶ島市,脚折
3502211,埼玉県,鶴ヶ島市,脚折町
3502223,埼玉県,鶴ヶ島市,高倉
3502204,埼玉県,鶴ヶ島市,鶴ヶ丘
3502226,埼玉県,鶴ヶ島市,中新田
3502221,埼玉県,鶴ヶ島市,羽折町
3502206,埼玉県,鶴ヶ島市,藤金
3502201,埼玉県,鶴ヶ島市,富士見
3502224,埼玉県,鶴ヶ島市,町屋
3502205,埼玉県,鶴ヶ島市,松ヶ丘
3502217,埼玉県,鶴ヶ島市,三ツ木
3502216,埼玉県,鶴ヶ島市,三ツ木新田
3502219,埼玉県,鶴ヶ島市,三ツ木新町
3502215,埼玉県,鶴ヶ島市,南町
3502218,埼玉県,鶴ヶ島市,柳戸町
3501200,埼玉県,日高市,
3501203,埼玉県,日高市,旭ケ丘
3501225,埼玉県,日高市,馬引沢
3501246,埼玉県,日高市,梅原
3501222,埼玉県,日高市,大谷沢
3501227,埼玉県,日高市,女影
3501214,埼玉県,日高市,女影新田
3501234,埼玉県,日高市,上鹿山
3501231,埼玉県,日高市,鹿山
3501242,埼玉県,日高市,北平沢
3501254,埼玉県,日高市,久保
3501245,埼玉県,日高市,栗坪
3501249,埼玉県,日高市,高麗川
3501202,埼玉県,日高市,駒寺野新田
3501251,埼玉県,日高市,高麗本郷
3501248,埼玉県,日高市,四本木
3501221,埼玉県,日高市,下大谷沢
3501233,埼玉県,日高市,下鹿山
3501212,埼玉県,日高市,下高萩新田
3501252,埼玉県,日高市,清流
3501253,埼玉県,日高市,台
3501247,埼玉県,日高市,高岡
3501223,埼玉県,日高市,高富
3501213,埼玉県,日高市,高萩
3501215,埼玉県,日高市,高萩東
3501224,埼玉県,日高市,田木
3501201,埼玉県,日高市,田波目
3501232,埼玉県,日高市,中鹿山
3501226,埼玉県,日高市,中沢
3501243,埼玉県,日高市,新堀
3501204,埼玉県,日高市,新堀新田
3501235,埼玉県,日高市,楡木
3501244,埼玉県,日高市,野々宮
3501205,埼玉県,日高市,原宿
3501206,埼玉県,日高市,南平沢
3501255,埼玉県,日高市,武蔵台
3501211,埼玉県,日高市,森戸新田
3501236,埼玉県,日高市,猿田
3501237,埼玉県,日高市,猿田上ノ台
3501241,埼玉県,日高市,山根
3501257,埼玉県,日高市,横手
3500400,埼玉県,入間郡毛呂山町,
3500444,埼玉県,入間郡毛呂山町,旭台
3500455,埼玉県,入間郡毛呂山町,阿諏訪
3500434,埼玉県,入間郡毛呂山町,市場
3500441,埼玉県,入間郡毛呂山町,岩井
3500465,埼玉県,入間郡毛呂山町,岩井西
3500467,埼玉県,入間郡毛呂山町,岩井東
3500452,埼玉県,入間郡毛呂山町,大谷木
3500432,埼玉県,入間郡毛呂山町,大類
3500436,埼玉県,入間郡毛呂山町,川角
3500446,埼玉県,入間郡毛呂山町,小田谷
3500454,埼玉県,入間郡毛呂山町,権現堂
3500438,埼玉県,入間郡毛呂山町,西戸
3500435,埼玉県,入間郡毛呂山町,下川原
3500453,埼玉県,入間郡毛呂山町,宿谷
3500456,埼玉県,入間郡毛呂山町,滝ノ入
3500461,埼玉県,入間郡毛呂山町,中央
3500445,埼玉県,入間郡毛呂山町,葛貫
3500443,埼玉県,入間郡毛呂山町,長瀬
3500431,埼玉県,入間郡毛呂山町,苦林
3500433,埼玉県,入間郡毛呂山町,西大久保
3500466,埼玉県,入間郡毛呂山町,平山
3500442,埼玉県,入間郡毛呂山町,前久保
3500463,埼玉県,入間郡毛呂山町,前久保南
3500464,埼玉県,入間郡毛呂山町,南台
3500437,埼玉県,入間郡毛呂山町,箕和田
3500439,埼玉県,入間郡毛呂山町,目白台
3500451,埼玉県,入間郡毛呂山町,毛呂本郷
3500462,埼玉県,入間郡毛呂山町,若山
3500400,埼玉県,入間郡越生町,
3500415,埼玉県,入間郡越生町,上野
3500417,埼玉県,入間郡越生町,上野東
3500403,埼玉県,入間郡越生町,大谷
3500416,埼玉県,入間郡越生町,越生
3500414,埼玉県,入間郡越生町,越生東
3500402,埼玉県,入間郡越生町,鹿下
3500407,埼玉県,入間郡越生町,上谷
3500411,埼玉県,入間郡越生町,黒岩
3500424,埼玉県,入間郡越生町,黒山
3500422,埼玉県,入間郡越生町,小杉
3500423,埼玉県,入間郡越生町,大満
3500425,埼玉県,入間郡越生町,龍ケ谷
3500405,埼玉県,入間郡越生町,津久根
3500406,埼玉県,入間郡越生町,堂山
3500404,埼玉県,入間郡越生町,成瀬
3500412,埼玉県,入間郡越生町,西和田
3500413,埼玉県,入間郡越生町,如意
3500401,埼玉県,入間郡越生町,古池
3500421,埼玉県,入間郡越生町,麦原
3500100,埼玉県,比企郡川島町,
3500153,埼玉県,比企郡川島町,飯島
3500158,埼玉県,比企郡川島町,伊草
3500115,埼玉県,比企郡川島町,一本木
3500127,埼玉県,比企郡川島町,牛ケ谷戸
3500101,埼玉県,比企郡川島町,梅ノ木
3500105,埼玉県,比企郡川島町,小見野
3500133,埼玉県,比企郡川島町,表
3500156,埼玉県,比企郡川島町,角泉
3500107,埼玉県,比企郡川島町,加胡
3500152,埼玉県,比企郡川島町,上伊草
3500142,埼玉県,比企郡川島町,上大屋敷
3500106,埼玉県,比企郡川島町,上小見野
3500136,埼玉県,比企郡川島町,上狢
3500121,埼玉県,比企郡川島町,上八ツ林
3500168,埼玉県,比企郡川島町,かわじま
3500163,埼玉県,比企郡川島町,北園部
3500155,埼玉県,比企郡川島町,釘無
3500132,埼玉県,比企郡川島町,紫竹
3500104,埼玉県,比企郡川島町,芝沼
3500157,埼玉県,比企郡川島町,下伊草
3500144,埼玉県,比企郡川島町,下大屋敷
3500102,埼玉県,比企郡川島町,下小見野
3500135,埼玉県,比企郡川島町,下狢
3500122,埼玉県,比企郡川島町,下八ツ林
3500162,埼玉県,比企郡川島町,正直
3500128,埼玉県,比企郡川島町,白井沼
3500141,埼玉県,比企郡川島町,出丸下郷
3500143,埼玉県,比企郡川島町,出丸中郷
3500145,埼玉県,比企郡川島町,出丸本
3500113,埼玉県,比企郡川島町,東部
3500117,埼玉県,比企郡川島町,鳥羽井
3500112,埼玉県,比企郡川島町,鳥羽井新田
3500166,埼玉県,比企郡川島町,戸守
3500165,埼玉県,比企郡川島町,中山
3500161,埼玉県,比企郡川島町,長楽
3500134,埼玉県,比企郡川島町,新堀
3500147,埼玉県,比企郡川島町,西谷
3500123,埼玉県,比企郡川島町,畑中
3500151,埼玉県,比企郡川島町,八幡
3500114,埼玉県,比企郡川島町,東大塚
3500125,埼玉県,比企郡川島町,東野
3500131,埼玉県,比企郡川島町,平沼
3500164,埼玉県,比企郡川島町,吹塚
3500146,埼玉県,比企郡川島町,曲師
3500103,埼玉県,比企郡川島町,松永
3500167,埼玉県,比企郡川島町,南園部
3500124,埼玉県,比企郡川島町,三保谷宿
3500137,埼玉県,比企郡川島町,宮前
3500116,埼玉県,比企郡川島町,虫塚
3500154,埼玉県,比企郡川島町,安塚
3500111,埼玉県,比企郡川島町,谷中
3500126,埼玉県,比企郡川島町,山ケ谷戸
3500138,埼玉県,比企郡川島町,吉原
3500300,埼玉県,比企郡鳩山町,
3500321,埼玉県,比企郡鳩山町,赤沼
3500311,埼玉県,比企郡鳩山町,石坂
3500305,埼玉県,比企郡鳩山町,泉井
3500322,埼玉県,比企郡鳩山町,今宿
3500302,埼玉県,比企郡鳩山町,大橋
3500301,埼玉県,比企郡鳩山町,奥田
3500314,埼玉県,比企郡鳩山町,楓ケ丘
3500303,埼玉県,比企郡鳩山町,熊井
3500323,埼玉県,比企郡鳩山町,小用
3500307,埼玉県,比企郡鳩山町,須江
3500304,埼玉県,比企郡鳩山町,高野倉
3500306,埼玉県,比企郡鳩山町,竹本
3500312,埼玉県,比企郡鳩山町,鳩ケ丘
3500313,埼玉県,比企郡鳩山町,松ケ丘
3500324,埼玉県,比企郡鳩山町,大豆戸
3508588,埼玉県,川越市,大字山田西町３７５−１
3508511,埼玉県,川越市,新富町２丁目６−１
3508601,埼玉県,川越市,元町１丁目３番地１
3508510,埼玉県,川越市,仲町１番地１２
3508666,埼玉県,川越市,大字並木４５２−２（川越郵便局私書箱第１６号）
3508501,埼玉県,川越市,新富町１丁目２２
3508585,埼玉県,川越市,大字鯨井中野台２１００
3508550,埼玉県,川越市,大字鴨田字辻道町１９８１
3508531,埼玉県,川越市,宮下町２丁目１−３
3508555,埼玉県,川越市,山田２５−１
3501182,埼玉県,川越市,南台１−１０−１５
3501194,埼玉県,川越市,南台３−５−１
3501181,埼玉県,川越市,大字野田１０５０−１
3501196,埼玉県,川越市,脇田本町８−１Ｕ＿ＰＬＡＣＥ５階
3501198,埼玉県,川越市,的場１丁目２５０９
3501197,埼玉県,川越市,的場北１丁目１３−１
3501192,埼玉県,川越市,南台１丁目９番
3501183,埼玉県,川越市,新宿町１丁目１７番地１７
3501188,埼玉県,川越市,田町３２番地１２
3501385,埼玉県,狭山市,新狭山１−１−１１
3501395,埼玉県,狭山市,青柳９１５
3501380,埼玉県,狭山市,入間川１丁目２３−５
3501388,埼玉県,狭山市,北入曽６１３
3501398,埼玉県,狭山市,稲荷山２丁目１５−１
3501392,埼玉県,狭山市,新狭山１丁目１０−１
3500282,埼玉県,坂戸市,西インター１丁目２−１
3500285,埼玉県,坂戸市,大字片柳１５００
3500284,埼玉県,坂戸市,千代田５丁目１−２８
3500280,埼玉県,坂戸市,千代田５丁目７番２４号
3500286,埼玉県,坂戸市,千代田５丁目７番１
3500292,埼玉県,坂戸市,千代田１丁目１−１
3500295,埼玉県,坂戸市,けやき台１−１
3500288,埼玉県,坂戸市,千代田３丁目９−２１
3500287,埼玉県,坂戸市,千代田５丁目７−４
3500283,埼玉県,坂戸市,けやき台１−１
3500289,埼玉県,坂戸市,千代田５丁目３−１
3502292,埼玉県,鶴ヶ島市,大字三ツ木１６−１
3502281,埼玉県,鶴ヶ島市,大字五味ヶ谷１８
3502288,埼玉県,鶴ヶ島市,富士見６丁目１番１号
3502295,埼玉県,鶴ヶ島市,大字太田ヶ谷１２００番地
3502287,埼玉県,鶴ヶ島市,富士見６−２−２
3502282,埼玉県,鶴ヶ島市,脚折１６４６
3502280,埼玉県,鶴ヶ島市,大字太田ヶ谷１０５３
3501295,埼玉県,日高市,大字原宿４０１番地
3501298,埼玉県,日高市,大字山根１３９７−１
3501297,埼玉県,日高市,大字下高萩新田１７−２
3501296,埼玉県,日高市,大字原宿７２１
3501292,埼玉県,日高市,大字南平沢１０２０
3500496,埼玉県,入間郡毛呂山町,大字川角峰畑９８１
3500495,埼玉県,入間郡毛呂山町,大字毛呂本郷３８
3500493,埼玉県,入間郡毛呂山町,中央２丁目１番地
3500494,埼玉県,入間郡越生町,大字越生９００−２
3500195,埼玉県,比企郡川島町,かわじま２−１−１
3500197,埼玉県,比企郡川島町,大字戸守３９２−１１
3500192,埼玉県,比企郡川島町,大字下八ツ林８７０番地１
3500193,埼玉県,比企郡川島町,八幡６丁目１３
3501185,埼玉県,比企郡川島町,かわじま２−１−１
3501195,埼玉県,比企郡川島町,かわじま２丁目１−５０
3500395,埼玉県,比企郡鳩山町,大字赤沼２５２０
3500394,埼玉県,比企郡鳩山町,大字石坂Ｆ
3500393,埼玉県,比企郡鳩山町,大字大橋１４０１
3500392,埼玉県,比企郡鳩山町,大字大豆戸１８４−１６
3500396,埼玉県,比企郡鳩山町,大字石坂６０４
