3660000,埼玉県,深谷市,
3660053,埼玉県,深谷市,秋元町
3660024,埼玉県,深谷市,明戸
3660016,埼玉県,深谷市,新井
3660011,埼玉県,深谷市,石塚
3660836,埼玉県,深谷市,伊勢方
3660026,埼玉県,深谷市,稲荷町
3660028,埼玉県,深谷市,稲荷町北
3660831,埼玉県,深谷市,内ケ島
3660801,埼玉県,深谷市,上野台
3660012,埼玉県,深谷市,江原
3660838,埼玉県,深谷市,大塚島
3660003,埼玉県,深谷市,大塚
3660814,埼玉県,深谷市,大谷
3660837,埼玉県,深谷市,起会
3660812,埼玉県,深谷市,折之口
3660816,埼玉県,深谷市,樫合
3660817,埼玉県,深谷市,柏合
3660051,埼玉県,深谷市,上柴町東
3660052,埼玉県,深谷市,上柴町西
3660004,埼玉県,深谷市,上手計
3660021,埼玉県,深谷市,上増田
3660818,埼玉県,深谷市,萱場
3660008,埼玉県,深谷市,北阿賀野
3660815,埼玉県,深谷市,櫛引
3660033,埼玉県,深谷市,国済寺
3660031,埼玉県,深谷市,国済寺町
3660025,埼玉県,深谷市,寿町
3660813,埼玉県,深谷市,境
3660827,埼玉県,深谷市,栄町
3660802,埼玉県,深谷市,桜ケ丘
3660002,埼玉県,深谷市,下手計
3660810,埼玉県,深谷市,宿根
3660029,埼玉県,深谷市,上敷免
3660019,埼玉県,深谷市,新戒
3660010,埼玉県,深谷市,高島
3660832,埼玉県,深谷市,高畑
3660826,埼玉県,深谷市,田所町
3660821,埼玉県,深谷市,田谷
3660006,埼玉県,深谷市,血洗島
3660027,埼玉県,深谷市,天神町
3660034,埼玉県,深谷市,常盤町
3660833,埼玉県,深谷市,戸森
3660001,埼玉県,深谷市,中瀬
3660822,埼玉県,深谷市,仲町
3660018,埼玉県,深谷市,成塚
3660829,埼玉県,深谷市,西大沼
3660824,埼玉県,深谷市,西島町
3660017,埼玉県,深谷市,沼尻
3660015,埼玉県,深谷市,蓮沼
3660032,埼玉県,深谷市,幡羅町
3660035,埼玉県,深谷市,原郷
3660828,埼玉県,深谷市,東大沼
3660041,埼玉県,深谷市,東方
3660042,埼玉県,深谷市,東方町
3660811,埼玉県,深谷市,人見
3660825,埼玉県,深谷市,深谷町
3660014,埼玉県,深谷市,藤野木
3660061,埼玉県,深谷市,二ツ小屋
3660013,埼玉県,深谷市,堀米
3660022,埼玉県,深谷市,本田ケ谷
3660062,埼玉県,深谷市,前小屋
3660834,埼玉県,深谷市,曲田
3660005,埼玉県,深谷市,町田
3660054,埼玉県,深谷市,緑ケ丘
3660007,埼玉県,深谷市,南阿賀野
3660819,埼玉県,深谷市,見晴町
3660023,埼玉県,深谷市,宮ケ谷戸
3660823,埼玉県,深谷市,本住町
3660839,埼玉県,深谷市,矢島
3660835,埼玉県,深谷市,谷之
3660009,埼玉県,深谷市,横瀬
3668502,埼玉県,深谷市,上柴町東２丁目２７−１
3668567,埼玉県,深谷市,田所町１５−１
3668510,埼玉県,深谷市,幡羅町１丁目９−２
3668511,埼玉県,深谷市,上野台１３５１
3668515,埼玉県,深谷市,大字宿根３１５
3668501,埼玉県,深谷市,仲町１１−１（深谷郵便局私書箱第４号）
3668581,埼玉県,深谷市,大字上野台割塚１４００−１０
