3820000,長野県,須坂市,
3820065,長野県,須坂市,相之島
3820003,長野県,須坂市,旭ケ丘
3820045,長野県,須坂市,井上
3820017,長野県,須坂市,相森町
3820012,長野県,須坂市,大谷町
3820071,長野県,須坂市,小河原町
3820025,長野県,須坂市,大日向町
3820083,長野県,須坂市,上中町
3820044,長野県,須坂市,上八町
3820033,長野県,須坂市,亀倉町
3820028,長野県,須坂市,臥竜
3820084,長野県,須坂市,上町
3820061,長野県,須坂市,北相之島町
3820002,長野県,須坂市,北旭ケ丘町
3820092,長野県,須坂市,北原町
3820077,長野県,須坂市,北横町
3820048,長野県,須坂市,九反田町
3820047,長野県,須坂市,幸高町
3820053,長野県,須坂市,五閑町
3820085,長野県,須坂市,穀町
3820062,長野県,須坂市,小島町
3820026,長野県,須坂市,坂田町
3820052,長野県,須坂市,塩川町
3820024,長野県,須坂市,塩野町
3820043,長野県,須坂市,下八町
3820005,長野県,須坂市,新田町
3820014,長野県,須坂市,新町
3820075,長野県,須坂市,須坂ハイランド町
3820099,長野県,須坂市,墨坂
3820098,長野県,須坂市,墨坂南
3820015,長野県,須坂市,太子町
3820054,長野県,須坂市,高梨町
3820016,長野県,須坂市,高橋町
3820004,長野県,須坂市,高畑町
3820091,長野県,須坂市,立町
3820073,長野県,須坂市,田の神町
3820013,長野県,須坂市,常盤町
3820022,長野県,須坂市,豊丘上町
3820021,長野県,須坂市,豊丘町
3820066,長野県,須坂市,豊島町
3820055,長野県,須坂市,中島町
3820082,長野県,須坂市,中町
3820032,長野県,須坂市,夏端町
3820063,長野県,須坂市,西町
3820046,長野県,須坂市,二睦町
3820034,長野県,須坂市,仁礼町
3820064,長野県,須坂市,沼目町
3820037,長野県,須坂市,野辺町
3820076,長野県,須坂市,馬場町
3820074,長野県,須坂市,春木町
3820006,長野県,須坂市,光ケ丘ニュータウン
3820087,長野県,須坂市,東横町
3820056,長野県,須坂市,福島町
3820042,長野県,須坂市,望岳台
3820086,長野県,須坂市,本上町
3820011,長野県,須坂市,本郷町
3820001,長野県,須坂市,松川町
3820072,長野県,須坂市,南小河原町
3820027,長野県,須坂市,南原町
3820097,長野県,須坂市,南横町
3820036,長野県,須坂市,明徳町
3820031,長野県,須坂市,村石町
3820057,長野県,須坂市,村山町
3820051,長野県,須坂市,八重森町
3820094,長野県,須坂市,屋部町
3820081,長野県,須坂市,横町
3820023,長野県,須坂市,米子町
3820041,長野県,須坂市,米持町
3820800,長野県,上高井郡高山村,
3820832,長野県,上高井郡高山村,赤和
3820831,長野県,上高井郡高山村,荒井原
3820815,長野県,上高井郡高山村,荻久保
3820833,長野県,上高井郡高山村,久保
3820823,長野県,上高井郡高山村,黒部
3820801,長野県,上高井郡高山村,駒場
3820836,長野県,上高井郡高山村,新堀
3820835,長野県,上高井郡高山村,千本松
3820814,長野県,上高井郡高山村,天神原
3820804,長野県,上高井郡高山村,中原
3820806,長野県,上高井郡高山村,なかひら
3820822,長野県,上高井郡高山村,福井原
3820826,長野県,上高井郡高山村,二ツ石
3820837,長野県,上高井郡高山村,堀之内
3820821,長野県,上高井郡高山村,牧
3820803,長野県,上高井郡高山村,桝形
3820827,長野県,上高井郡高山村,松南
3820802,長野県,上高井郡高山村,松原
3820805,長野県,上高井郡高山村,三郷
3820834,長野県,上高井郡高山村,水中
3820824,長野県,上高井郡高山村,緑ケ丘
3820811,長野県,上高井郡高山村,宮関
3820825,長野県,上高井郡高山村,紫
3820816,長野県,上高井郡高山村,山田温泉
3820817,長野県,上高井郡高山村,山田牧場
3820813,長野県,上高井郡高山村,蕨平
3828502,長野県,須坂市,大字幸高町２４６
3828533,長野県,須坂市,大字須坂１５９５−１
3828588,長野県,須坂市,大字小河原町２１５０−１
3828555,長野県,須坂市,大字豊丘１３８５−１
3828512,長野県,須坂市,大字小山字布田２１０４番地の３６
3828505,長野県,須坂市,大字栃倉４２０番地１
3828511,長野県,須坂市,大字須坂東横町１５２８−１
3828633,長野県,須坂市,大字須坂馬場町１２００（須坂郵便局私書箱第１２号）
3828577,長野県,須坂市,大字須坂１３３２
3828587,長野県,須坂市,大字小山１２５３番地の５
3828501,長野県,須坂市,大字小山４６０
3828585,長野県,須坂市,大字井上字砂田１７００−８
3828508,長野県,上高井郡高山村,大字中山９８１
3828510,長野県,上高井郡高山村,大字高井４９７２
