3990000,長野県,松本市,
3997402,長野県,松本市,会田
3997415,長野県,松本市,赤怒田
3997403,長野県,松本市,穴沢
3990007,長野県,松本市,石芝
3997405,長野県,松本市,板場
3990004,長野県,松本市,市場
3990023,長野県,松本市,内田
3997413,長野県,松本市,金山町
3997417,長野県,松本市,刈谷原町
3997401,長野県,松本市,五常
3990024,長野県,松本市,寿小赤
3990012,長野県,松本市,寿白瀬渕
3990025,長野県,松本市,寿台
3990021,長野県,松本市,寿豊丘
3990011,長野県,松本市,寿北
3990026,長野県,松本市,寿中
3990027,長野県,松本市,寿南
3990039,長野県,松本市,小屋北
3990038,長野県,松本市,小屋南
3990033,長野県,松本市,笹賀
3998251,長野県,松本市,島内
3997418,長野県,松本市,反町
3997414,長野県,松本市,殿野入
3997404,長野県,松本市,取出
3997411,長野県,松本市,中川
3997416,長野県,松本市,七嵐
3990006,長野県,松本市,野溝西
3990034,長野県,松本市,野溝東
3990005,長野県,松本市,野溝木工
3990014,長野県,松本市,平田東
3990015,長野県,松本市,平田西
3997412,長野県,松本市,保福寺町
3990022,長野県,松本市,松原
3990001,長野県,松本市,宮田
3990035,長野県,松本市,村井町北
3990037,長野県,松本市,村井町西
3990036,長野県,松本市,村井町南
3990002,長野県,松本市,芳野
3992434,長野県,飯田市,伊豆木
3992564,長野県,飯田市,上川路
3992611,長野県,飯田市,上久堅
3992612,長野県,飯田市,上久堅戊
3991403,長野県,飯田市,上村
3992431,長野県,飯田市,川路
3992565,長野県,飯田市,桐林
3992566,長野県,飯田市,嶋
3992432,長野県,飯田市,下瀬
3992606,長野県,飯田市,下久堅稲葉
3992604,長野県,飯田市,下久堅柿野沢
3992605,長野県,飯田市,下久堅小林
3992602,長野県,飯田市,下久堅下虎岩
3992603,長野県,飯田市,下久堅知久平
3992607,長野県,飯田市,下久堅南原
3992561,長野県,飯田市,駄科
3992221,長野県,飯田市,龍江
3992433,長野県,飯田市,立石
3992223,長野県,飯田市,千栄
3992222,長野県,飯田市,千代
3992563,長野県,飯田市,時又
3992601,長野県,飯田市,虎岩
3992562,長野県,飯田市,長野原
3991401,長野県,飯田市,南信濃木沢
3991221,長野県,飯田市,南信濃南和田
3991313,長野県,飯田市,南信濃南和田
3991312,長野県,飯田市,南信濃八重河内
3991311,長野県,飯田市,南信濃和田
3994431,長野県,伊那市,西春近
3994501,長野県,伊那市,西箕輪
3994432,長野県,伊那市,東春近
3994100,長野県,駒ヶ根市,
3994113,長野県,駒ヶ根市,赤須町
3994105,長野県,駒ヶ根市,赤須東
3994117,長野県,駒ヶ根市,赤穂
3994102,長野県,駒ヶ根市,飯坂
3994115,長野県,駒ヶ根市,上穂栄町
3994114,長野県,駒ヶ根市,上穂南
3994116,長野県,駒ヶ根市,上穂北
3994111,長野県,駒ヶ根市,北町
3994104,長野県,駒ヶ根市,経塚
3994108,長野県,駒ヶ根市,下市場
3994232,長野県,駒ヶ根市,下平
3994101,長野県,駒ヶ根市,下平
3994112,長野県,駒ヶ根市,中央
3994231,長野県,駒ヶ根市,中沢
3994103,長野県,駒ヶ根市,梨の木
3994321,長野県,駒ヶ根市,東伊那
3994106,長野県,駒ヶ根市,東町
3994107,長野県,駒ヶ根市,南田
3999101,長野県,大町市,美麻
3997301,長野県,大町市,八坂
3997302,長野県,大町市,八坂菖蒲
3990700,長野県,塩尻市,
3990713,長野県,塩尻市,大小屋
3990722,長野県,塩尻市,柿沢
3990071,長野県,塩尻市,片丘
3990711,長野県,塩尻市,片丘
3990721,長野県,塩尻市,金井
3990724,長野県,塩尻市,上西条
3996302,長野県,塩尻市,木曽平沢
3990651,長野県,塩尻市,北小野
3990723,長野県,塩尻市,旧塩尻
3990716,長野県,塩尻市,桟敷
3990712,長野県,塩尻市,塩尻町
3990726,長野県,塩尻市,下西条
3996462,長野県,塩尻市,洗馬
3996461,長野県,塩尻市,宗賀
3990744,長野県,塩尻市,大門七区
3990742,長野県,塩尻市,大門泉町
3990745,長野県,塩尻市,大門桔梗町
3990741,長野県,塩尻市,大門幸町
3990743,長野県,塩尻市,大門田川町
3990746,長野県,塩尻市,大門並木町
3990736,長野県,塩尻市,大門一番町
3990735,長野県,塩尻市,大門二番町
3990733,長野県,塩尻市,大門三番町
3990734,長野県,塩尻市,大門四番町
3990732,長野県,塩尻市,大門五番町
3990731,長野県,塩尻市,大門六番町
3990738,長野県,塩尻市,大門七番町
3990737,長野県,塩尻市,大門八番町
3990744,長野県,塩尻市,大門
3990725,長野県,塩尻市,中西条
3990715,長野県,塩尻市,長畝
3996303,長野県,塩尻市,奈良井
3996301,長野県,塩尻市,贄川
3990705,長野県,塩尻市,広丘堅石
3990704,長野県,塩尻市,広丘郷原
3990703,長野県,塩尻市,広丘高出
3990702,長野県,塩尻市,広丘野村
3990706,長野県,塩尻市,広丘原新田
3990701,長野県,塩尻市,広丘吉田
3990714,長野県,塩尻市,堀ノ内
3990727,長野県,塩尻市,みどり湖
3990728,長野県,塩尻市,峰原
3998200,長野県,安曇野市,
3997102,長野県,安曇野市,明科中川手
3997104,長野県,安曇野市,明科七貴
3997101,長野県,安曇野市,明科東川手
3997103,長野県,安曇野市,明科光
3997105,長野県,安曇野市,明科南陸郷
3998205,長野県,安曇野市,豊科
3998204,長野県,安曇野市,豊科高家
3998203,長野県,安曇野市,豊科田沢
3998202,長野県,安曇野市,豊科光
3998201,長野県,安曇野市,豊科南穂高
3998303,長野県,安曇野市,穂高
3998301,長野県,安曇野市,穂高有明
3998304,長野県,安曇野市,穂高柏原
3998302,長野県,安曇野市,穂高北穂高
3998305,長野県,安曇野市,穂高牧
3998211,長野県,安曇野市,堀金烏川
3998212,長野県,安曇野市,堀金三田
3998103,長野県,安曇野市,三郷小倉
3998101,長野県,安曇野市,三郷明盛
3998102,長野県,安曇野市,三郷温
3990200,長野県,諏訪郡富士見町,
3990102,長野県,諏訪郡富士見町,落合
3990214,長野県,諏訪郡富士見町,落合
3990213,長野県,諏訪郡富士見町,乙事
3990101,長野県,諏訪郡富士見町,境
3990212,長野県,諏訪郡富士見町,立沢
3990211,長野県,諏訪郡富士見町,富士見
3990400,長野県,上伊那郡辰野町,
3990424,長野県,上伊那郡辰野町,赤羽
3990428,長野県,上伊那郡辰野町,伊那富
3990601,長野県,上伊那郡辰野町,小野
3990512,長野県,上伊那郡辰野町,上島
3990423,長野県,上伊那郡辰野町,沢底
3990421,長野県,上伊那郡辰野町,辰野
3990427,長野県,上伊那郡辰野町,中央
3990425,長野県,上伊那郡辰野町,樋口
3990422,長野県,上伊那郡辰野町,平出
3990426,長野県,上伊那郡辰野町,宮木
3990511,長野県,上伊那郡辰野町,横川
3994600,長野県,上伊那郡箕輪町,
3994605,長野県,上伊那郡箕輪町,中曽根
3994601,長野県,上伊那郡箕輪町,中箕輪
3994602,長野県,上伊那郡箕輪町,東箕輪
3994604,長野県,上伊那郡箕輪町,福与
3994603,長野県,上伊那郡箕輪町,三日町
3993700,長野県,上伊那郡飯島町,
3993702,長野県,上伊那郡飯島町,飯島
3993701,長野県,上伊那郡飯島町,田切
3993705,長野県,上伊那郡飯島町,七久保
3993703,長野県,上伊那郡飯島町,日曽利
3993704,長野県,上伊那郡飯島町,本郷
3994511,長野県,上伊那郡南箕輪村,
3993800,長野県,上伊那郡中川村,
3993801,長野県,上伊那郡中川村,大草
3993802,長野県,上伊那郡中川村,片桐
3993803,長野県,上伊那郡中川村,葛島
3993804,長野県,上伊那郡中川村,四徳
3994301,長野県,上伊那郡宮田村,
3993300,長野県,下伊那郡松川町,
3993302,長野県,下伊那郡松川町,生田
3993304,長野県,下伊那郡松川町,大島
3993301,長野県,下伊那郡松川町,上片桐
3993303,長野県,下伊那郡松川町,元大島
3993100,長野県,下伊那郡高森町,
3993107,長野県,下伊那郡高森町,出原
3993105,長野県,下伊那郡高森町,牛牧
3993106,長野県,下伊那郡高森町,大島山
3993104,長野県,下伊那郡高森町,上市田
3993103,長野県,下伊那郡高森町,下市田
3993101,長野県,下伊那郡高森町,山吹
3993102,長野県,下伊那郡高森町,吉田
3991500,長野県,下伊那郡阿南町,
3991501,長野県,下伊那郡阿南町,北條
3991505,長野県,下伊那郡阿南町,富草
3991612,長野県,下伊那郡阿南町,新野
3991504,長野県,下伊那郡阿南町,西條
3991502,長野県,下伊那郡阿南町,東條
3991503,長野県,下伊那郡阿南町,南條
3991611,長野県,下伊那郡阿南町,和合
3992100,長野県,下伊那郡下條村,
3992102,長野県,下伊那郡下條村,陽皐
3992101,長野県,下伊那郡下條村,睦沢
3991601,長野県,下伊那郡売木村,
3991200,長野県,下伊那郡天龍村,
3991202,長野県,下伊那郡天龍村,神原
3991203,長野県,下伊那郡天龍村,長島
3991201,長野県,下伊那郡天龍村,平岡
3991801,長野県,下伊那郡泰阜村,
3993200,長野県,下伊那郡豊丘村,
3993311,長野県,下伊那郡豊丘村,河野
3993201,長野県,下伊那郡豊丘村,河野
3993202,長野県,下伊那郡豊丘村,神稲
3993500,長野県,下伊那郡大鹿村,
3993502,長野県,下伊那郡大鹿村,大河原
3993501,長野県,下伊那郡大鹿村,鹿塩
3995600,長野県,木曽郡上松町,
3995601,長野県,木曽郡上松町,上松
3995609,長野県,木曽郡上松町,旭町
3995603,長野県,木曽郡上松町,駅前通り
3995607,長野県,木曽郡上松町,小川
3995608,長野県,木曽郡上松町,荻原
3995605,長野県,木曽郡上松町,栄町
3995604,長野県,木曽郡上松町,正島町
3995602,長野県,木曽郡上松町,本町通り
3995606,長野県,木曽郡上松町,緑町
3995300,長野県,木曽郡南木曽町,
3995302,長野県,木曽郡南木曽町,吾妻
3995303,長野県,木曽郡南木曽町,田立
3995301,長野県,木曽郡南木曽町,読書
3996200,長野県,木曽郡木祖村,
3996203,長野県,木曽郡木祖村,小木曽
3996202,長野県,木曽郡木祖村,菅
3996201,長野県,木曽郡木祖村,薮原
3995500,長野県,木曽郡大桑村,
3995502,長野県,木曽郡大桑村,須原
3995501,長野県,木曽郡大桑村,殿
3995503,長野県,木曽郡大桑村,長野
3995504,長野県,木曽郡大桑村,野尻
3996101,長野県,木曽郡木曽町,日義
3997700,長野県,東筑摩郡麻績村,
3997701,長野県,東筑摩郡麻績村,麻
3997702,長野県,東筑摩郡麻績村,日
3997200,長野県,東筑摩郡生坂村,
3997201,長野県,東筑摩郡生坂村,
3997202,長野県,東筑摩郡生坂村,北陸郷
3997311,長野県,東筑摩郡生坂村,東広津
3997500,長野県,東筑摩郡筑北村,
3997503,長野県,東筑摩郡筑北村,大沢新田
3997711,長野県,東筑摩郡筑北村,坂井
3997601,長野県,東筑摩郡筑北村,坂北
3997501,長野県,東筑摩郡筑北村,西条
3997502,長野県,東筑摩郡筑北村,東条
3997504,長野県,東筑摩郡筑北村,乱橋
3998600,長野県,北安曇郡池田町,
3998602,長野県,北安曇郡池田町,会染
3998601,長野県,北安曇郡池田町,池田
3998603,長野県,北安曇郡池田町,中鵜
3998604,長野県,北安曇郡池田町,広津
3998605,長野県,北安曇郡池田町,陸郷
3998501,長野県,北安曇郡松川村,
3999300,長野県,北安曇郡白馬村,
3999211,長野県,北安曇郡白馬村,神城
3999301,長野県,北安曇郡白馬村,北城
3999400,長野県,北安曇郡小谷村,
3999601,長野県,北安曇郡小谷村,北小谷
3999422,長野県,北安曇郡小谷村,千国
3999421,長野県,北安曇郡小谷村,中小谷
3999511,長野県,北安曇郡小谷村,中土
3998754,長野県,松本市,村井町西２−３−３５
3998738,長野県,松本市,大字笹賀７６００−１９
3998750,長野県,松本市,大字笹賀３０４６
3998721,長野県,松本市,大字笹賀３０３９
3998760,長野県,松本市,笹賀７６００−１９（松本南郵便局私書箱第２２号）
3998733,長野県,松本市,大字笹賀７６００−２
3998712,長野県,松本市,大字芳川村井町２２３
3998751,長野県,松本市,大字笹賀７６００−２２（松本南郵便局私書箱第６号）
3998710,長野県,松本市,芳野１９−４８
3998725,長野県,松本市,大字笹賀７６００−８
3998711,長野県,松本市,宮田２−１０
3998728,長野県,松本市,大字笹賀６５３１−２６
3998702,長野県,松本市,大字寿小赤２０７０
3998707,長野県,松本市,大字芳川村井町１０５９
3998739,長野県,松本市,大字笹賀５６５２−５２
3998744,長野県,松本市,大字笹賀５６５２−１０６
3998722,長野県,松本市,大字笹賀５６５２−１８
3998720,長野県,松本市,大字芳川村井町８２３−２
3998755,長野県,松本市,市場５−２６（松本南郵便局私書箱第２７号）
3998730,長野県,松本市,大字笹賀５５６２番地
3998701,長野県,松本市,村井町南２−２０−３０
3991392,長野県,飯田市,南信濃和田１３７９
3994498,長野県,伊那市,西春近５０７４
3994575,長野県,伊那市,大字西箕輪８０８６−１
3994573,長野県,伊那市,大字西箕輪２６４０−６
3994577,長野県,伊那市,西箕輪８２７４
3994564,長野県,伊那市,大字西箕輪３９００−１３８
3994565,長野県,伊那市,大字西箕輪６５６９−１
3994581,長野県,伊那市,大字西箕輪２６４０−１０
3994593,長野県,伊那市,大字西箕輪１９３８−１
3994195,長野県,駒ヶ根市,北町２２−１
3994192,長野県,駒ヶ根市,赤須町２０−１（駒ヶ根郵便局私書箱第２０号）
3999192,長野県,大町市,美麻１１３９９
3990797,長野県,塩尻市,大門八番町１−２
3990782,長野県,塩尻市,大字広丘野村９５９
3990781,長野県,塩尻市,大字広丘郷原１７８０
3990786,長野県,塩尻市,大字大門７番町３番３号
3990796,長野県,塩尻市,大字塩尻町３９０
3990785,長野県,塩尻市,大字広丘原新田８０
3996493,長野県,塩尻市,大字洗馬２７２０番地３
3997194,長野県,安曇野市,明科七貴６０４３
3997192,長野県,安曇野市,明科中川手６８２４−１（明科郵便局私書箱第１号）
3998192,長野県,安曇野市,三郷明盛４８１０−１
3998292,長野県,安曇野市,豊科５６８５
3998283,長野県,安曇野市,豊科４２７０−６
3998281,長野県,安曇野市,豊科６０００
3998286,長野県,安曇野市,豊科１０００
3998297,長野県,安曇野市,豊科４９３２−４６
3998295,長野県,安曇野市,堀金烏川３３−４
3998285,長野県,安曇野市,豊科田沢６９２５
3998288,長野県,安曇野市,豊科３１００
3998293,長野県,安曇野市,豊科５００
3998282,長野県,安曇野市,豊科５４３２
3998392,長野県,安曇野市,穂高６６５８
3998386,長野県,安曇野市,穂高北穂高２０２７−９
3990295,長野県,諏訪郡富士見町,富士見１０１０
3990293,長野県,諏訪郡富士見町,富士見２８１
3990292,長野県,諏訪郡富士見町,落合１０７７７
3990492,長野県,上伊那郡辰野町,大字伊那富３９３４
3990495,長野県,上伊那郡辰野町,大字伊那富６６６６
3990497,長野県,上伊那郡辰野町,大字樋口１３６５番地
3990498,長野県,上伊那郡辰野町,中山７２番地
3990493,長野県,上伊那郡辰野町,中央１
3990496,長野県,上伊那郡辰野町,大字辰野１４４５番地５
3994692,長野県,上伊那郡箕輪町,大字中箕輪１２２３８
3994697,長野県,上伊那郡箕輪町,大字中箕輪１４０１６
3994696,長野県,上伊那郡箕輪町,大字中箕輪８５４８
3994693,長野県,上伊那郡箕輪町,大字中箕輪８７８７
3994695,長野県,上伊那郡箕輪町,大字中箕輪１０２９８
3993797,長野県,上伊那郡飯島町,飯島２３３８
3994572,長野県,上伊那郡南箕輪村,９７５８−３
3994571,長野県,上伊那郡南箕輪村,９７９２−６
3994595,長野県,上伊那郡南箕輪村,４１２４−１
3994570,長野県,上伊那郡南箕輪村,６２７４
3994589,長野県,上伊那郡南箕輪村,３９３０
3994598,長野県,上伊那郡南箕輪村,８３０４
3994585,長野県,上伊那郡南箕輪村,５１９６−１
3994597,長野県,上伊那郡南箕輪村,３６８５−２
3994576,長野県,上伊那郡南箕輪村,８２９６−１
3994594,長野県,上伊那郡南箕輪村,９１１０
3994566,長野県,上伊那郡南箕輪村,８３０６−９８６
3994584,長野県,上伊那郡南箕輪村,６２０１
3994587,長野県,上伊那郡南箕輪村,４０８８
3994588,長野県,上伊那郡南箕輪村,３８８４−１
3994586,長野県,上伊那郡南箕輪村,３８８４−１
3994583,長野県,上伊那郡南箕輪村,２３８０−４８０
3994578,長野県,上伊那郡南箕輪村,９８１７−１
3994567,長野県,上伊那郡南箕輪村,４８０４−１
3994568,長野県,上伊那郡南箕輪村,３１２５−１
3994592,長野県,上伊那郡南箕輪村,４８２５−１
3993892,長野県,上伊那郡中川村,大草４０４５−１
3994395,長野県,上伊那郡宮田村,５３１１−１
3994393,長野県,上伊那郡宮田村,１９７２
3994392,長野県,上伊那郡宮田村,９８
3994394,長野県,上伊那郡宮田村,２０６１
3993192,長野県,下伊那郡高森町,下市田３１２３
3993193,長野県,下伊那郡高森町,下市田２１８３−１
3991511,長野県,下伊那郡阿南町,東條５８−１
3991689,長野県,下伊那郡売木村,９６８−１
3991895,長野県,下伊那郡泰阜村,３２３６番地１
3993295,長野県,下伊那郡豊丘村,大字神稲３１２０
3998696,長野県,北安曇郡池田町,大字池田３２０３−６
3998695,長野県,北安曇郡池田町,大字池田３２０７−１
3999393,長野県,北安曇郡白馬村,大字北城７０２５
3999494,長野県,北安曇郡小谷村,大字中小谷丙１３１
