4313121,静岡県,浜松市東区,有玉北町
4313126,静岡県,浜松市東区,有玉台
4313123,静岡県,浜松市東区,有玉西町
4313122,静岡県,浜松市東区,有玉南町
4313112,静岡県,浜松市東区,大島町
4313113,静岡県,浜松市東区,大瀬町
4313106,静岡県,浜松市東区,笠井上町
4313105,静岡県,浜松市東区,笠井新田町
4313107,静岡県,浜松市東区,笠井町
4313104,静岡県,浜松市東区,貴平町
4313103,静岡県,浜松市東区,常光町
4313114,静岡県,浜松市東区,積志町
4313108,静岡県,浜松市東区,恒武町
4313102,静岡県,浜松市東区,豊西町
4313111,静岡県,浜松市東区,中郡町
4313115,静岡県,浜松市東区,西ケ崎町
4313124,静岡県,浜松市東区,半田町
4313125,静岡県,浜松市東区,半田山
4313101,静岡県,浜松市東区,豊町
4311111,静岡県,浜松市西区,伊左地町
4311112,静岡県,浜松市西区,大人見町
4311102,静岡県,浜松市西区,大山町
4311209,静岡県,浜松市西区,舘山寺町
4311205,静岡県,浜松市西区,協和町
4311202,静岡県,浜松市西区,呉松町
4311103,静岡県,浜松市西区,湖東町
4311113,静岡県,浜松市西区,古人見町
4311104,静岡県,浜松市西区,桜台
4311114,静岡県,浜松市西区,佐浜町
4310201,静岡県,浜松市西区,篠原町
4311208,静岡県,浜松市西区,庄内町
4311206,静岡県,浜松市西区,庄和町
4311204,静岡県,浜松市西区,白洲町
4310202,静岡県,浜松市西区,坪井町
4311203,静岡県,浜松市西区,平松町
4311201,静岡県,浜松市西区,深萩町
4310212,静岡県,浜松市西区,舞阪町長十新田
4310213,静岡県,浜松市西区,舞阪町浜田
4310214,静岡県,浜松市西区,舞阪町弁天島
4310211,静岡県,浜松市西区,舞阪町舞阪
4310203,静岡県,浜松市西区,馬郡町
4311207,静岡県,浜松市西区,村櫛町
4310103,静岡県,浜松市西区,雄踏
4310102,静岡県,浜松市西区,雄踏町宇布見
4310101,静岡県,浜松市西区,雄踏町山崎
4311101,静岡県,浜松市西区,和光町
4311115,静岡県,浜松市西区,和地町
4312212,静岡県,浜松市北区,引佐町井伊谷
4312205,静岡県,浜松市北区,引佐町伊平
4312224,静岡県,浜松市北区,引佐町奥山
4312213,静岡県,浜松市北区,引佐町金指
4312225,静岡県,浜松市北区,引佐町狩宿
4312202,静岡県,浜松市北区,引佐町川名
4312222,静岡県,浜松市北区,引佐町黒渕
4312537,静岡県,浜松市北区,引佐町渋川
4312533,静岡県,浜松市北区,引佐町四方浄
4312215,静岡県,浜松市北区,引佐町白岩
4312536,静岡県,浜松市北区,引佐町田沢
4312221,静岡県,浜松市北区,引佐町田畑
4312223,静岡県,浜松市北区,引佐町栃窪
4312204,静岡県,浜松市北区,引佐町兎荷
4312532,静岡県,浜松市北区,引佐町西久留女木
4312206,静岡県,浜松市北区,引佐町西黒田
4312211,静岡県,浜松市北区,引佐町花平
4312531,静岡県,浜松市北区,引佐町東久留女木
4312201,静岡県,浜松市北区,引佐町東久留女木
4312207,静岡県,浜松市北区,引佐町東黒田
4312534,静岡県,浜松市北区,引佐町別所
4312535,静岡県,浜松市北区,引佐町的場
4312203,静岡県,浜松市北区,引佐町三岳
4312226,静岡県,浜松市北区,引佐町谷沢
4312214,静岡県,浜松市北区,引佐町横尾
4312216,静岡県,浜松市北区,神宮寺町
4312103,静岡県,浜松市北区,新都田
4312101,静岡県,浜松市北区,滝沢町
4311301,静岡県,浜松市北区,細江町小野
4311305,静岡県,浜松市北区,細江町気賀
4311304,静岡県,浜松市北区,細江町中川
4311302,静岡県,浜松市北区,細江町広岡
4311303,静岡県,浜松市北区,細江町三和
4311404,静岡県,浜松市北区,三ヶ日町宇志
4311403,静岡県,浜松市北区,三ヶ日町大崎
4311407,静岡県,浜松市北区,三ヶ日町大谷
4311415,静岡県,浜松市北区,三ヶ日町岡本
4311425,静岡県,浜松市北区,三ヶ日町上尾奈
4311406,静岡県,浜松市北区,三ヶ日町駒場
4311401,静岡県,浜松市北区,三ヶ日町佐久米
4311424,静岡県,浜松市北区,三ヶ日町下尾奈
4311412,静岡県,浜松市北区,三ヶ日町只木
4311402,静岡県,浜松市北区,三ヶ日町都筑
4311405,静岡県,浜松市北区,三ヶ日町津々崎
4311416,静岡県,浜松市北区,三ヶ日町釣
4311423,静岡県,浜松市北区,三ヶ日町鵺代
4311422,静岡県,浜松市北区,三ヶ日町日比沢
4311417,静岡県,浜松市北区,三ヶ日町平山
4311411,静岡県,浜松市北区,三ヶ日町福長
4311421,静岡県,浜松市北区,三ヶ日町本坂
4311413,静岡県,浜松市北区,三ヶ日町摩訶耶
4311414,静岡県,浜松市北区,三ヶ日町三ヶ日
4312102,静岡県,浜松市北区,都田町
4312104,静岡県,浜松市北区,鷲沢町
4313425,静岡県,浜松市天竜区,青谷
4313535,静岡県,浜松市天竜区,芦窪
4313536,静岡県,浜松市天竜区,阿寺
4313428,静岡県,浜松市天竜区,石神
4313762,静岡県,浜松市天竜区,伊砂
4313755,静岡県,浜松市天竜区,大川
4313642,静岡県,浜松市天竜区,大栗安
4313305,静岡県,浜松市天竜区,大谷
4313752,静岡県,浜松市天竜区,小川
4313427,静岡県,浜松市天竜区,上野
4313643,静岡県,浜松市天竜区,神沢
4313641,静岡県,浜松市天竜区,熊
4313753,静岡県,浜松市天竜区,佐久
4314111,静岡県,浜松市天竜区,佐久間町相月
4313906,静岡県,浜松市天竜区,佐久間町浦川
4313902,静岡県,浜松市天竜区,佐久間町大井
4314112,静岡県,浜松市天竜区,佐久間町奥領家
4313903,静岡県,浜松市天竜区,佐久間町上平山
4313907,静岡県,浜松市天竜区,佐久間町川合
4313901,静岡県,浜松市天竜区,佐久間町佐久間
4313904,静岡県,浜松市天竜区,佐久間町戸口
4313908,静岡県,浜松市天竜区,佐久間町中部
4313905,静岡県,浜松市天竜区,佐久間町半場
4313304,静岡県,浜松市天竜区,次郎八新田
4313754,静岡県,浜松市天竜区,相津
4313302,静岡県,浜松市天竜区,只来
4313804,静岡県,浜松市天竜区,龍山町大嶺
4313802,静岡県,浜松市天竜区,龍山町下平山
4313801,静岡県,浜松市天竜区,龍山町瀬尻
4313803,静岡県,浜松市天竜区,龍山町戸倉
4313763,静岡県,浜松市天竜区,月
4313533,静岡県,浜松市天竜区,長沢
4313761,静岡県,浜松市天竜区,西雲名
4313532,静岡県,浜松市天竜区,西藤平
4313421,静岡県,浜松市天竜区,日明
4313751,静岡県,浜松市天竜区,東雲名
4313531,静岡県,浜松市天竜区,東藤平
4313311,静岡県,浜松市天竜区,二俣町阿蔵
4313315,静岡県,浜松市天竜区,二俣町大園
4313313,静岡県,浜松市天竜区,二俣町鹿島
4313314,静岡県,浜松市天竜区,二俣町二俣
4313312,静岡県,浜松市天竜区,二俣町南鹿島
4313534,静岡県,浜松市天竜区,懐山
4313306,静岡県,浜松市天竜区,船明
4314101,静岡県,浜松市天竜区,水窪町奥領家
4314102,静岡県,浜松市天竜区,水窪町地頭方
4314103,静岡県,浜松市天竜区,水窪町山住
4313422,静岡県,浜松市天竜区,米沢
4313303,静岡県,浜松市天竜区,山東
4313756,静岡県,浜松市天竜区,谷山
4313301,静岡県,浜松市天竜区,横川
4313764,静岡県,浜松市天竜区,横山町
4313426,静岡県,浜松市天竜区,両島
4313424,静岡県,浜松市天竜区,緑恵台
4313423,静岡県,浜松市天竜区,渡ケ島
4310400,静岡県,湖西市,
4310302,静岡県,湖西市,新居町新居
4310304,静岡県,湖西市,新居町内山
4310301,静岡県,湖西市,新居町中之郷
4310303,静岡県,湖西市,新居町浜名
4310411,静岡県,湖西市,入出
4310412,静岡県,湖西市,内浦
4310425,静岡県,湖西市,梅田
4310427,静岡県,湖西市,駅南
4310404,静岡県,湖西市,太田
4310403,静岡県,湖西市,大知波
4310422,静岡県,湖西市,岡崎
4310432,静岡県,湖西市,風の杜
4310405,静岡県,湖西市,神座
4310441,静岡県,湖西市,吉美
4310442,静岡県,湖西市,古見
4310452,静岡県,湖西市,境宿
4310451,静岡県,湖西市,白須賀
4310421,静岡県,湖西市,新所
4310423,静岡県,湖西市,新所・岡崎・梅田入会地
4310424,静岡県,湖西市,新所原
4310426,静岡県,湖西市,新所原東
4310428,静岡県,湖西市,ときわ
4310444,静岡県,湖西市,坊瀬
4310429,静岡県,湖西市,南台
4310443,静岡県,湖西市,山口
4310401,静岡県,湖西市,横山
4310402,静岡県,湖西市,利木
4310431,静岡県,湖西市,鷲津
4314121,愛知県,北設楽郡豊根村,富山
4313195,静岡県,浜松市東区,有玉西町３００
4313194,静岡県,浜松市東区,豊町５０８−１
4313193,静岡県,浜松市東区,有玉南町１９７５
4313192,静岡県,浜松市東区,半田山１丁目２０−１
4313196,静岡県,浜松市東区,常光町８１２
4310193,静岡県,浜松市西区,雄踏１丁目３１番１号
4310192,静岡県,浜松市西区,雄踏町宇布見７１１１
4310298,静岡県,浜松市西区,篠原町２１３３９番地
4310295,静岡県,浜松市西区,篠原町１８３０３−９
4310292,静岡県,浜松市西区,舞阪町舞阪２７０１番地の９
4311394,静岡県,浜松市北区,細江町中川７０００−３６
4311393,静岡県,浜松市北区,細江町中川７３９９
4311392,静岡県,浜松市北区,細江町中川７２２０−９９
4311395,静岡県,浜松市北区,細江町気賀３０５
4311495,静岡県,浜松市北区,三ヶ日町三ヶ日５００−１（三ヶ日郵便局私書箱第２号）
4311496,静岡県,浜松市北区,三ヶ日町都筑２９７７−２
4311497,静岡県,浜松市北区,三ヶ日町三ヶ日８８５
4312295,静岡県,浜松市北区,引佐町井伊谷６１６−５
4313392,静岡県,浜松市天竜区,二俣町二俣４８１
4313393,静岡県,浜松市天竜区,二俣町南鹿島２３番地
4313492,静岡県,浜松市天竜区,渡ケ島２１７−３
4314195,静岡県,浜松市天竜区,水窪町奥領家２９５５の１
4310395,静岡県,湖西市,新居町浜名５１９−１
4310493,静岡県,湖西市,梅田３９０
4310495,静岡県,湖西市,鷲津２２８１番地
4310494,静岡県,湖西市,鷲津２４１８
4310492,静岡県,湖西市,吉美３２６８
4310496,静岡県,湖西市,境宿５５４
