5011182,岐阜県,岐阜市,秋沢
5013134,岐阜県,岐阜市,芥見
5013111,岐阜県,岐阜市,芥見大退
5013114,岐阜県,岐阜市,芥見大船
5013136,岐阜県,岐阜市,芥見海戸山
5013143,岐阜県,岐阜市,芥見影山
5013135,岐阜県,岐阜市,芥見清水
5013146,岐阜県,岐阜市,芥見嵯峨
5013144,岐阜県,岐阜市,芥見大般若
5013141,岐阜県,岐阜市,芥見中野畑
5013132,岐阜県,岐阜市,芥見長山
5013145,岐阜県,岐阜市,芥見野畑
5013112,岐阜県,岐阜市,芥見東山
5013147,岐阜県,岐阜市,芥見堀田
5013116,岐阜県,岐阜市,芥見町屋
5013133,岐阜県,岐阜市,芥見南山
5011109,岐阜県,岐阜市,安食
5011108,岐阜県,岐阜市,安食志良古
5011106,岐阜県,岐阜市,石谷
5012535,岐阜県,岐阜市,石原
5013104,岐阜県,岐阜市,石原
5011114,岐阜県,岐阜市,今川
5013101,岐阜県,岐阜市,岩井
5013102,岐阜県,岐阜市,岩井万場
5013154,岐阜県,岐阜市,岩田東
5013156,岐阜県,岐阜市,岩田西
5013151,岐阜県,岐阜市,岩滝東
5013152,岐阜県,岐阜市,岩滝西
5013155,岐阜県,岐阜市,岩田坂
5011102,岐阜県,岐阜市,岩利
5010117,岐阜県,岐阜市,江崎
5010121,岐阜県,岐阜市,江崎北
5010122,岐阜県,岐阜市,江崎南
5013108,岐阜県,岐阜市,大蔵台
5010118,岐阜県,岐阜市,大菅北
5010119,岐阜県,岐阜市,大菅南
5013124,岐阜県,岐阜市,大洞
5013123,岐阜県,岐阜市,大洞柏台
5013121,岐阜県,岐阜市,大洞桐が丘
5013127,岐阜県,岐阜市,大洞桜台
5013125,岐阜県,岐阜市,大洞緑山
5013122,岐阜県,岐阜市,大洞紅葉が丘
5013126,岐阜県,岐阜市,大洞西
5016134,岐阜県,岐阜市,大脇
5011185,岐阜県,岐阜市,奥
5011132,岐阜県,岐阜市,折立
5010111,岐阜県,岐阜市,鏡島
5010113,岐阜県,岐阜市,鏡島市場
5010112,岐阜県,岐阜市,鏡島精華
5010111,岐阜県,岐阜市,鏡島町
5010124,岐阜県,岐阜市,鏡島中
5010123,岐阜県,岐阜市,鏡島西
5010115,岐阜県,岐阜市,鏡島南
5012521,岐阜県,岐阜市,門屋
5012528,岐阜県,岐阜市,門屋門
5012527,岐阜県,岐阜市,門屋勢引
5012526,岐阜県,岐阜市,門屋野崎
5012522,岐阜県,岐阜市,門屋溝上
5013107,岐阜県,岐阜市,加野
5013115,岐阜県,岐阜市,上芥見
5011178,岐阜県,岐阜市,上西郷
5011150,岐阜県,岐阜市,上尻毛
5011149,岐阜県,岐阜市,上尻毛八幡
5011148,岐阜県,岐阜市,上尻毛日吉
5010111,岐阜県,岐阜市,川原畑
5011151,岐阜県,岐阜市,川部
5013131,岐阜県,岐阜市,祇園
5011133,岐阜県,岐阜市,北柿ケ瀬
5012503,岐阜県,岐阜市,北野阿原
5012519,岐阜県,岐阜市,北野西山
5012512,岐阜県,岐阜市,北野東
5012518,岐阜県,岐阜市,北野西
5012516,岐阜県,岐阜市,北野南
5012511,岐阜県,岐阜市,北野北
5013113,岐阜県,岐阜市,北山
5011135,岐阜県,岐阜市,木田
5011131,岐阜県,岐阜市,黒野
5011136,岐阜県,岐阜市,黒野南
5010105,岐阜県,岐阜市,河渡
5011176,岐阜県,岐阜市,小西郷
5011174,岐阜県,岐阜市,小野
5011171,岐阜県,岐阜市,御望
5013117,岐阜県,岐阜市,コモンヒルズ北山
5011101,岐阜県,岐阜市,佐野
5013153,岐阜県,岐阜市,静が丘町
5011147,岐阜県,岐阜市,尻毛
5011172,岐阜県,岐阜市,下鵜飼
5011175,岐阜県,岐阜市,下西郷
5011146,岐阜県,岐阜市,下尻毛
5013142,岐阜県,岐阜市,諏訪山
5010101,岐阜県,岐阜市,曽我屋
5011113,岐阜県,岐阜市,大学西
5011111,岐阜県,岐阜市,大学北
5016131,岐阜県,岐阜市,高河原
5012577,岐阜県,岐阜市,太郎丸
5012536,岐阜県,岐阜市,太郎丸樫木
5012574,岐阜県,岐阜市,太郎丸北浦
5012572,岐阜県,岐阜市,太郎丸北郷
5012576,岐阜県,岐阜市,太郎丸新屋敷
5012573,岐阜県,岐阜市,太郎丸諏訪
5012579,岐阜県,岐阜市,太郎丸知之道
5012575,岐阜県,岐阜市,太郎丸中島
5012578,岐阜県,岐阜市,太郎丸野田
5012571,岐阜県,岐阜市,太郎丸向良
5016135,岐阜県,岐阜市,茶屋新田
5012501,岐阜県,岐阜市,出屋敷
5010104,岐阜県,岐阜市,寺田
5011186,岐阜県,岐阜市,外山
5011173,岐阜県,岐阜市,中
5011177,岐阜県,岐阜市,中西郷
5012531,岐阜県,岐阜市,中屋東
5012532,岐阜県,岐阜市,中屋西
5016132,岐阜県,岐阜市,次木
5011184,岐阜県,岐阜市,西秋沢
5011159,岐阜県,岐阜市,西改田
5011168,岐阜県,岐阜市,西改田上の町
5011161,岐阜県,岐阜市,西改田川向
5011163,岐阜県,岐阜市,西改田米野
5011158,岐阜県,岐阜市,西改田先道
5011167,岐阜県,岐阜市,西改田夏梅
5011164,岐阜県,岐阜市,西改田東改田入会地
5011169,岐阜県,岐阜市,西改田七石
5011159,岐阜県,岐阜市,西改田松の木
5011165,岐阜県,岐阜市,西改田宮西
5011166,岐阜県,岐阜市,西改田村前
5011162,岐阜県,岐阜市,西改田若宮
5010106,岐阜県,岐阜市,西河渡
5011183,岐阜県,岐阜市,則松
5012525,岐阜県,岐阜市,春近古市場南
5012524,岐阜県,岐阜市,春近古市場北
5011141,岐阜県,岐阜市,東板谷
5011142,岐阜県,岐阜市,東改田
5011145,岐阜県,岐阜市,東改田腰前田
5011144,岐阜県,岐阜市,東改田再勝
5011143,岐阜県,岐阜市,東改田鶴田
5016133,岐阜県,岐阜市,日置江
5011105,岐阜県,岐阜市,彦坂
5011104,岐阜県,岐阜市,彦坂川上
5011103,岐阜県,岐阜市,彦坂川北
5010103,岐阜県,岐阜市,一日市場
5010102,岐阜県,岐阜市,一日市場北町
5011181,岐阜県,岐阜市,雛倉
5011116,岐阜県,岐阜市,深坂
5012565,岐阜県,岐阜市,福富
5012561,岐阜県,岐阜市,福富笠海道
5012567,岐阜県,岐阜市,福富町田
5012566,岐阜県,岐阜市,福富天神前
5012562,岐阜県,岐阜市,福富出口
5012564,岐阜県,岐阜市,福富永田
5012563,岐阜県,岐阜市,福富迎田
5011121,岐阜県,岐阜市,古市場
5011122,岐阜県,岐阜市,古市場老ノ上
5011127,岐阜県,岐阜市,古市場神田
5011123,岐阜県,岐阜市,古市場高田
5011126,岐阜県,岐阜市,古市場高宮
5011124,岐阜県,岐阜市,古市場中原
5011125,岐阜県,岐阜市,古市場東町田
5011128,岐阜県,岐阜市,洞
5011115,岐阜県,岐阜市,交人
5011152,岐阜県,岐阜市,又丸
5011153,岐阜県,岐阜市,又丸町畑
5011156,岐阜県,岐阜市,又丸津島
5011155,岐阜県,岐阜市,又丸宮東
5011157,岐阜県,岐阜市,又丸村中
5011154,岐阜県,岐阜市,又丸柳町
5012551,岐阜県,岐阜市,溝口
5012557,岐阜県,岐阜市,溝口上
5012556,岐阜県,岐阜市,溝口中
5012555,岐阜県,岐阜市,溝口下
5012554,岐阜県,岐阜市,溝口童子
5012553,岐阜県,岐阜市,溝口中野
5012552,岐阜県,岐阜市,溝口東
5011134,岐阜県,岐阜市,南柿ケ瀬
5012513,岐阜県,岐阜市,三輪
5012514,岐阜県,岐阜市,三輪宮前
5012515,岐阜県,岐阜市,三輪宮西
5012517,岐阜県,岐阜市,三輪ぷりんとぴあ
5013109,岐阜県,岐阜市,向加野
5011107,岐阜県,岐阜市,村山
5012523,岐阜県,岐阜市,茂地
5012533,岐阜県,岐阜市,森東
5012534,岐阜県,岐阜市,森西
5016105,岐阜県,岐阜市,柳津町梅松
5016121,岐阜県,岐阜市,柳津町上佐波
5016121,岐阜県,岐阜市,柳津町上佐波西
5016121,岐阜県,岐阜市,柳津町上佐波東
5016112,岐阜県,岐阜市,柳津町北塚
5016101,岐阜県,岐阜市,柳津町栄町
5016121,岐阜県,岐阜市,柳津町佐波
5016121,岐阜県,岐阜市,柳津町下佐波
5016121,岐阜県,岐阜市,柳津町下佐波西
5016122,岐阜県,岐阜市,柳津町高桑
5016122,岐阜県,岐阜市,柳津町高桑西
5016122,岐阜県,岐阜市,柳津町高桑東
5016103,岐阜県,岐阜市,柳津町蓮池
5016102,岐阜県,岐阜市,柳津町東塚
5016104,岐阜県,岐阜市,柳津町本郷
5016115,岐阜県,岐阜市,柳津町丸野
5016113,岐阜県,岐阜市,柳津町南塚
5016111,岐阜県,岐阜市,柳津町宮東
5016123,岐阜県,岐阜市,柳津町流通センター
5011112,岐阜県,岐阜市,柳戸
5012504,岐阜県,岐阜市,山県岩
5012507,岐阜県,岐阜市,山県岩中
5012508,岐阜県,岐阜市,山県岩明光
5012505,岐阜県,岐阜市,山県岩東
5012509,岐阜県,岐阜市,山県岩西
5012506,岐阜県,岐阜市,山県岩南
5012502,岐阜県,岐阜市,山県北野
5012541,岐阜県,岐阜市,世保
5012542,岐阜県,岐阜市,世保東
5012544,岐阜県,岐阜市,世保西
5012543,岐阜県,岐阜市,世保南
5012545,岐阜県,岐阜市,世保北
5015421,岐阜県,高山市,荘川町赤谷
5015413,岐阜県,高山市,荘川町新渕
5015415,岐阜県,高山市,荘川町一色
5015423,岐阜県,高山市,荘川町岩瀬
5015422,岐阜県,高山市,荘川町牛丸
5015426,岐阜県,高山市,荘川町尾上郷
5015425,岐阜県,高山市,荘川町海上
5015404,岐阜県,高山市,荘川町黒谷
5015414,岐阜県,高山市,荘川町猿丸
5015402,岐阜県,高山市,荘川町三谷
5015406,岐阜県,高山市,荘川町惣則
5015405,岐阜県,高山市,荘川町寺河戸
5015424,岐阜県,高山市,荘川町中野
5015412,岐阜県,高山市,荘川町中畑
5015417,岐阜県,高山市,荘川町野々俣
5015411,岐阜県,高山市,荘川町牧戸
5015416,岐阜県,高山市,荘川町町屋
5015403,岐阜県,高山市,荘川町三尾河
5015401,岐阜県,高山市,荘川町六厩
5013200,岐阜県,関市,
5013851,岐阜県,関市,相生町
5013978,岐阜県,関市,赤渕
5013852,岐阜県,関市,上利町
5013853,岐阜県,関市,朝倉町
5013829,岐阜県,関市,旭ケ丘
5013808,岐阜県,関市,安桜台
5013807,岐阜県,関市,安桜山
5013845,岐阜県,関市,吾妻町
5013264,岐阜県,関市,池尻
5013247,岐阜県,関市,池田町
5013966,岐阜県,関市,居敷町
5013841,岐阜県,関市,伊勢町
5012901,岐阜県,関市,板取
5013822,岐阜県,関市,市平賀
5013979,岐阜県,関市,一本木町
5013932,岐阜県,関市,稲口
5013913,岐阜県,関市,稲河町
5013914,岐阜県,関市,鋳物師屋
5013855,岐阜県,関市,いろは町
5013951,岐阜県,関市,植野
5013974,岐阜県,関市,梅ケ枝町
5013804,岐阜県,関市,円保通
5013922,岐阜県,関市,大杉
5013801,岐阜県,関市,大坪
5013265,岐阜県,関市,小瀬
5013268,岐阜県,関市,小瀬長池町
5013266,岐阜県,関市,小瀬南
5013201,岐阜県,関市,小野
5013210,岐阜県,関市,尾太町
5013941,岐阜県,関市,小屋名
5013910,岐阜県,関市,笠屋
5013214,岐阜県,関市,貸上町
5013871,岐阜県,関市,鍛冶町
5013865,岐阜県,関市,春日町
5013963,岐阜県,関市,片倉町
5013872,岐阜県,関市,金屋町
5013862,岐阜県,関市,兼永町
5013204,岐阜県,関市,上大野
5013947,岐阜県,関市,上白金
5013203,岐阜県,関市,神野
5013601,岐阜県,関市,上之保
5013877,岐阜県,関市,河合町
5013235,岐阜県,関市,川間町
5013835,岐阜県,関市,観音前
5013806,岐阜県,関市,観音山
5013917,岐阜県,関市,北天神
5013245,岐阜県,関市,北福野町
5013843,岐阜県,関市,吉田町
5013876,岐阜県,関市,貴船町
5013942,岐阜県,関市,希望ケ丘
5013938,岐阜県,関市,桐ヶ丘
5013934,岐阜県,関市,桐谷台
5013936,岐阜県,関市,倉知
5013930,岐阜県,関市,倉知南
5013207,岐阜県,関市,黒屋
5013927,岐阜県,関市,向陽台
5013908,岐阜県,関市,寿町
5013926,岐阜県,関市,小迫間
5013861,岐阜県,関市,小柳町
5013241,岐阜県,関市,西仙房
5013253,岐阜県,関市,栄町
5013888,岐阜県,関市,坂下町
5013903,岐阜県,関市,桜ケ丘
5013856,岐阜県,関市,桜木町
5013931,岐阜県,関市,桜台
5013232,岐阜県,関市,桜本町
5013252,岐阜県,関市,山王通
5013251,岐阜県,関市,山王通西
5013935,岐阜県,関市,四季ノ台
5013878,岐阜県,関市,十軒町
5013205,岐阜県,関市,志津野
5013972,岐阜県,関市,寺内町
5013977,岐阜県,関市,清水町
5013217,岐阜県,関市,下有知
5013955,岐阜県,関市,下白金
5013521,岐阜県,関市,下之保
5013259,岐阜県,関市,十三塚北
5013250,岐阜県,関市,十三塚町
5013258,岐阜県,関市,十三塚南
5013965,岐阜県,関市,十六所
5013868,岐阜県,関市,白川町
5013257,岐阜県,関市,新田
5013923,岐阜県,関市,新迫間
5013909,岐阜県,関市,新堀町
5013847,岐阜県,関市,新町
5013905,岐阜県,関市,神明町
5013848,岐阜県,関市,末広町
5013846,岐阜県,関市,住吉町
5013961,岐阜県,関市,清蔵寺
5013826,岐阜県,関市,関口町
5013211,岐阜県,関市,関ノ上
5013866,岐阜県,関市,千年町
5013954,岐阜県,関市,千疋
5013953,岐阜県,関市,千疋北
5013957,岐阜県,関市,側島
5013952,岐阜県,関市,大平台
5013833,岐阜県,関市,大平町
5013834,岐阜県,関市,大門町
5013964,岐阜県,関市,宝山町
5013223,岐阜県,関市,竪切南
5013228,岐阜県,関市,竪切北
5013255,岐阜県,関市,段下
5013968,岐阜県,関市,力山
5013854,岐阜県,関市,月見町
5013236,岐阜県,関市,辻井戸町
5013946,岐阜県,関市,津保川台
5013842,岐阜県,関市,出来町
5013212,岐阜県,関市,寺田
5013915,岐阜県,関市,天徳町
5013939,岐阜県,関市,桃紅大地
5013824,岐阜県,関市,東新町
5013206,岐阜県,関市,塔ノ洞
5013867,岐阜県,関市,常盤町
5013887,岐阜県,関市,吐月町
5013958,岐阜県,関市,戸田
5013501,岐阜県,関市,富之保
5013863,岐阜県,関市,富本町
5013916,岐阜県,関市,豊岡町
5013975,岐阜県,関市,豊川町
5013511,岐阜県,関市,中之保
5013243,岐阜県,関市,中福野町
5013817,岐阜県,関市,仲町
5013839,岐阜県,関市,長住町
5013828,岐阜県,関市,西旭ケ丘
5013967,岐阜県,関市,西居敷
5013906,岐阜県,関市,西欠ノ下
5013221,岐阜県,関市,西貸上
5013202,岐阜県,関市,西神野
5013233,岐阜県,関市,西木戸町
5013215,岐阜県,関市,西境松町
5013928,岐阜県,関市,西田原
5013882,岐阜県,関市,西日吉町
5013244,岐阜県,関市,西福野町
5013803,岐阜県,関市,西本郷通
5013819,岐阜県,関市,西町
5013837,岐阜県,関市,西門前町
5013943,岐阜県,関市,虹ケ丘南
5013945,岐阜県,関市,虹ケ丘北
5013219,岐阜県,関市,のぞみケ丘
5013976,岐阜県,関市,梅竜寺山
5013924,岐阜県,関市,迫間
5013925,岐阜県,関市,迫間台
5013831,岐阜県,関市,長谷寺町
5013832,岐阜県,関市,花園町
5013256,岐阜県,関市,巾
5013969,岐阜県,関市,馬場出
5013901,岐阜県,関市,春里町
5013213,岐阜県,関市,東貸上
5013231,岐阜県,関市,東桜町
5013218,岐阜県,関市,東志摩
5013224,岐阜県,関市,東仙房
5013921,岐阜県,関市,東田原
5013823,岐阜県,関市,東出町
5013813,岐阜県,関市,東野町
5013883,岐阜県,関市,東日吉町
5013242,岐阜県,関市,東福野町
5013812,岐阜県,関市,東本郷
5013811,岐阜県,関市,東本郷通
5013815,岐阜県,関市,東町
5013838,岐阜県,関市,東門前町
5013814,岐阜県,関市,東山
5013911,岐阜県,関市,肥田瀬
5013973,岐阜県,関市,一ツ山町
5013873,岐阜県,関市,日ノ出町
5013821,岐阜県,関市,平賀町
5013263,岐阜県,関市,広見
5013261,岐阜県,関市,広見北町
5013262,岐阜県,関市,広見東町
5013971,岐阜県,関市,古屋敷町
5013919,岐阜県,関市,平成通
5013874,岐阜県,関市,平和通
5013956,岐阜県,関市,保明
5013227,岐阜県,関市,北仙房
5013267,岐阜県,関市,星ケ丘
5012807,岐阜県,関市,洞戸阿部
5012812,岐阜県,関市,洞戸市場
5012816,岐阜県,関市,洞戸大野
5012805,岐阜県,関市,洞戸尾倉
5012809,岐阜県,関市,洞戸小瀬見
5012811,岐阜県,関市,洞戸片
5012801,岐阜県,関市,洞戸栗原
5012815,岐阜県,関市,洞戸黒谷
5012806,岐阜県,関市,洞戸高賀
5012808,岐阜県,関市,洞戸高見
5012817,岐阜県,関市,洞戸小坂
5012814,岐阜県,関市,洞戸菅谷
5012802,岐阜県,関市,洞戸通元寺
5012803,岐阜県,関市,洞戸飛瀬
5013805,岐阜県,関市,本郷町
5013886,岐阜県,関市,本町
5013864,岐阜県,関市,前町
5013937,岐阜県,関市,前山町
5013884,岐阜県,関市,孫六町
5013216,岐阜県,関市,水ノ輪町
5013836,岐阜県,関市,美園町
5013246,岐阜県,関市,緑ケ丘
5013237,岐阜県,関市,緑町
5013222,岐阜県,関市,南貸上
5013857,岐阜県,関市,南春日町
5013225,岐阜県,関市,南仙房
5013918,岐阜県,関市,南天神
5013825,岐阜県,関市,南出
5013907,岐阜県,関市,南町
5013912,岐阜県,関市,宮河町
5013827,岐阜県,関市,宮地町
5013844,岐阜県,関市,美和町
5013226,岐阜県,関市,向西仙房
5012605,岐阜県,関市,武芸川町跡部
5012607,岐阜県,関市,武芸川町宇多院
5012602,岐阜県,関市,武芸川町小知野
5012604,岐阜県,関市,武芸川町高野
5012601,岐阜県,関市,武芸川町谷口
5012603,岐阜県,関市,武芸川町八幡
5012606,岐阜県,関市,武芸川町平
5013933,岐阜県,関市,向山町
5013904,岐阜県,関市,明生町
5013881,岐阜県,関市,元重町
5013875,岐阜県,関市,森西町
5013962,岐阜県,関市,柳町
5013944,岐阜県,関市,山田
5013885,岐阜県,関市,山ノ手
5013902,岐阜県,関市,弥生町
5013254,岐阜県,関市,雄飛ケ丘
5013816,岐阜県,関市,吉野町
5013818,岐阜県,関市,吉本町
5013802,岐阜県,関市,若草通
5013234,岐阜県,関市,若宮町
5013700,岐阜県,美濃市,
5013701,岐阜県,美濃市,
5013723,岐阜県,美濃市,相生町
5013762,岐阜県,美濃市,藍川
5013717,岐阜県,美濃市,安毛
5013756,岐阜県,美濃市,生櫛
5013729,岐阜県,美濃市,泉町
5013724,岐阜県,美濃市,魚屋町
5013715,岐阜県,美濃市,梅山町
5013786,岐阜県,美濃市,乙狩
5013771,岐阜県,美濃市,大矢田
5013772,岐阜県,美濃市,楓台
5013764,岐阜県,美濃市,笠神
5013726,岐阜県,美濃市,加治屋町
5013781,岐阜県,美濃市,片知
5013702,岐阜県,美濃市,上河和
5013743,岐阜県,美濃市,上条
5013787,岐阜県,美濃市,上野
5013733,岐阜県,美濃市,亀野町
5013783,岐阜県,美濃市,神洞
5013712,岐阜県,美濃市,口野々
5013785,岐阜県,美濃市,小倉
5013763,岐阜県,美濃市,極楽寺
5013736,岐阜県,美濃市,米屋町
5013754,岐阜県,美濃市,さくらケ丘
5013755,岐阜県,美濃市,志摩
5013703,岐阜県,美濃市,下河和
5013745,岐阜県,美濃市,下渡
5013752,岐阜県,美濃市,松栄町
5013737,岐阜県,美濃市,新町
5013706,岐阜県,美濃市,須原
5013714,岐阜県,美濃市,曽代
5013705,岐阜県,美濃市,立花
5013725,岐阜県,美濃市,俵町
5013744,岐阜県,美濃市,段町
5013734,岐阜県,美濃市,千畝町
5013746,岐阜県,美濃市,中央
5013722,岐阜県,美濃市,常盤町
5013742,岐阜県,美濃市,殿町
5013713,岐阜県,美濃市,富野
5013727,岐阜県,美濃市,永重町
5013782,岐阜県,美濃市,長瀬
5013735,岐阜県,美濃市,西市場町
5013731,岐阜県,美濃市,東市場町
5013711,岐阜県,美濃市,樋ケ洞
5013732,岐阜県,美濃市,広岡町
5013704,岐阜県,美濃市,保木脇
5013716,岐阜県,美濃市,前野
5013751,岐阜県,美濃市,松倉台
5013753,岐阜県,美濃市,松森
5013784,岐阜県,美濃市,御手洗
5013741,岐阜県,美濃市,港町
5013728,岐阜県,美濃市,本住町
5013773,岐阜県,美濃市,もみじが丘
5013761,岐阜県,美濃市,横越
5013721,岐阜県,美濃市,吉川町
5013788,岐阜県,美濃市,蕨生
5016200,岐阜県,羽島市,
5016207,岐阜県,羽島市,足近町
5016202,岐阜県,羽島市,足近町市場
5016201,岐阜県,羽島市,足近町北宿
5016204,岐阜県,羽島市,足近町小荒井
5016208,岐阜県,羽島市,足近町坂井
5016209,岐阜県,羽島市,足近町直道
5016203,岐阜県,羽島市,足近町南宿
5016205,岐阜県,羽島市,足近町南之川
5016236,岐阜県,羽島市,江吉良町
5016238,岐阜県,羽島市,江吉良町江中
5016237,岐阜県,羽島市,江吉良町江西
5016239,岐阜県,羽島市,江吉良町江南
5016273,岐阜県,羽島市,小熊町
5016272,岐阜県,羽島市,小熊町相田
5016262,岐阜県,羽島市,小熊町内粟野
5016263,岐阜県,羽島市,小熊町江頭
5016266,岐阜県,羽島市,小熊町川口
5016265,岐阜県,羽島市,小熊町川口前
5016264,岐阜県,羽島市,小熊町島
5016253,岐阜県,羽島市,小熊町島新道
5016252,岐阜県,羽島市,小熊町島前
5016261,岐阜県,羽島市,小熊町外粟野
5016267,岐阜県,羽島市,小熊町天王
5016271,岐阜県,羽島市,小熊町東小熊
5016274,岐阜県,羽島市,小熊町西小熊
5016312,岐阜県,羽島市,上中町一色
5016317,岐阜県,羽島市,上中町午北
5016318,岐阜県,羽島市,上中町沖
5016319,岐阜県,羽島市,上中町中
5016311,岐阜県,羽島市,上中町長間
5016323,岐阜県,羽島市,桑原町午南
5016325,岐阜県,羽島市,桑原町大須
5016324,岐阜県,羽島市,桑原町小薮
5016327,岐阜県,羽島市,桑原町西小薮
5016326,岐阜県,羽島市,桑原町東方
5016328,岐阜県,羽島市,桑原町平太
5016322,岐阜県,羽島市,桑原町前野
5016321,岐阜県,羽島市,桑原町八神
5016315,岐阜県,羽島市,下中町石田
5016316,岐阜県,羽島市,下中町市之枝
5016313,岐阜県,羽島市,下中町加賀野井
5016314,岐阜県,羽島市,下中町城屋敷
5016206,岐阜県,羽島市,新生町
5016241,岐阜県,羽島市,竹鼻町
5016233,岐阜県,羽島市,竹鼻町飯柄
5016231,岐阜県,羽島市,竹鼻町神楽
5016232,岐阜県,羽島市,竹鼻町狐穴
5016234,岐阜県,羽島市,竹鼻町駒塚
5016242,岐阜県,羽島市,竹鼻町錦町
5016243,岐阜県,羽島市,竹鼻町西野町
5016235,岐阜県,羽島市,竹鼻町蜂尻
5016244,岐阜県,羽島市,竹鼻町丸の内
5016255,岐阜県,羽島市,福寿町浅平
5016256,岐阜県,羽島市,福寿町千代田
5016257,岐阜県,羽島市,福寿町平方
5016254,岐阜県,羽島市,福寿町本郷
5016251,岐阜県,羽島市,福寿町間島
5016302,岐阜県,羽島市,舟橋町
5016304,岐阜県,羽島市,舟橋町出須賀
5016303,岐阜県,羽島市,舟橋町本町
5016301,岐阜県,羽島市,舟橋町宮北
5016338,岐阜県,羽島市,堀津町須賀中
5016336,岐阜県,羽島市,堀津町須賀西
5016335,岐阜県,羽島市,堀津町須賀南
5016332,岐阜県,羽島市,堀津町須賀北
5016337,岐阜県,羽島市,堀津町中屋敷
5016333,岐阜県,羽島市,堀津町東山
5016334,岐阜県,羽島市,堀津町前谷
5016331,岐阜県,羽島市,堀津町横手
5016330,岐阜県,羽島市,堀津町
5016225,岐阜県,羽島市,正木町新井
5016224,岐阜県,羽島市,正木町大浦
5016223,岐阜県,羽島市,正木町大浦新田
5016212,岐阜県,羽島市,正木町上大浦
5016229,岐阜県,羽島市,正木町坂丸
5016216,岐阜県,羽島市,正木町須賀
5016215,岐阜県,羽島市,正木町須賀赤松
5016214,岐阜県,羽島市,正木町須賀池端
5016217,岐阜県,羽島市,正木町須賀小松
5016218,岐阜県,羽島市,正木町須賀本村
5016228,岐阜県,羽島市,正木町不破一色
5016227,岐阜県,羽島市,正木町曲利
5016213,岐阜県,羽島市,正木町光法寺
5016226,岐阜県,羽島市,正木町三ツ柳
5016211,岐阜県,羽島市,正木町南及
5016221,岐阜県,羽島市,正木町森
5016222,岐阜県,羽島市,正木町森新田
5016021,岐阜県,各務原市,川島笠田町
5016029,岐阜県,各務原市,川島北山町
5016023,岐阜県,各務原市,川島小網町
5016025,岐阜県,各務原市,川島河田町
5016024,岐阜県,各務原市,川島竹早町
5016022,岐阜県,各務原市,川島松倉町
5016026,岐阜県,各務原市,川島松原町
5016027,岐阜県,各務原市,川島緑町
5016028,岐阜県,各務原市,川島渡町
5012100,岐阜県,山県市,
5012252,岐阜県,山県市,相戸
5012256,岐阜県,山県市,青波
5012111,岐阜県,山県市,赤尾
5012102,岐阜県,山県市,伊佐美
5012259,岐阜県,山県市,岩佐
5012115,岐阜県,山県市,梅原
5012302,岐阜県,山県市,円原
5012101,岐阜県,山県市,大桑
5012123,岐阜県,山県市,大森
5012251,岐阜県,山県市,柿野
5012132,岐阜県,山県市,掛
5012303,岐阜県,山県市,片原
5012301,岐阜県,山県市,神崎
5012331,岐阜県,山県市,葛原
5012124,岐阜県,山県市,小倉
5012114,岐阜県,山県市,佐賀
5012314,岐阜県,山県市,笹賀
5012312,岐阜県,山県市,佐野
5012103,岐阜県,山県市,椎倉
5012133,岐阜県,山県市,上願
5012121,岐阜県,山県市,大門
5012113,岐阜県,山県市,高木
5012105,岐阜県,山県市,高富
5012315,岐阜県,山県市,田栗
5012321,岐阜県,山県市,谷合
5012311,岐阜県,山県市,椿
5012254,岐阜県,山県市,出戸
5012313,岐阜県,山県市,徳永
5012257,岐阜県,山県市,富永
5012135,岐阜県,山県市,長滝
5012258,岐阜県,山県市,中洞
5012112,岐阜県,山県市,西深瀬
5012104,岐阜県,山県市,東深瀬
5012253,岐阜県,山県市,日永
5012131,岐阜県,山県市,平井
5012122,岐阜県,山県市,藤倉
5012255,岐阜県,山県市,船越
5012125,岐阜県,山県市,洞田
5012134,岐阜県,山県市,松尾
5010200,岐阜県,瑞穂市,
5010302,岐阜県,瑞穂市,居倉
5010224,岐阜県,瑞穂市,稲里
5010234,岐阜県,瑞穂市,牛牧
5010306,岐阜県,瑞穂市,大月
5010307,岐阜県,瑞穂市,唐栗
5010237,岐阜県,瑞穂市,犀川
5010311,岐阜県,瑞穂市,重里
5010313,岐阜県,瑞穂市,十七条
5010314,岐阜県,瑞穂市,十八条
5010235,岐阜県,瑞穂市,十九条
5010225,岐阜県,瑞穂市,祖父江
5010221,岐阜県,瑞穂市,只越
5010304,岐阜県,瑞穂市,田之上
5010323,岐阜県,瑞穂市,中宮
5010301,岐阜県,瑞穂市,七崎
5010211,岐阜県,瑞穂市,生津
5010214,岐阜県,瑞穂市,生津外宮東町
5010217,岐阜県,瑞穂市,生津外宮前町
5010212,岐阜県,瑞穂市,生津滝坪町
5010215,岐阜県,瑞穂市,生津天王東町
5010216,岐阜県,瑞穂市,生津天王町
5010213,岐阜県,瑞穂市,生津内宮町
5010232,岐阜県,瑞穂市,野田新田
5010231,岐阜県,瑞穂市,野白新田
5010201,岐阜県,瑞穂市,馬場
5010206,岐阜県,瑞穂市,馬場北町
5010205,岐阜県,瑞穂市,馬場小城町
5010203,岐阜県,瑞穂市,馬場上光町
5010204,岐阜県,瑞穂市,馬場春雨町
5010202,岐阜県,瑞穂市,馬場前畑町
5010322,岐阜県,瑞穂市,古橋
5010222,岐阜県,瑞穂市,別府
5010233,岐阜県,瑞穂市,宝江
5010223,岐阜県,瑞穂市,穂積
5010236,岐阜県,瑞穂市,本田
5010312,岐阜県,瑞穂市,美江寺
5010305,岐阜県,瑞穂市,宮田
5010303,岐阜県,瑞穂市,森
5010321,岐阜県,瑞穂市,横屋
5010324,岐阜県,瑞穂市,呂久
5010400,岐阜県,本巣市,
5010475,岐阜県,本巣市,浅木
5010415,岐阜県,本巣市,有里
5010410,岐阜県,本巣市,石神
5010405,岐阜県,本巣市,石原
5010476,岐阜県,本巣市,海老
5010414,岐阜県,本巣市,数屋
5010411,岐阜県,本巣市,上高屋
5010401,岐阜県,本巣市,上保
5010461,岐阜県,本巣市,上真桑
5010465,岐阜県,本巣市,軽海
5010403,岐阜県,本巣市,北野
5011232,岐阜県,本巣市,金原
5010402,岐阜県,本巣市,郡府
5011235,岐阜県,本巣市,神海
5010463,岐阜県,本巣市,小柿
5010474,岐阜県,本巣市,国領
5011234,岐阜県,本巣市,木知原
5011236,岐阜県,本巣市,佐原
5010418,岐阜県,本巣市,七五三
5010472,岐阜県,本巣市,下福島
5010466,岐阜県,本巣市,下真桑
5010464,岐阜県,本巣市,十四条
5010416,岐阜県,本巣市,随原
5011205,岐阜県,本巣市,曽井中島
5010462,岐阜県,本巣市,宗慶
5011233,岐阜県,本巣市,外山
5010412,岐阜県,本巣市,長屋
5011236,岐阜県,本巣市,鍋原
5010473,岐阜県,本巣市,温井
5011524,岐阜県,本巣市,根尾板所
5011521,岐阜県,本巣市,根尾市場
5011525,岐阜県,本巣市,根尾今村
5011527,岐阜県,本巣市,根尾宇津志
5011535,岐阜県,本巣市,根尾大井
5011507,岐阜県,本巣市,根尾大河原
5011514,岐阜県,本巣市,根尾奥谷
5011518,岐阜県,本巣市,根尾小鹿
5011532,岐阜県,本巣市,根尾越卒
5011501,岐阜県,本巣市,根尾越波
5011531,岐阜県,本巣市,根尾門脇
5011511,岐阜県,本巣市,根尾上大須
5011523,岐阜県,本巣市,根尾川原
5011515,岐阜県,本巣市,根尾口谷
5011502,岐阜県,本巣市,根尾黒津
5011534,岐阜県,本巣市,根尾神所
5011512,岐阜県,本巣市,根尾下大須
5011528,岐阜県,本巣市,根尾高尾
5011522,岐阜県,本巣市,根尾樽見
5011504,岐阜県,本巣市,根尾天神堂
5011533,岐阜県,本巣市,根尾中
5011505,岐阜県,本巣市,根尾長島
5011503,岐阜県,本巣市,根尾長嶺
5011517,岐阜県,本巣市,根尾西板屋
5011506,岐阜県,本巣市,根尾能郷
5011516,岐阜県,本巣市,根尾東板屋
5011526,岐阜県,本巣市,根尾平野
5011513,岐阜県,本巣市,根尾松田
5011529,岐阜県,本巣市,根尾水鳥
5011536,岐阜県,本巣市,根尾八谷
5010419,岐阜県,本巣市,早野
5010404,岐阜県,本巣市,春近
5011231,岐阜県,本巣市,日当
5010407,岐阜県,本巣市,仏生寺
5011203,岐阜県,本巣市,宝珠ハイツ
5011202,岐阜県,本巣市,法林寺
5010471,岐阜県,本巣市,政田
5010406,岐阜県,本巣市,三橋
5010413,岐阜県,本巣市,見延
5011203,岐阜県,本巣市,文殊
5010417,岐阜県,本巣市,屋井
5011201,岐阜県,本巣市,山口
5014200,岐阜県,郡上市,
5015111,岐阜県,郡上市,白鳥町阿多岐
5015231,岐阜県,郡上市,白鳥町石徹白
5015124,岐阜県,郡上市,白鳥町大島
5015115,岐阜県,郡上市,白鳥町恩地
5015125,岐阜県,郡上市,白鳥町越佐
5015121,岐阜県,郡上市,白鳥町白鳥
5015122,岐阜県,郡上市,白鳥町為真
5015104,岐阜県,郡上市,白鳥町長滝
5015123,岐阜県,郡上市,白鳥町中津屋
5015116,岐阜県,郡上市,白鳥町中西
5015114,岐阜県,郡上市,白鳥町那留
5015113,岐阜県,郡上市,白鳥町野添
5015105,岐阜県,郡上市,白鳥町干田野
5015103,岐阜県,郡上市,白鳥町二日町
5015102,岐阜県,郡上市,白鳥町歩岐島
5015101,岐阜県,郡上市,白鳥町前谷
5015126,岐阜県,郡上市,白鳥町向小駄良
5015112,岐阜県,郡上市,白鳥町六ノ里
5015304,岐阜県,郡上市,高鷲町鮎立
5015303,岐阜県,郡上市,高鷲町大鷲
5015304,岐阜県,郡上市,高鷲町切立
5015305,岐阜県,郡上市,高鷲町西洞
5015301,岐阜県,郡上市,高鷲町ひるがの
5015302,岐阜県,郡上市,高鷲町鷲見
5015302,岐阜県,郡上市,高鷲町鷲見
5014236,岐阜県,郡上市,八幡町相生
5014205,岐阜県,郡上市,八幡町安久田
5014204,岐阜県,郡上市,八幡町旭
5014235,岐阜県,郡上市,八幡町有坂
5014201,岐阜県,郡上市,八幡町有穂
5014202,岐阜県,郡上市,八幡町市島
5014223,岐阜県,郡上市,八幡町稲成
5014451,岐阜県,郡上市,八幡町入間
5014219,岐阜県,郡上市,八幡町大手町
5014217,岐阜県,郡上市,八幡町尾崎町
5014455,岐阜県,郡上市,八幡町小那比
5014221,岐阜県,郡上市,八幡町小野
5014231,岐阜県,郡上市,八幡町河鹿
5014218,岐阜県,郡上市,八幡町鍛冶屋町
5014234,岐阜県,郡上市,八幡町五町
5014215,岐阜県,郡上市,八幡町肴町
5014228,岐阜県,郡上市,八幡町桜町
5014238,岐阜県,郡上市,八幡町島
5014222,岐阜県,郡上市,八幡町島谷
5014224,岐阜県,郡上市,八幡町城南町
5014212,岐阜県,郡上市,八幡町職人町
5014203,岐阜県,郡上市,八幡町初納
5014226,岐阜県,郡上市,八幡町新町
5014453,岐阜県,郡上市,八幡町洲河
5014233,岐阜県,郡上市,八幡町瀬取
5014225,岐阜県,郡上市,八幡町大正町
5014213,岐阜県,郡上市,八幡町殿町
5014211,岐阜県,郡上市,八幡町中坪
5014237,岐阜県,郡上市,八幡町那比
5014207,岐阜県,郡上市,八幡町西乙原
5014454,岐阜県,郡上市,八幡町野々倉
5014227,岐阜県,郡上市,八幡町橋本町
5014232,岐阜県,郡上市,八幡町初音
5014216,岐阜県,郡上市,八幡町本町
5014452,岐阜県,郡上市,八幡町美山
5014241,岐阜県,郡上市,八幡町向山
5014214,岐阜県,郡上市,八幡町柳町
5014206,岐阜県,郡上市,八幡町吉野
5014104,岐阜県,郡上市,美並町梅原
5014107,岐阜県,郡上市,美並町大原
5014101,岐阜県,郡上市,美並町上田
5014102,岐阜県,郡上市,美並町高砂
5014106,岐阜県,郡上市,美並町白山
5014105,岐阜県,郡上市,美並町三戸
5014103,岐阜県,郡上市,美並町山田
5014301,岐阜県,郡上市,明宝大谷
5014305,岐阜県,郡上市,明宝小川
5014304,岐阜県,郡上市,明宝奥住
5014302,岐阜県,郡上市,明宝寒水
5014303,岐阜県,郡上市,明宝気良
5014306,岐阜県,郡上市,明宝畑佐
5014307,岐阜県,郡上市,明宝二間手
5014618,岐阜県,郡上市,大和町内ケ谷
5014601,岐阜県,郡上市,大和町大間見
5014619,岐阜県,郡上市,大和町落部
5014606,岐阜県,郡上市,大和町河辺
5014605,岐阜県,郡上市,大和町神路
5014603,岐阜県,郡上市,大和町栗巣
5014602,岐阜県,郡上市,大和町小間見
5014610,岐阜県,郡上市,大和町島
5014612,岐阜県,郡上市,大和町剣
5014607,岐阜県,郡上市,大和町徳永
5014613,岐阜県,郡上市,大和町名皿部
5014614,岐阜県,郡上市,大和町野口
5014615,岐阜県,郡上市,大和町場皿
5014616,岐阜県,郡上市,大和町福田
5014604,岐阜県,郡上市,大和町古道
5014617,岐阜県,郡上市,大和町洞口
5014608,岐阜県,郡上市,大和町牧
5014611,岐阜県,郡上市,大和町万場
5014514,岐阜県,郡上市,和良町安郷野
5014501,岐阜県,郡上市,和良町鹿倉
5014508,岐阜県,郡上市,和良町上沢
5014512,岐阜県,郡上市,和良町上土京
5014517,岐阜県,郡上市,和良町沢
5014509,岐阜県,郡上市,和良町下沢
5014513,岐阜県,郡上市,和良町下土京
5014511,岐阜県,郡上市,和良町下洞
5014504,岐阜県,郡上市,和良町田平
5014518,岐阜県,郡上市,和良町土京
5014503,岐阜県,郡上市,和良町野尻
5014505,岐阜県,郡上市,和良町東野
5014515,岐阜県,郡上市,和良町方須
5014510,岐阜県,郡上市,和良町法師丸
5014516,岐阜県,郡上市,和良町三庫
5014507,岐阜県,郡上市,和良町宮地
5014502,岐阜県,郡上市,和良町宮代
5014506,岐阜県,郡上市,和良町横野
5016100,岐阜県,羽島郡岐南町,
5016015,岐阜県,羽島郡岐南町,石原瀬
5016001,岐阜県,羽島郡岐南町,上印食
5016018,岐阜県,羽島郡岐南町,下印食
5016016,岐阜県,羽島郡岐南町,徳田
5016017,岐阜県,羽島郡岐南町,徳田西
5016004,岐阜県,羽島郡岐南町,野中
5016006,岐阜県,羽島郡岐南町,伏屋
5016003,岐阜県,羽島郡岐南町,平島
5016013,岐阜県,羽島郡岐南町,平成
5016002,岐阜県,羽島郡岐南町,三宅
5016019,岐阜県,羽島郡岐南町,みやまち
5016014,岐阜県,羽島郡岐南町,薬師寺
5016012,岐阜県,羽島郡岐南町,八剣
5016011,岐阜県,羽島郡岐南町,八剣北
5016005,岐阜県,羽島郡岐南町,若宮地
5016100,岐阜県,羽島郡笠松町,
5016044,岐阜県,羽島郡笠松町,相生町
5016056,岐阜県,羽島郡笠松町,朝日町
5016061,岐阜県,羽島郡笠松町,泉町
5016032,岐阜県,羽島郡笠松町,江川
5016035,岐阜県,羽島郡笠松町,円城寺
5016087,岐阜県,羽島郡笠松町,大池町
5016082,岐阜県,羽島郡笠松町,春日町
5016065,岐阜県,羽島郡笠松町,門間
5016071,岐阜県,羽島郡笠松町,上新町
5016051,岐阜県,羽島郡笠松町,上本町
5016058,岐阜県,羽島郡笠松町,上柳川町
5016084,岐阜県,羽島郡笠松町,如月町
5016064,岐阜県,羽島郡笠松町,北及
5016086,岐阜県,羽島郡笠松町,清住町
5016043,岐阜県,羽島郡笠松町,県町
5016031,岐阜県,羽島郡笠松町,米野
5016098,岐阜県,羽島郡笠松町,桜町
5016073,岐阜県,羽島郡笠松町,下新町
5016052,岐阜県,羽島郡笠松町,下本町
5016057,岐阜県,羽島郡笠松町,下柳川町
5016091,岐阜県,羽島郡笠松町,松栄町
5016074,岐阜県,羽島郡笠松町,新町
5016045,岐阜県,羽島郡笠松町,司町
5016092,岐阜県,羽島郡笠松町,月美町
5016062,岐阜県,羽島郡笠松町,田代
5016077,岐阜県,羽島郡笠松町,天王町
5016081,岐阜県,羽島郡笠松町,東陽町
5016083,岐阜県,羽島郡笠松町,常盤町
5016095,岐阜県,羽島郡笠松町,中川町
5016072,岐阜県,羽島郡笠松町,中新町
5016034,岐阜県,羽島郡笠松町,中野
5016063,岐阜県,羽島郡笠松町,長池
5016041,岐阜県,羽島郡笠松町,奈良町
5016037,岐阜県,羽島郡笠松町,西金池町
5016055,岐阜県,羽島郡笠松町,西町
5016075,岐阜県,羽島郡笠松町,西宮町
5016094,岐阜県,羽島郡笠松町,羽衣町
5016042,岐阜県,羽島郡笠松町,八幡町
5016038,岐阜県,羽島郡笠松町,東金池町
5016059,岐阜県,羽島郡笠松町,東宮町
5016097,岐阜県,羽島郡笠松町,瓢町
5016047,岐阜県,羽島郡笠松町,二見町
5016088,岐阜県,羽島郡笠松町,美笠通
5016093,岐阜県,羽島郡笠松町,緑町
5016053,岐阜県,羽島郡笠松町,港町
5016046,岐阜県,羽島郡笠松町,宮川町
5016033,岐阜県,羽島郡笠松町,無動寺
5016076,岐阜県,羽島郡笠松町,門前町
5016054,岐阜県,羽島郡笠松町,柳原町
5016085,岐阜県,羽島郡笠松町,弥生町
5016096,岐阜県,羽島郡笠松町,友楽町
5016036,岐阜県,羽島郡笠松町,若葉町
5010600,岐阜県,揖斐郡揖斐川町,
5010627,岐阜県,揖斐郡揖斐川町,市場
5010634,岐阜県,揖斐郡揖斐川町,上野
5010624,岐阜県,揖斐郡揖斐川町,岡
5010701,岐阜県,揖斐郡揖斐川町,小津
5010703,岐阜県,揖斐郡揖斐川町,乙原
5010612,岐阜県,揖斐郡揖斐川町,小野
5010815,岐阜県,揖斐郡揖斐川町,開田
5010708,岐阜県,揖斐郡揖斐川町,樫原
5010607,岐阜県,揖斐郡揖斐川町,桂
5010817,岐阜県,揖斐郡揖斐川町,門入
5010631,岐阜県,揖斐郡揖斐川町,上岡島
5010618,岐阜県,揖斐郡揖斐川町,上ミ野
5010632,岐阜県,揖斐郡揖斐川町,上東野
5010603,岐阜県,揖斐郡揖斐川町,上南方
5010601,岐阜県,揖斐郡揖斐川町,北方
5010615,岐阜県,揖斐郡揖斐川町,清水
5010625,岐阜県,揖斐郡揖斐川町,黒田
5010605,岐阜県,揖斐郡揖斐川町,極楽寺
5010633,岐阜県,揖斐郡揖斐川町,小島
5010611,岐阜県,揖斐郡揖斐川町,小谷
5010901,岐阜県,揖斐郡揖斐川町,坂内川上
5010903,岐阜県,揖斐郡揖斐川町,坂内坂本
5010902,岐阜県,揖斐郡揖斐川町,坂内広瀬
5010613,岐阜県,揖斐郡揖斐川町,志津山
5010617,岐阜県,揖斐郡揖斐川町,島
5010621,岐阜県,揖斐郡揖斐川町,下岡島
5010635,岐阜県,揖斐郡揖斐川町,白樫
5010628,岐阜県,揖斐郡揖斐川町,新宮
5010626,岐阜県,揖斐郡揖斐川町,瑞岩寺
5010604,岐阜県,揖斐郡揖斐川町,大光寺
5011315,岐阜県,揖斐郡揖斐川町,谷汲有鳥
5011312,岐阜県,揖斐郡揖斐川町,谷汲大洞
5011317,岐阜県,揖斐郡揖斐川町,谷汲神原
5011316,岐阜県,揖斐郡揖斐川町,谷汲木曽屋
5011302,岐阜県,揖斐郡揖斐川町,谷汲岐礼
5011301,岐阜県,揖斐郡揖斐川町,谷汲高科
5011311,岐阜県,揖斐郡揖斐川町,谷汲徳積
5011303,岐阜県,揖斐郡揖斐川町,谷汲長瀬
5011314,岐阜県,揖斐郡揖斐川町,谷汲名礼
5011313,岐阜県,揖斐郡揖斐川町,谷汲深坂
5010811,岐阜県,揖斐郡揖斐川町,塚
5010802,岐阜県,揖斐郡揖斐川町,鶴見
5010814,岐阜県,揖斐郡揖斐川町,徳山
5010705,岐阜県,揖斐郡揖斐川町,外津汲
5010816,岐阜県,揖斐郡揖斐川町,戸入
5010614,岐阜県,揖斐郡揖斐川町,長良
5010706,岐阜県,揖斐郡揖斐川町,西津汲
5010805,岐阜県,揖斐郡揖斐川町,西横山
5010622,岐阜県,揖斐郡揖斐川町,脛永
5010812,岐阜県,揖斐郡揖斐川町,櫨原
5010803,岐阜県,揖斐郡揖斐川町,東杉原
5010702,岐阜県,揖斐郡揖斐川町,東津汲
5010804,岐阜県,揖斐郡揖斐川町,東横山
5010707,岐阜県,揖斐郡揖斐川町,日坂
5010616,岐阜県,揖斐郡揖斐川町,福島
5010606,岐阜県,揖斐郡揖斐川町,房島
5010704,岐阜県,揖斐郡揖斐川町,三倉
5010619,岐阜県,揖斐郡揖斐川町,三輪
5010813,岐阜県,揖斐郡揖斐川町,山手
5010602,岐阜県,揖斐郡揖斐川町,若松
5010623,岐阜県,揖斐郡揖斐川町,和田
5010500,岐阜県,揖斐郡大野町,
5010522,岐阜県,揖斐郡大野町,相羽
5010564,岐阜県,揖斐郡大野町,麻生
5010501,岐阜県,揖斐郡大野町,稲富
5010511,岐阜県,揖斐郡大野町,稲畑
5010561,岐阜県,揖斐郡大野町,牛洞
5010552,岐阜県,揖斐郡大野町,大衣斐
5010513,岐阜県,揖斐郡大野町,大野
5010535,岐阜県,揖斐郡大野町,加納
5010531,岐阜県,揖斐郡大野町,上磯
5010512,岐阜県,揖斐郡大野町,上秋
5010524,岐阜県,揖斐郡大野町,郡家
5010555,岐阜県,揖斐郡大野町,公郷
5010521,岐阜県,揖斐郡大野町,黒野
5010551,岐阜県,揖斐郡大野町,小衣斐
5010554,岐阜県,揖斐郡大野町,五之里
5010515,岐阜県,揖斐郡大野町,桜大門
5010503,岐阜県,揖斐郡大野町,寺内
5010532,岐阜県,揖斐郡大野町,下磯
5010523,岐阜県,揖斐郡大野町,下方
5010534,岐阜県,揖斐郡大野町,下座倉
5010563,岐阜県,揖斐郡大野町,瀬古
5010565,岐阜県,揖斐郡大野町,中之元
5010514,岐阜県,揖斐郡大野町,西方
5010504,岐阜県,揖斐郡大野町,野
5010502,岐阜県,揖斐郡大野町,古川
5010533,岐阜県,揖斐郡大野町,本庄
5010562,岐阜県,揖斐郡大野町,松山
5010553,岐阜県,揖斐郡大野町,南方
5010556,岐阜県,揖斐郡大野町,領家
5010525,岐阜県,揖斐郡大野町,六里
5010400,岐阜県,本巣郡北方町,
5010424,岐阜県,本巣郡北方町,朝日町
5010432,岐阜県,本巣郡北方町,一本松
5010425,岐阜県,本巣郡北方町,加茂
5010431,岐阜県,本巣郡北方町,北方
5010434,岐阜県,本巣郡北方町,小柳
5010427,岐阜県,本巣郡北方町,栄町
5010422,岐阜県,本巣郡北方町,芝原中町
5010423,岐阜県,本巣郡北方町,芝原東町
5010421,岐阜県,本巣郡北方町,芝原西町
5010437,岐阜県,本巣郡北方町,清水
5010441,岐阜県,本巣郡北方町,曲路
5010442,岐阜県,本巣郡北方町,曲路東
5010458,岐阜県,本巣郡北方町,高屋
5010452,岐阜県,本巣郡北方町,高屋石末
5010455,岐阜県,本巣郡北方町,高屋伊勢田
5010454,岐阜県,本巣郡北方町,高屋白木
5010456,岐阜県,本巣郡北方町,高屋条里
5010457,岐阜県,本巣郡北方町,高屋太子
5010451,岐阜県,本巣郡北方町,高屋勅使
5010453,岐阜県,本巣郡北方町,高屋分木
5010433,岐阜県,本巣郡北方町,天狗堂
5010446,岐阜県,本巣郡北方町,柱本
5010443,岐阜県,本巣郡北方町,柱本池之頭
5010444,岐阜県,本巣郡北方町,柱本白坪
5010445,岐阜県,本巣郡北方町,柱本南
5010439,岐阜県,本巣郡北方町,長谷川
5010436,岐阜県,本巣郡北方町,長谷川西
5010435,岐阜県,本巣郡北方町,春来町
5010426,岐阜県,本巣郡北方町,東加茂
5010438,岐阜県,本巣郡北方町,平成
5010428,岐阜県,本巣郡北方町,若宮
5013300,岐阜県,加茂郡富加町,
5013307,岐阜県,加茂郡富加町,大平賀
5013306,岐阜県,加茂郡富加町,大山
5013301,岐阜県,加茂郡富加町,加治田
5013304,岐阜県,加茂郡富加町,高畑
5013305,岐阜県,加茂郡富加町,滝田
5013303,岐阜県,加茂郡富加町,羽生
5013302,岐阜県,加茂郡富加町,夕田
5015600,岐阜県,大野郡白川村,
5015622,岐阜県,大野郡白川村,芦倉
5015625,岐阜県,大野郡白川村,飯島
5015624,岐阜県,大野郡白川村,有家ケ原
5015628,岐阜県,大野郡白川村,大牧
5015627,岐阜県,大野郡白川村,荻町
5015502,岐阜県,大野郡白川村,木谷
5015621,岐阜県,大野郡白川村,小白川
5015626,岐阜県,大野郡白川村,島
5015623,岐阜県,大野郡白川村,椿原
5015503,岐阜県,大野郡白川村,長瀬
5015629,岐阜県,大野郡白川村,鳩谷
5015507,岐阜県,大野郡白川村,平瀬
5015504,岐阜県,大野郡白川村,福島
5015501,岐阜県,大野郡白川村,保木脇
5015620,岐阜県,大野郡白川村,馬狩
5015505,岐阜県,大野郡白川村,牧
5015506,岐阜県,大野郡白川村,御母衣
5011196,岐阜県,岐阜市,大学西１丁目２５番地４
5011196,岐阜県,岐阜市,大学西１丁目２５番地４
5010192,岐阜県,岐阜市,一日市場北町７番１号
5011192,岐阜県,岐阜市,黒野１７６−５
5011195,岐阜県,岐阜市,黒野３０８
5011193,岐阜県,岐阜市,柳戸１−１
5011194,岐阜県,岐阜市,柳戸１−１
5011198,岐阜県,岐阜市,川部３丁目２５番地
5012592,岐阜県,岐阜市,太郎丸８０
5016196,岐阜県,岐阜市,日置江１丁目５８
5016192,岐阜県,岐阜市,日置江２６４８−３
5016180,岐阜県,岐阜市,柳津町宮東１丁目１番地
5016194,岐阜県,岐阜市,柳津町高桑西１丁目１番地
5015492,岐阜県,高山市,荘川町新渕５５０番地
5012697,岐阜県,関市,武芸川町跡部１３３３−１
5012695,岐阜県,関市,武芸川町八幡１４４６−１
5012698,岐阜県,関市,武芸川町谷口５９９
5012892,岐阜県,関市,洞戸市場２９２番地の３
5013994,岐阜県,関市,倉知９０
5013992,岐阜県,関市,小屋名１１１０番地
5013892,岐阜県,関市,市平賀字長峰７９５−１番地
5013296,岐阜県,関市,倉知５１６番地
5013894,岐阜県,関市,若草通３丁目１番地（関郵便局私書箱第９号）
5013893,岐阜県,関市,東貸上１２番地の１
5013293,岐阜県,関市,川間町２番地
5013993,岐阜県,関市,桐ヶ丘二丁目１番地
5013998,岐阜県,関市,桐ヶ丘二丁目１番地
5013295,岐阜県,関市,下有知６３１５番地の１
5013792,岐阜県,美濃市,１３５０（美濃郵便局私書箱第２０号）
5016295,岐阜県,羽島市,江吉良町３０４７−１
5016292,岐阜県,羽島市,竹鼻町５５
5016293,岐阜県,羽島市,福寿町間島１５１８
5016195,岐阜県,各務原市,川島竹早町１
5016198,岐阜県,各務原市,川島河田町１０４０−１
5012192,岐阜県,山県市,高木１０００番地の１
5012292,岐阜県,山県市,富永８６８
5010296,岐阜県,瑞穂市,穂積１８５１−１
5010294,岐阜県,瑞穂市,本田４７４−１
5010292,岐阜県,瑞穂市,馬場上光町１丁目１１７（穂積郵便局私書箱第１号）
5010293,岐阜県,瑞穂市,別府１２８８
5010295,岐阜県,瑞穂市,稲里５８０番地
5010392,岐阜県,瑞穂市,宮田３００−２
5010495,岐阜県,本巣市,上真桑２２３６番２
5010493,岐阜県,本巣市,三橋１１０１番地６
5010494,岐阜県,本巣市,下真桑１０００番地
5010497,岐阜県,本巣市,三橋１１００
5010498,岐阜県,本巣市,上保１２６０番地２
5011292,岐阜県,本巣市,文殊３２４番地
5011592,岐阜県,本巣市,根尾板所６２５番地の１
5014192,岐阜県,郡上市,美並町白山７２５−３
5014193,岐阜県,郡上市,美並町大原１−１
5014297,岐阜県,郡上市,八幡町島谷２２８
5014292,岐阜県,郡上市,八幡町初音１７２７−２
5014298,岐阜県,郡上市,八幡町新町９６１（郡上八幡郵便局私書箱第２号）
5014595,岐阜県,郡上市,和良町沢８８２
5014592,岐阜県,郡上市,和良町沢８８２番地
5015192,岐阜県,郡上市,白鳥町白鳥３８−１
5015393,岐阜県,郡上市,高鷲町大鷲２３４９−１
5016197,岐阜県,羽島郡岐南町,八剣７丁目１０７
5016181,岐阜県,羽島郡笠松町,司町１番地
5016193,岐阜県,羽島郡笠松町,田代９７８−１
5010693,岐阜県,揖斐郡揖斐川町,三輪２７４４−３９−２
5010692,岐阜県,揖斐郡揖斐川町,三輪１３３
5010698,岐阜県,揖斐郡揖斐川町,上南方１５
5010696,岐阜県,揖斐郡揖斐川町,三輪２５４７−４
5010695,岐阜県,揖斐郡揖斐川町,北方１−１
5010694,岐阜県,揖斐郡揖斐川町,脛永１６４５−１（揖斐川郵便局私書箱第６号）
5010697,岐阜県,揖斐郡揖斐川町,上ミ野１２８
5010797,岐阜県,揖斐郡揖斐川町,東津汲８７５−１
5010798,岐阜県,揖斐郡揖斐川町,三倉１３３−１
5011392,岐阜県,揖斐郡揖斐川町,谷汲名礼２６５−４３
5011393,岐阜県,揖斐郡揖斐川町,谷汲長瀬乾谷
5010592,岐阜県,揖斐郡大野町,大字大野８０
5010596,岐阜県,揖斐郡大野町,五之里字三林４５１
5010492,岐阜県,本巣郡北方町,長谷川１丁目１番地（北方郵便局私書箱第１８号）
5010496,岐阜県,本巣郡北方町,北方円境寺内
5013393,岐阜県,加茂郡富加町,高畑字稲荷６４１
5013392,岐阜県,加茂郡富加町,瀧田１５１１
5013395,岐阜県,加茂郡富加町,大平賀打越４２９
5015692,岐阜県,大野郡白川村,大字鳩谷５１７
