5020001,岐阜県,岐阜市,粟野
5020002,岐阜県,岐阜市,粟野東
5020006,岐阜県,岐阜市,粟野西
5020007,岐阜県,岐阜市,粟野台
5020906,岐阜県,岐阜市,池ノ上町
5020844,岐阜県,岐阜市,岩倉町
5020005,岐阜県,岐阜市,岩崎
5020837,岐阜県,岐阜市,鵜川町
5020802,岐阜県,岐阜市,打越
5020915,岐阜県,岐阜市,江口
5020835,岐阜県,岐阜市,織田町
5020016,岐阜県,岐阜市,雄総桜町
5020014,岐阜県,岐阜市,雄総緑町
5020015,岐阜県,岐阜市,雄総柳町
5020841,岐阜県,岐阜市,学園町
5020862,岐阜県,岐阜市,上城田寺中
5020863,岐阜県,岐阜市,上城田寺西
5020864,岐阜県,岐阜市,上城田寺東
5020861,岐阜県,岐阜市,上城田寺南
5020803,岐阜県,岐阜市,上土居
5020938,岐阜県,岐阜市,萱場北町
5020935,岐阜県,岐阜市,萱場東町
5020936,岐阜県,岐阜市,萱場南
5020937,岐阜県,岐阜市,萱場町
5020831,岐阜県,岐阜市,菊水町
5020911,岐阜県,岐阜市,北島
5020859,岐阜県,岐阜市,城田寺
5020828,岐阜県,岐阜市,金華町
5020826,岐阜県,岐阜市,楠町
5020823,岐阜県,岐阜市,光栄町
5020908,岐阜県,岐阜市,近島
5020021,岐阜県,岐阜市,西後町
5020849,岐阜県,岐阜市,栄新町
5020851,岐阜県,岐阜市,鷺山
5020872,岐阜県,岐阜市,鷺山北町
5020853,岐阜県,岐阜市,鷺山清洲町
5020871,岐阜県,岐阜市,鷺山新町
5020855,岐阜県,岐阜市,鷺山緑ケ丘
5020856,岐阜県,岐阜市,鷺山緑ケ丘新町
5020854,岐阜県,岐阜市,鷺山向井町
5020850,岐阜県,岐阜市,鷺山東
5020867,岐阜県,岐阜市,鷺山南
5020904,岐阜県,岐阜市,島栄町
5020907,岐阜県,岐阜市,島新町
5020917,岐阜県,岐阜市,島田
5020858,岐阜県,岐阜市,下土居
5020909,岐阜県,岐阜市,白菊町
5020023,岐阜県,岐阜市,城前町
5020914,岐阜県,岐阜市,菅生
5020842,岐阜県,岐阜市,早田
5020902,岐阜県,岐阜市,早田大通
5020847,岐阜県,岐阜市,早田栄町
5020843,岐阜県,岐阜市,早田東町
5020848,岐阜県,岐阜市,早田本町
5020845,岐阜県,岐阜市,早田町
5020934,岐阜県,岐阜市,大福町
5020821,岐阜県,岐阜市,太平町
5020926,岐阜県,岐阜市,旦島
5020928,岐阜県,岐阜市,旦島中
5020925,岐阜県,岐阜市,旦島中町
5020927,岐阜県,岐阜市,旦島西町
5020924,岐阜県,岐阜市,旦島宮町
5020832,岐阜県,岐阜市,千代田町
5020846,岐阜県,岐阜市,津島町
5020801,岐阜県,岐阜市,椿洞
5020816,岐阜県,岐阜市,道三町
5020013,岐阜県,岐阜市,中川原
5020081,岐阜県,岐阜市,長良
5020071,岐阜県,岐阜市,長良
5020047,岐阜県,岐阜市,長良葵町
5020034,岐阜県,岐阜市,長良有明町
5020054,岐阜県,岐阜市,長良井田
5020063,岐阜県,岐阜市,長良一楽
5020031,岐阜県,岐阜市,長良大路
5020036,岐阜県,岐阜市,長良大前町
5020838,岐阜県,岐阜市,長良丘
5020077,岐阜県,岐阜市,長良奥郷
5020017,岐阜県,岐阜市,長良雄総
5020041,岐阜県,岐阜市,長良海用町
5020037,岐阜県,岐阜市,長良金碧町
5020045,岐阜県,岐阜市,長良校前町
5020044,岐阜県,岐阜市,長良校文町
5020051,岐阜県,岐阜市,長良幸和町
5020075,岐阜県,岐阜市,長良子正賀
5020052,岐阜県,岐阜市,長良小松町
5020026,岐阜県,岐阜市,長良桜井町
5020012,岐阜県,岐阜市,長良志段見
5020028,岐阜県,岐阜市,長良白妙町
5020042,岐阜県,岐阜市,長良城西町
5020056,岐阜県,岐阜市,長良真生町
5020046,岐阜県,岐阜市,長良杉乃町
5020066,岐阜県,岐阜市,長良仙田町
5020032,岐阜県,岐阜市,長良高嶺町
5020073,岐阜県,岐阜市,長良田中
5020064,岐阜県,岐阜市,長良田中前
5020022,岐阜県,岐阜市,長良東郷町
5020076,岐阜県,岐阜市,長良友瀬
5020035,岐阜県,岐阜市,長良南陽町
5020067,岐阜県,岐阜市,長良西野前
5020074,岐阜県,岐阜市,長良西山前
5020062,岐阜県,岐阜市,長良春田
5020082,岐阜県,岐阜市,長良東
5020043,岐阜県,岐阜市,長良東町
5020072,岐阜県,岐阜市,長良福泉
5020055,岐阜県,岐阜市,長良福江町
5020817,岐阜県,岐阜市,長良福光
5020011,岐阜県,岐阜市,長良古津
5020038,岐阜県,岐阜市,長良法久寺町
5020027,岐阜県,岐阜市,長良宮口町
5020053,岐阜県,岐阜市,長良宮路町
5020065,岐阜県,岐阜市,長良森町
5020033,岐阜県,岐阜市,長良有楽町
5020061,岐阜県,岐阜市,長良竜東町
5020029,岐阜県,岐阜市,長良若葉町
5020912,岐阜県,岐阜市,西島町
5020916,岐阜県,岐阜市,西中島
5020933,岐阜県,岐阜市,日光町
5020931,岐阜県,岐阜市,則武
5020932,岐阜県,岐阜市,則武中
5020939,岐阜県,岐阜市,則武西
5020929,岐阜県,岐阜市,則武東
5020825,岐阜県,岐阜市,初日町
5020824,岐阜県,岐阜市,花ノ木町
5020829,岐阜県,岐阜市,万代町
5020901,岐阜県,岐阜市,光町
5020913,岐阜県,岐阜市,東島
5020822,岐阜県,岐阜市,福田町
5020813,岐阜県,岐阜市,福光東
5020814,岐阜県,岐阜市,福光西
5020815,岐阜県,岐阜市,福光南町
5020827,岐阜県,岐阜市,平和通
5020024,岐阜県,岐阜市,堀田町
5020857,岐阜県,岐阜市,正木
5020881,岐阜県,岐阜市,正木北町
5020865,岐阜県,岐阜市,正木西町
5020882,岐阜県,岐阜市,正木中
5020866,岐阜県,岐阜市,正木南
5020833,岐阜県,岐阜市,松風町
5020903,岐阜県,岐阜市,美島町
5020004,岐阜県,岐阜市,三田洞
5020003,岐阜県,岐阜市,三田洞東
5020852,岐阜県,岐阜市,南蝉
5020923,岐阜県,岐阜市,宮浦町
5020922,岐阜県,岐阜市,明神町
5020921,岐阜県,岐阜市,守口町
5020812,岐阜県,岐阜市,八代
5020025,岐阜県,岐阜市,山先町
5020905,岐阜県,岐阜市,山吹町
5020834,岐阜県,岐阜市,養老町
5020836,岐阜県,岐阜市,若竹町
5020811,岐阜県,岐阜市,若福町
5028567,岐阜県,岐阜市,長良６４８
5028521,岐阜県,岐阜市,正木中１−２−１
5028501,岐阜県,岐阜市,正木中１−１−１
5028792,岐阜県,岐阜市,鷺山１７６９−３
5028511,岐阜県,岐阜市,岩倉町３丁目３６
5028558,岐阜県,岐阜市,長良１３００番地７番
