5040000,岐阜県,各務原市,
5040931,岐阜県,各務原市,大佐野町
5040934,岐阜県,各務原市,大野町
5040004,岐阜県,各務原市,尾崎西町
5040003,岐阜県,各務原市,尾崎南町
5040002,岐阜県,各務原市,尾崎北町
5040933,岐阜県,各務原市,神置町
5040926,岐阜県,各務原市,上中屋町
5040971,岐阜県,各務原市,川崎町
5040957,岐阜県,各務原市,金属団地
5040942,岐阜県,各務原市,小佐野町
5040924,岐阜県,各務原市,下切町
5040932,岐阜県,各務原市,下中屋町
5040927,岐阜県,各務原市,上戸町
5040841,岐阜県,各務原市,蘇原赤羽根町
5040824,岐阜県,各務原市,蘇原旭町
5040808,岐阜県,各務原市,蘇原飛鳥町
5040851,岐阜県,各務原市,蘇原伊吹町
5040847,岐阜県,各務原市,蘇原大島町
5040825,岐阜県,各務原市,蘇原柿沢町
5040823,岐阜県,各務原市,蘇原菊園町
5040801,岐阜県,各務原市,蘇原北山町
5040844,岐阜県,各務原市,蘇原吉新町
5040829,岐阜県,各務原市,蘇原希望町
5040807,岐阜県,各務原市,蘇原清住町
5040853,岐阜県,各務原市,蘇原熊田町
5040814,岐阜県,各務原市,蘇原興亜町
5040812,岐阜県,各務原市,蘇原坂井町
5040822,岐阜県,各務原市,蘇原栄町
5040826,岐阜県,各務原市,蘇原早苗町
5040845,岐阜県,各務原市,蘇原申子町
5040827,岐阜県,各務原市,蘇原沢上町
5040856,岐阜県,各務原市,蘇原島崎町
5040805,岐阜県,各務原市,蘇原昭栄町
5040855,岐阜県,各務原市,蘇原新栄町
5040804,岐阜県,各務原市,蘇原新生町
5040821,岐阜県,各務原市,蘇原瑞雲町
5040843,岐阜県,各務原市,蘇原青雲町
5040813,岐阜県,各務原市,蘇原中央町
5040903,岐阜県,各務原市,蘇原月丘町
5040842,岐阜県,各務原市,蘇原寺島町
5040815,岐阜県,各務原市,蘇原東栄町
5040803,岐阜県,各務原市,蘇原東門町
5040806,岐阜県,各務原市,蘇原外山町
5040854,岐阜県,各務原市,蘇原野口町
5040832,岐阜県,各務原市,蘇原花園町
5040816,岐阜県,各務原市,蘇原東島町
5040852,岐阜県,各務原市,蘇原古市場町
5040809,岐阜県,各務原市,蘇原北陽町
5040904,岐阜県,各務原市,蘇原三柿野町
5040831,岐阜県,各務原市,蘇原瑞穂町
5040902,岐阜県,各務原市,蘇原緑町
5040012,岐阜県,各務原市,蘇原宮代町
5040013,岐阜県,各務原市,蘇原宮塚町
5040828,岐阜県,各務原市,蘇原村雨町
5040802,岐阜県,各務原市,蘇原持田町
5040846,岐阜県,各務原市,蘇原吉野町
5040905,岐阜県,各務原市,蘇原六軒町
5040811,岐阜県,各務原市,蘇原和合町
5040962,岐阜県,各務原市,那加吾妻町
5040036,岐阜県,各務原市,那加荒田町
5040007,岐阜県,各務原市,那加芦原町
5040044,岐阜県,各務原市,那加石山町
5040047,岐阜県,各務原市,那加岩地町
5040837,岐阜県,各務原市,那加甥田町
5040009,岐阜県,各務原市,那加扇平
5040033,岐阜県,各務原市,那加大谷町
5040001,岐阜県,各務原市,那加大洞
5040908,岐阜県,各務原市,那加織田町
5040016,岐阜県,各務原市,那加御屋敷町
5040031,岐阜県,各務原市,那加兼橋町
5040943,岐阜県,各務原市,那加萱場町
5040005,岐阜県,各務原市,那加柄山町
5040963,岐阜県,各務原市,那加北栄町
5040011,岐阜県,各務原市,那加北洞町
5040008,岐阜県,各務原市,那加桐野町
5040906,岐阜県,各務原市,那加桐野外二ケ所大字入会地
5040916,岐阜県,各務原市,那加楠町
5040037,岐阜県,各務原市,那加五反田町
5040006,岐阜県,各務原市,那加琴が丘町
5040024,岐阜県,各務原市,那加幸町
5040954,岐阜県,各務原市,那加栄町
5040912,岐阜県,各務原市,那加桜町
5040834,岐阜県,各務原市,那加昭南町
5040958,岐阜県,各務原市,那加新加納町
5040045,岐阜県,各務原市,那加新田町
5040961,岐阜県,各務原市,那加新那加町
5040032,岐阜県,各務原市,那加神田町
5040907,岐阜県,各務原市,那加住吉町
5040023,岐阜県,各務原市,那加太平町
5040913,岐阜県,各務原市,那加大東町
5040038,岐阜県,各務原市,那加大門町
5040043,岐阜県,各務原市,那加手力町
5040022,岐阜県,各務原市,那加東亜町
5040901,岐阜県,各務原市,那加東新町
5040041,岐阜県,各務原市,那加土山町
5040046,岐阜県,各務原市,那加長塚町
5040018,岐阜県,各務原市,那加西市場町
5040959,岐阜県,各務原市,那加西浦町
5040952,岐阜県,各務原市,那加西那加町
5040968,岐阜県,各務原市,那加西野町
5040945,岐阜県,各務原市,那加日新町
5040025,岐阜県,各務原市,那加野畑町
5040909,岐阜県,各務原市,那加信長町
5040839,岐阜県,各務原市,那加巾下町
5040034,岐阜県,各務原市,那加浜見町
5040953,岐阜県,各務原市,那加東那加町
5040015,岐阜県,各務原市,那加東野町
5040965,岐阜県,各務原市,那加日之出町
5040836,岐阜県,各務原市,那加雲雀町
5040951,岐阜県,各務原市,那加日吉町
5040838,岐阜県,各務原市,那加不動丘
5040966,岐阜県,各務原市,那加本町
5040026,岐阜県,各務原市,那加前野町
5040021,岐阜県,各務原市,那加前洞新町
5040944,岐阜県,各務原市,那加緑町
5040955,岐阜県,各務原市,那加南栄町
5040035,岐阜県,各務原市,那加宮浦町
5040964,岐阜県,各務原市,那加元町
5040911,岐阜県,各務原市,那加門前町
5040042,岐阜県,各務原市,那加山後町
5040014,岐阜県,各務原市,那加山崎町
5040017,岐阜県,各務原市,那加山下町
5040835,岐阜県,各務原市,那加雄飛ケ丘町
5040967,岐阜県,各務原市,那加楽天地町
5040935,岐阜県,各務原市,成清町
5040833,岐阜県,各務原市,入会町
5040861,岐阜県,各務原市,東山
5040922,岐阜県,各務原市,前渡東町
5040923,岐阜県,各務原市,前渡西町
5040921,岐阜県,各務原市,前渡北町
5040925,岐阜県,各務原市,松本町
5040956,岐阜県,各務原市,三井北町
5040941,岐阜県,各務原市,三井町
5040914,岐阜県,各務原市,三井東町
5040915,岐阜県,各務原市,三井山町
5040928,岐阜県,各務原市,山脇町
5048551,岐阜県,各務原市,蘇原興亜町５丁目１０
5048555,岐阜県,各務原市,那加桜町１丁目６９
5048585,岐阜県,各務原市,蘇原新生町２丁目６３
5048545,岐阜県,各務原市,那加東亜町２４−１
5048501,岐阜県,各務原市,那加手力町４１
5048702,岐阜県,各務原市,前渡東町４丁目２２２番地
5048701,岐阜県,各務原市,那加官有地無番地（各務原郵便局私書箱第１８号）
5048601,岐阜県,各務原市,蘇原東島町４丁目６番地２
5048642,岐阜県,各務原市,蘇原興亜町４丁目１
5048504,岐阜県,各務原市,那加桐野町２丁目４３
5048511,岐阜県,各務原市,那加桐野町５丁目６８
5048710,岐阜県,各務原市,川崎町１（各務原郵便局私書箱第１０号）
