6950102,島根県,浜田市,宇野町
6950103,島根県,浜田市,大金町
6950101,島根県,浜田市,下有福町
6950000,島根県,江津市,
6950002,島根県,江津市,浅利町
6950152,島根県,江津市,跡市町
6950156,島根県,江津市,有福温泉町
6950155,島根県,江津市,有福温泉町本明
6950154,島根県,江津市,井沢町
6950016,島根県,江津市,嘉久志町
6950012,島根県,江津市,金田町
6950014,島根県,江津市,川平町平田
6950013,島根県,江津市,川平町南川上
6950011,島根県,江津市,江津町
6950015,島根県,江津市,島の星町
6950153,島根県,江津市,清見町
6950151,島根県,江津市,千田町
6950021,島根県,江津市,都野津町
6950023,島根県,江津市,二宮町神村
6950024,島根県,江津市,二宮町神主
6950022,島根県,江津市,二宮町羽代
6950004,島根県,江津市,松川町市村
6950007,島根県,江津市,松川町太田
6950003,島根県,江津市,松川町下河戸
6950005,島根県,江津市,松川町長良
6950006,島根県,江津市,松川町八神
6950017,島根県,江津市,和木町
6950001,島根県,江津市,渡津町
6958577,島根県,江津市,江津町５２６−１
6958585,島根県,江津市,嘉久志町２３０６−３０
6958501,島根県,江津市,江津町１０１６−４
6958502,島根県,江津市,渡津町１９０４−１
6958505,島根県,江津市,江津町１０１６−３７
