6960000,島根県,邑智郡川本町,
6960003,島根県,邑智郡川本町,因原
6960011,島根県,邑智郡川本町,川内
6960004,島根県,邑智郡川本町,川下
6960001,島根県,邑智郡川本町,川本
6961221,島根県,邑智郡川本町,北佐木
6960006,島根県,邑智郡川本町,久座仁
6960012,島根県,邑智郡川本町,小谷
6961226,島根県,邑智郡川本町,田窪
6960007,島根県,邑智郡川本町,多田
6960005,島根県,邑智郡川本町,谷戸
6960002,島根県,邑智郡川本町,都賀行
6960013,島根県,邑智郡川本町,馬野原
6961225,島根県,邑智郡川本町,南佐木
6961224,島根県,邑智郡川本町,三原
6961223,島根県,邑智郡川本町,三俣
6961222,島根県,邑智郡川本町,湯谷
6960701,島根県,邑智郡美郷町,潮村
6961136,島根県,邑智郡美郷町,内田
6961137,島根県,邑智郡美郷町,櫨谷
6960702,島根県,邑智郡美郷町,上野
6961141,島根県,邑智郡美郷町,京覧原
6961142,島根県,邑智郡美郷町,久喜原
6961144,島根県,邑智郡美郷町,小谷
6961133,島根県,邑智郡美郷町,小林
6961135,島根県,邑智郡美郷町,小松地
6961132,島根県,邑智郡美郷町,志君
6961143,島根県,邑智郡美郷町,地頭所
6961134,島根県,邑智郡美郷町,惣森
6960703,島根県,邑智郡美郷町,都賀西
6960704,島根県,邑智郡美郷町,都賀本郷
6960705,島根県,邑智郡美郷町,都賀行
6960706,島根県,邑智郡美郷町,長藤
6960712,島根県,邑智郡美郷町,比敷
6961131,島根県,邑智郡美郷町,別府
6961145,島根県,邑智郡美郷町,港
6960711,島根県,邑智郡美郷町,宮内
6960713,島根県,邑智郡美郷町,村之郷
6960100,島根県,邑智郡邑南町,
6960501,島根県,邑智郡邑南町,阿須那
6960312,島根県,邑智郡邑南町,出羽
6960101,島根県,邑智郡邑南町,井原
6960504,島根県,邑智郡邑南町,今井
6960314,島根県,邑智郡邑南町,岩屋
6960601,島根県,邑智郡邑南町,上田
6960503,島根県,邑智郡邑南町,宇都井
6960315,島根県,邑智郡邑南町,大林
6960224,島根県,邑智郡邑南町,上亀谷
6960602,島根県,邑智郡邑南町,上口羽
6960225,島根県,邑智郡邑南町,上田所
6960405,島根県,邑智郡邑南町,上原
6960502,島根県,邑智郡邑南町,木須田
6960316,島根県,邑智郡邑南町,久喜
6960131,島根県,邑智郡邑南町,高水
6960223,島根県,邑智郡邑南町,下亀谷
6960603,島根県,邑智郡邑南町,下口羽
6960222,島根県,邑智郡邑南町,下田所
6960406,島根県,邑智郡邑南町,高見
6960505,島根県,邑智郡邑南町,戸河内
6960102,島根県,邑智郡邑南町,中野
6960404,島根県,邑智郡邑南町,原村
6960104,島根県,邑智郡邑南町,日和
6960402,島根県,邑智郡邑南町,伏谷
6960401,島根県,邑智郡邑南町,布施
6960221,島根県,邑智郡邑南町,鱒渕
6960311,島根県,邑智郡邑南町,三日市
6960407,島根県,邑智郡邑南町,八色石
6960103,島根県,邑智郡邑南町,矢上
6960313,島根県,邑智郡邑南町,山田
6960506,島根県,邑智郡邑南町,雪田
6960317,島根県,邑智郡邑南町,淀原
6960403,島根県,邑智郡邑南町,和田
6968510,島根県,邑智郡川本町,大字川本２７９
6960192,島根県,邑智郡邑南町,矢上６０００
6960193,島根県,邑智郡邑南町,中野３８４８−２
6960195,島根県,邑智郡邑南町,矢上５３
6960198,島根県,邑智郡邑南町,矢上３９２１
6960393,島根県,邑智郡邑南町,三日市３２
6960692,島根県,邑智郡邑南町,下口羽４８４−１
