7714265,徳島県,徳島市,飯谷町
7711156,徳島県,徳島市,応神町応神産業団地
7711152,徳島県,徳島市,応神町中原
7711154,徳島県,徳島市,応神町東貞方
7711155,徳島県,徳島市,応神町西貞方
7711151,徳島県,徳島市,応神町古川
7711153,徳島県,徳島市,応神町吉成
7710101,徳島県,徳島市,川内町
7710144,徳島県,徳島市,川内町
7710131,徳島県,徳島市,川内町
7710142,徳島県,徳島市,川内町
7710130,徳島県,徳島市,川内町
7710125,徳島県,徳島市,川内町
7710126,徳島県,徳島市,川内町
7710127,徳島県,徳島市,川内町
7710128,徳島県,徳島市,川内町
7710129,徳島県,徳島市,川内町
7710103,徳島県,徳島市,川内町
7710104,徳島県,徳島市,川内町
7710102,徳島県,徳島市,川内町
7710106,徳島県,徳島市,川内町
7710105,徳島県,徳島市,川内町
7710121,徳島県,徳島市,川内町
7710122,徳島県,徳島市,川内町
7710124,徳島県,徳島市,川内町
7710123,徳島県,徳島市,川内町
7710141,徳島県,徳島市,川内町
7710117,徳島県,徳島市,川内町
7710111,徳島県,徳島市,川内町
7710112,徳島県,徳島市,川内町
7710143,徳島県,徳島市,川内町
7710132,徳島県,徳島市,川内町
7710133,徳島県,徳島市,川内町
7710136,徳島県,徳島市,川内町
7710134,徳島県,徳島市,川内町
7710138,徳島県,徳島市,川内町
7710135,徳島県,徳島市,川内町
7710137,徳島県,徳島市,川内町
7710113,徳島県,徳島市,川内町
7710116,徳島県,徳島市,川内町
7710115,徳島県,徳島市,川内町
7710114,徳島県,徳島市,川内町
7710139,徳島県,徳島市,川内町
7714267,徳島県,徳島市,渋野町
7714263,徳島県,徳島市,丈六町
7714262,徳島県,徳島市,丈六町
7714261,徳島県,徳島市,丈六町
7714264,徳島県,徳島市,多家良町
7714266,徳島県,徳島市,八多町
7710372,徳島県,鳴門市,北灘町粟田
7710373,徳島県,鳴門市,北灘町大浦
7710377,徳島県,鳴門市,北灘町大須
7710376,徳島県,鳴門市,北灘町折野
7710371,徳島県,鳴門市,北灘町櫛木
7710378,徳島県,鳴門市,北灘町碁浦
7710374,徳島県,鳴門市,北灘町宿毛谷
7710375,徳島県,鳴門市,北灘町鳥ケ丸
7710360,徳島県,鳴門市,瀬戸町明神
7710362,徳島県,鳴門市,瀬戸町北泊
7710364,徳島県,鳴門市,瀬戸町北泊
7710367,徳島県,鳴門市,瀬戸町大島田
7710366,徳島県,鳴門市,瀬戸町中島田
7710365,徳島県,鳴門市,瀬戸町小島田
7710361,徳島県,鳴門市,瀬戸町堂浦
7710363,徳島県,鳴門市,瀬戸町湊谷
7710369,徳島県,鳴門市,瀬戸町撫佐
7710368,徳島県,鳴門市,瀬戸町室
7715177,徳島県,阿南市,大井町
7715176,徳島県,阿南市,大田井町
7715173,徳島県,阿南市,加茂町
7715170,徳島県,阿南市,楠根町
7715171,徳島県,阿南市,熊谷町
7715178,徳島県,阿南市,十八女町
7715174,徳島県,阿南市,水井町
7715179,徳島県,阿南市,深瀬町
7715175,徳島県,阿南市,細野町
7715172,徳島県,阿南市,吉井町
7711700,徳島県,阿波市,
7711705,徳島県,阿波市,阿波町赤坂
7711705,徳島県,阿波市,阿波町医王寺
7711701,徳島県,阿波市,阿波町伊沢市
7711703,徳島県,阿波市,阿波町伊沢田
7711704,徳島県,阿波市,阿波町伊沢谷東縁
7711702,徳島県,阿波市,阿波町伊勢
7711702,徳島県,阿波市,阿波町井出口
7711704,徳島県,阿波市,阿波町糸下
7711702,徳島県,阿波市,阿波町稲荷
7711704,徳島県,阿波市,阿波町芋場
7711705,徳島県,阿波市,阿波町居屋敷
7711706,徳島県,阿波市,阿波町岩津
7711706,徳島県,阿波市,阿波町植桜
7711705,徳島県,阿波市,阿波町梅川内
7711704,徳島県,阿波市,阿波町梅ノ木原
7711704,徳島県,阿波市,阿波町梅ノ東
7711701,徳島県,阿波市,阿波町王地
7711705,徳島県,阿波市,阿波町王子川
7711701,徳島県,阿波市,阿波町王地南
7711702,徳島県,阿波市,阿波町大久保
7711701,徳島県,阿波市,阿波町大坪
7711701,徳島県,阿波市,阿波町大原
7711703,徳島県,阿波市,阿波町大道北
7711701,徳島県,阿波市,阿波町大道南
7711703,徳島県,阿波市,阿波町岡地
7711704,徳島県,阿波市,阿波町小倉
7711706,徳島県,阿波市,阿波町乙岩津
7711702,徳島県,阿波市,阿波町柏谷左右
7711701,徳島県,阿波市,阿波町勝命
7711701,徳島県,阿波市,阿波町勝命北
7711704,徳島県,阿波市,阿波町亀底
7711705,徳島県,阿波市,阿波町川久保
7711702,徳島県,阿波市,阿波町川添
7711706,徳島県,阿波市,阿波町北岡
7711704,徳島県,阿波市,阿波町北久保
7711704,徳島県,阿波市,阿波町北五味知
7711703,徳島県,阿波市,阿波町北柴生
7711705,徳島県,阿波市,阿波町北整理
7711706,徳島県,阿波市,阿波町北西谷
7711702,徳島県,阿波市,阿波町北ノ名
7711703,徳島県,阿波市,阿波町北原
7711704,徳島県,阿波市,阿波町北正広
7711705,徳島県,阿波市,阿波町北山
7711701,徳島県,阿波市,阿波町庚申原
7711705,徳島県,阿波市,阿波町五明
7711705,徳島県,阿波市,阿波町桜ノ岡
7711705,徳島県,阿波市,阿波町寒風
7711702,徳島県,阿波市,阿波町山王
7711706,徳島県,阿波市,阿波町三本柳
7711702,徳島県,阿波市,阿波町四歩一
7711701,徳島県,阿波市,阿波町下喜来
7711701,徳島県,阿波市,阿波町下喜来南
7711702,徳島県,阿波市,阿波町下原
7711705,徳島県,阿波市,阿波町十善地
7711701,徳島県,阿波市,阿波町新開
7711703,徳島県,阿波市,阿波町真福寺
7711701,徳島県,阿波市,阿波町清原
7711705,徳島県,阿波市,阿波町善地
7711702,徳島県,阿波市,阿波町大次郎
7711705,徳島県,阿波市,阿波町高垣
7711704,徳島県,阿波市,阿波町立割
7711702,徳島県,阿波市,阿波町谷口
7711701,徳島県,阿波市,阿波町谷島
7711701,徳島県,阿波市,阿波町谷島北
7711703,徳島県,阿波市,阿波町綱懸
7711702,徳島県,阿波市,阿波町寺サコ
7711702,徳島県,阿波市,阿波町天西山
7711703,徳島県,阿波市,阿波町東条
7711705,徳島県,阿波市,阿波町栩ケ窪
7711706,徳島県,阿波市,阿波町中川原
7711706,徳島県,阿波市,阿波町中坪
7711706,徳島県,阿波市,阿波町中長峰
7711703,徳島県,阿波市,阿波町中原
7711703,徳島県,阿波市,阿波町西柴生
7711706,徳島県,阿波市,阿波町西島
7711701,徳島県,阿波市,阿波町西清原
7711706,徳島県,阿波市,阿波町西整理
7711706,徳島県,阿波市,阿波町西長峰
7711702,徳島県,阿波市,阿波町西ノ岡
7711706,徳島県,阿波市,阿波町西林
7711703,徳島県,阿波市,阿波町西原
7711704,徳島県,阿波市,阿波町西正広
7711702,徳島県,阿波市,阿波町野神
7711704,徳島県,阿波市,阿波町八丁原
7711705,徳島県,阿波市,阿波町馬場
7711706,徳島県,阿波市,阿波町東川原
7711703,徳島県,阿波市,阿波町東柴生
7711706,徳島県,阿波市,阿波町東島
7711706,徳島県,阿波市,阿波町東整理
7711706,徳島県,阿波市,阿波町東長峰
7711703,徳島県,阿波市,阿波町東原
7711704,徳島県,阿波市,阿波町東正広
7711706,徳島県,阿波市,阿波町東村
7711704,徳島県,阿波市,阿波町引地
7711702,徳島県,阿波市,阿波町久原
7711705,徳島県,阿波市,阿波町日吉谷
7711704,徳島県,阿波市,阿波町広野
7711701,徳島県,阿波市,阿波町平川原北
7711701,徳島県,阿波市,阿波町平川原南
7711702,徳島県,阿波市,阿波町本町
7711702,徳島県,阿波市,阿波町本安
7711703,徳島県,阿波市,阿波町前島
7711704,徳島県,阿波市,阿波町真重
7711705,徳島県,阿波市,阿波町松川内
7711703,徳島県,阿波市,阿波町丸山
7711706,徳島県,阿波市,阿波町南川原
7711704,徳島県,阿波市,阿波町南五味知
7711703,徳島県,阿波市,阿波町南柴生
7711706,徳島県,阿波市,阿波町南整理
7711701,徳島県,阿波市,阿波町南谷島
7711706,徳島県,阿波市,阿波町南西谷
7711704,徳島県,阿波市,阿波町元町
7711702,徳島県,阿波市,阿波町森沢
7711702,徳島県,阿波市,阿波町安政
7711702,徳島県,阿波市,阿波町山尻
7711704,徳島県,阿波市,阿波町山ノ神
7711702,徳島県,阿波市,阿波町早田
7711602,徳島県,阿波市,市場町市場
7711603,徳島県,阿波市,市場町市場
7711601,徳島県,阿波市,市場町市場
7711604,徳島県,阿波市,市場町市場
7711626,徳島県,阿波市,市場町伊月
7711714,徳島県,阿波市,市場町犬墓
7711614,徳島県,阿波市,市場町犬墓
7711615,徳島県,阿波市,市場町大影
7711627,徳島県,阿波市,市場町大野島
7711613,徳島県,阿波市,市場町大俣
7711621,徳島県,阿波市,市場町尾開
7711611,徳島県,阿波市,市場町香美
7711610,徳島県,阿波市,市場町香美
7711612,徳島県,阿波市,市場町上喜来
7711623,徳島県,阿波市,市場町切幡
7711622,徳島県,阿波市,市場町興崎
7711616,徳島県,阿波市,市場町日開谷
7711624,徳島県,阿波市,市場町山野上
7711625,徳島県,阿波市,市場町八幡
7711501,徳島県,阿波市,土成町秋月
7711503,徳島県,阿波市,土成町浦池
7711505,徳島県,阿波市,土成町郡
7711509,徳島県,阿波市,土成町高尾
7711506,徳島県,阿波市,土成町土成
7711504,徳島県,阿波市,土成町成当
7711502,徳島県,阿波市,土成町水田
7711508,徳島県,阿波市,土成町宮川内
7711507,徳島県,阿波市,土成町吉田
7711401,徳島県,阿波市,吉野町柿原
7711403,徳島県,阿波市,吉野町五条
7711402,徳島県,阿波市,吉野町西条
7712107,徳島県,美馬市,美馬町
7712106,徳島県,美馬市,美馬町
7712102,徳島県,美馬市,美馬町
7712105,徳島県,美馬市,美馬町
7712103,徳島県,美馬市,美馬町
7712101,徳島県,美馬市,美馬町
7712104,徳島県,美馬市,美馬町
7712302,徳島県,三好市,三野町加茂野宮
7712304,徳島県,三好市,三野町芝生
7712301,徳島県,三好市,三野町清水
7712303,徳島県,三好市,三野町勢力
7712305,徳島県,三好市,三野町太刀野
7712306,徳島県,三好市,三野町太刀野山
7714300,徳島県,勝浦郡勝浦町,
7714303,徳島県,勝浦郡勝浦町,生名
7714308,徳島県,勝浦郡勝浦町,坂本
7714306,徳島県,勝浦郡勝浦町,棚野
7714302,徳島県,勝浦郡勝浦町,中角
7714301,徳島県,勝浦郡勝浦町,沼江
7714305,徳島県,勝浦郡勝浦町,久国
7714304,徳島県,勝浦郡勝浦町,星谷
7714307,徳島県,勝浦郡勝浦町,三渓
7714500,徳島県,勝浦郡上勝町,
7714502,徳島県,勝浦郡上勝町,旭
7714503,徳島県,勝浦郡上勝町,生実
7714501,徳島県,勝浦郡上勝町,福原
7714504,徳島県,勝浦郡上勝町,傍示
7714505,徳島県,勝浦郡上勝町,正木
7714100,徳島県,名東郡佐那河内村,
7714102,徳島県,名東郡佐那河内村,上
7714101,徳島県,名東郡佐那河内村,下
7713200,徳島県,名西郡神山町,
7713202,徳島県,名西郡神山町,阿野
7713202,徳島県,名西郡神山町,阿野
7713202,徳島県,名西郡神山町,阿野
7713202,徳島県,名西郡神山町,阿野
7713202,徳島県,名西郡神山町,阿野
7713202,徳島県,名西郡神山町,阿野
7713202,徳島県,名西郡神山町,阿野
7713202,徳島県,名西郡神山町,阿野
7713202,徳島県,名西郡神山町,阿野
7713202,徳島県,名西郡神山町,阿野
7713202,徳島県,名西郡神山町,阿野
7713202,徳島県,名西郡神山町,阿野
7713202,徳島県,名西郡神山町,阿野
7713202,徳島県,名西郡神山町,阿野
7713202,徳島県,名西郡神山町,阿野
7713202,徳島県,名西郡神山町,阿野
7713202,徳島県,名西郡神山町,阿野
7713202,徳島県,名西郡神山町,阿野
7713202,徳島県,名西郡神山町,阿野
7713202,徳島県,名西郡神山町,阿野
7713202,徳島県,名西郡神山町,阿野
7713202,徳島県,名西郡神山町,阿野
7713202,徳島県,名西郡神山町,阿野
7713202,徳島県,名西郡神山町,阿野
7713201,徳島県,名西郡神山町,阿野
7713203,徳島県,名西郡神山町,鬼籠野
7713422,徳島県,名西郡神山町,上分
7713421,徳島県,名西郡神山町,下分
7713311,徳島県,名西郡神山町,神領
7713311,徳島県,名西郡神山町,神領
7713311,徳島県,名西郡神山町,神領
7713311,徳島県,名西郡神山町,神領
7713311,徳島県,名西郡神山町,神領
7713311,徳島県,名西郡神山町,神領
7713311,徳島県,名西郡神山町,神領
7713310,徳島県,名西郡神山町,神領
7715200,徳島県,那賀郡那賀町,
7715207,徳島県,那賀郡那賀町,阿井
7715403,徳島県,那賀郡那賀町,鮎川
7715323,徳島県,那賀郡那賀町,相名
7715401,徳島県,那賀郡那賀町,朝生
7716101,徳島県,那賀郡那賀町,阿津江
7716103,徳島県,那賀郡那賀町,出羽
7715324,徳島県,那賀郡那賀町,井ノ谷
7715405,徳島県,那賀郡那賀町,入野
7716118,徳島県,那賀郡那賀町,岩倉
7715328,徳島県,那賀郡那賀町,請ノ谷
7715404,徳島県,那賀郡那賀町,牛輪
7715504,徳島県,那賀郡那賀町,臼ケ谷
7715326,徳島県,那賀郡那賀町,内山
7715321,徳島県,那賀郡那賀町,馬路
7715320,徳島県,那賀郡那賀町,榎谷
7715410,徳島県,那賀郡那賀町,大久保
7715516,徳島県,那賀郡那賀町,大戸
7716322,徳島県,那賀郡那賀町,大殿
7716115,徳島県,那賀郡那賀町,小畠
7715501,徳島県,那賀郡那賀町,音谷
7715407,徳島県,那賀郡那賀町,雄
7716328,徳島県,那賀郡那賀町,海川
7715413,徳島県,那賀郡那賀町,蔭谷
7716107,徳島県,那賀郡那賀町,掛盤
7716117,徳島県,那賀郡那賀町,川成
7715515,徳島県,那賀郡那賀町,川俣
7716105,徳島県,那賀郡那賀町,木頭
7716402,徳島県,那賀郡那賀町,木頭出原
7716511,徳島県,那賀郡那賀町,木頭折宇
7716512,徳島県,那賀郡那賀町,木頭北川
7716401,徳島県,那賀郡那賀町,木頭助
7716405,徳島県,那賀郡那賀町,木頭西宇
7716404,徳島県,那賀郡那賀町,木頭南宇
7716403,徳島県,那賀郡那賀町,木頭和無田
7716102,徳島県,那賀郡那賀町,木頭名
7716111,徳島県,那賀郡那賀町,小泉
7716324,徳島県,那賀郡那賀町,御所谷
7715209,徳島県,那賀郡那賀町,小仁宇
7715512,徳島県,那賀郡那賀町,小計
7715503,徳島県,那賀郡那賀町,小浜
7716106,徳島県,那賀郡那賀町,坂州
7715502,徳島県,那賀郡那賀町,桜谷
7716114,徳島県,那賀郡那賀町,沢谷
7716325,徳島県,那賀郡那賀町,丈ケ谷
7715507,徳島県,那賀郡那賀町,菖蒲
7716323,徳島県,那賀郡那賀町,白石
7716112,徳島県,那賀郡那賀町,高野
7715329,徳島県,那賀郡那賀町,竹ケ谷
7715322,徳島県,那賀郡那賀町,谷内
7716113,徳島県,那賀郡那賀町,寺内
7716104,徳島県,那賀郡那賀町,当山
7715202,徳島県,那賀郡那賀町,土佐
7715505,徳島県,那賀郡那賀町,長安
7715204,徳島県,那賀郡那賀町,中山
7716327,徳島県,那賀郡那賀町,成瀬
7715208,徳島県,那賀郡那賀町,仁宇
7715327,徳島県,那賀郡那賀町,西納
7715406,徳島県,那賀郡那賀町,延野
7715518,徳島県,那賀郡那賀町,拝宮
7715409,徳島県,那賀郡那賀町,鉢
7715532,徳島県,那賀郡那賀町,花瀬
7715531,徳島県,那賀郡那賀町,日浦
7715508,徳島県,那賀郡那賀町,東尾
7715506,徳島県,那賀郡那賀町,桧曽根
7715517,徳島県,那賀郡那賀町,日真
7716321,徳島県,那賀郡那賀町,平谷
7715325,徳島県,那賀郡那賀町,平野
7715514,徳島県,那賀郡那賀町,深森
7716326,徳島県,那賀郡那賀町,府殿
7715513,徳島県,那賀郡那賀町,古屋
7715412,徳島県,那賀郡那賀町,朴野
7715511,徳島県,那賀郡那賀町,水崎
7715206,徳島県,那賀郡那賀町,百合
7715205,徳島県,那賀郡那賀町,百合谷
7715402,徳島県,那賀郡那賀町,簗ノ上
7715411,徳島県,那賀郡那賀町,横石
7716116,徳島県,那賀郡那賀町,横谷
7715408,徳島県,那賀郡那賀町,吉野
7715201,徳島県,那賀郡那賀町,和食
7715203,徳島県,那賀郡那賀町,和食郷
7710200,徳島県,板野郡松茂町,
7710219,徳島県,板野郡松茂町,笹木野
7710218,徳島県,板野郡松茂町,住吉
7710215,徳島県,板野郡松茂町,豊岡
7710217,徳島県,板野郡松茂町,豊中
7710213,徳島県,板野郡松茂町,豊久
7710212,徳島県,板野郡松茂町,中喜来
7710211,徳島県,板野郡松茂町,長岸
7710216,徳島県,板野郡松茂町,長原
7710220,徳島県,板野郡松茂町,広島
7710214,徳島県,板野郡松茂町,満穂
7710200,徳島県,板野郡北島町,
7710205,徳島県,板野郡北島町,江尻
7710201,徳島県,板野郡北島町,北村
7710207,徳島県,板野郡北島町,新喜来
7710204,徳島県,板野郡北島町,鯛浜
7710206,徳島県,板野郡北島町,高房
7710202,徳島県,板野郡北島町,太郎八須
7710203,徳島県,板野郡北島町,中村
7711200,徳島県,板野郡藍住町,
7711202,徳島県,板野郡藍住町,奥野
7711202,徳島県,板野郡藍住町,奥野
7711202,徳島県,板野郡藍住町,奥野
7711203,徳島県,板野郡藍住町,奥野
7711202,徳島県,板野郡藍住町,奥野
7711201,徳島県,板野郡藍住町,奥野
7711240,徳島県,板野郡藍住町,乙瀬
7711262,徳島県,板野郡藍住町,笠木
7711261,徳島県,板野郡藍住町,笠木
7711262,徳島県,板野郡藍住町,笠木
7711260,徳島県,板野郡藍住町,笠木
7711271,徳島県,板野郡藍住町,勝瑞
7711273,徳島県,板野郡藍住町,勝瑞
7711272,徳島県,板野郡藍住町,勝瑞
7711273,徳島県,板野郡藍住町,勝瑞
7711270,徳島県,板野郡藍住町,勝瑞
7711267,徳島県,板野郡藍住町,住吉
7711267,徳島県,板野郡藍住町,住吉
7711265,徳島県,板野郡藍住町,住吉
7711265,徳島県,板野郡藍住町,住吉
7711265,徳島県,板野郡藍住町,住吉
7711266,徳島県,板野郡藍住町,住吉
7711266,徳島県,板野郡藍住町,住吉
7711264,徳島県,板野郡藍住町,住吉
7711212,徳島県,板野郡藍住町,徳命
7711212,徳島県,板野郡藍住町,徳命
7711211,徳島県,板野郡藍住町,徳命
7711211,徳島県,板野郡藍住町,徳命
7711210,徳島県,板野郡藍住町,徳命
7711232,徳島県,板野郡藍住町,富吉
7711231,徳島県,板野郡藍住町,富吉
7711231,徳島県,板野郡藍住町,富吉
7711231,徳島県,板野郡藍住町,富吉
7711232,徳島県,板野郡藍住町,富吉
7711230,徳島県,板野郡藍住町,富吉
7711224,徳島県,板野郡藍住町,東中富
7711222,徳島県,板野郡藍住町,東中富
7711224,徳島県,板野郡藍住町,東中富
7711223,徳島県,板野郡藍住町,東中富
7711224,徳島県,板野郡藍住町,東中富
7711223,徳島県,板野郡藍住町,東中富
7711221,徳島県,板野郡藍住町,東中富
7711224,徳島県,板野郡藍住町,東中富
7711224,徳島県,板野郡藍住町,東中富
7711224,徳島県,板野郡藍住町,東中富
7711220,徳島県,板野郡藍住町,東中富
7711253,徳島県,板野郡藍住町,矢上
7711252,徳島県,板野郡藍住町,矢上
7711252,徳島県,板野郡藍住町,矢上
7711251,徳島県,板野郡藍住町,矢上
7711251,徳島県,板野郡藍住町,矢上
7711253,徳島県,板野郡藍住町,矢上
7711250,徳島県,板野郡藍住町,矢上
7711300,徳島県,板野郡上板町,
7711310,徳島県,板野郡上板町,泉谷
7711301,徳島県,板野郡上板町,鍛冶屋原
7711345,徳島県,板野郡上板町,上六條
7711320,徳島県,板野郡上板町,神宅
7711342,徳島県,板野郡上板町,佐藤塚
7711343,徳島県,板野郡上板町,椎本
7711302,徳島県,板野郡上板町,七條
7711344,徳島県,板野郡上板町,下六條
7711350,徳島県,板野郡上板町,瀬部
7711341,徳島県,板野郡上板町,第十新田
7711346,徳島県,板野郡上板町,高磯
7711347,徳島県,板野郡上板町,高瀬
7711330,徳島県,板野郡上板町,西分
7711311,徳島県,板野郡上板町,引野
7712502,徳島県,三好郡東みよし町,足代
7712503,徳島県,三好郡東みよし町,東山
7712501,徳島県,三好郡東みよし町,昼間
7710193,徳島県,徳島市,川内町加賀須野４６３
7710183,徳島県,徳島市,川内町加賀須野４６３−５５
7710195,徳島県,徳島市,川内町平石夷野２２４−３
7710182,徳島県,徳島市,川内町平石夷野２２４−１８
7710192,徳島県,徳島市,川内町加賀須野４６３−１０
7710198,徳島県,徳島市,川内町加賀須野４６３番地１５
7710196,徳島県,徳島市,川内町加賀須野４６３−２３
7710189,徳島県,徳島市,川内町平石若松１０８番地４
7710185,徳島県,徳島市,川内町平石若宮３４０
7710194,徳島県,徳島市,川内町平石夷野２２４−２
7710188,徳島県,徳島市,川内町中島５７５−１
7710187,徳島県,徳島市,川内町中島６３５
7710186,徳島県,徳島市,川内町平石住吉２０９−１
7711192,徳島県,徳島市,応神町古川字戎子野１２３−１
7711193,徳島県,徳島市,応神町応神産業団地１−５
7711492,徳島県,阿波市,吉野町西条字大西５３番地１
7711498,徳島県,阿波市,吉野町西条字原市２０５
7711494,徳島県,阿波市,吉野町柿原字原１６７
7711493,徳島県,阿波市,吉野町柿原字ヒロナカ１８０
7711592,徳島県,阿波市,土成町土成字丸山１０番地
7711695,徳島県,阿波市,市場町切幡字古田２０１番地１
7711792,徳島県,阿波市,阿波町東原１７３番地
7712195,徳島県,美馬市,美馬町字天神１２１（美馬郵便局私書箱第１号）
7712395,徳島県,三好市,三野町芝生１０３９
7714395,徳島県,勝浦郡勝浦町,大字久国字久保田３
7714195,徳島県,名東郡佐那河内村,下字中辺７１−１
7713395,徳島県,名西郡神山町,神領字本野間１００
7715295,徳島県,那賀郡那賀町,和食郷字南川１０４−１
7715495,徳島県,那賀郡那賀町,延野字王子原３１−１
7716192,徳島県,那賀郡那賀町,木頭字広瀬５−３
7716495,徳島県,那賀郡那賀町,木頭出原字マエダ３４
7710298,徳島県,板野郡松茂町,満穂字満穂開拓１１９−１
7710293,徳島県,板野郡松茂町,住吉１９
7710292,徳島県,板野郡松茂町,住吉字住吉開拓３８
7710296,徳島県,板野郡松茂町,豊久字豊久開拓１３９−１
7710294,徳島県,板野郡松茂町,広島字西川向１４
7710295,徳島県,板野郡松茂町,広島字東裏３０
7710284,徳島県,板野郡北島町,高房字居内１−１
7710282,徳島県,板野郡北島町,高房字居内１−１大鵬薬品工業株式会社北島工業厚生・事務棟
7710285,徳島県,板野郡北島町,中村字上地２３−１
7710287,徳島県,板野郡北島町,太郎八須字西ノ川１０−１
7710288,徳島県,板野郡北島町,江尻字内中須１
7710289,徳島県,板野郡北島町,中村字東堤ノ内３０−３
7710283,徳島県,板野郡北島町,高房字居内１−１
7711292,徳島県,板野郡藍住町,奥野字矢上前５２−１
7711297,徳島県,板野郡藍住町,奥野字乾８１−２
7711294,徳島県,板野郡藍住町,奥野字山畑１
7711289,徳島県,板野郡藍住町,住吉字神蔵５−１
7711295,徳島県,板野郡藍住町,笠木字西野３９
7711298,徳島県,板野郡藍住町,奥野字乾１７０
7711392,徳島県,板野郡上板町,七條字経塚４２
7712595,徳島県,三好郡東みよし町,昼間３６７３−１
