7850000,高知県,須崎市,
7850047,高知県,須崎市,吾井郷甲
7850044,高知県,須崎市,吾井郷乙
7850004,高知県,須崎市,青木町
7850037,高知県,須崎市,赤崎町
7850024,高知県,須崎市,安和
7850021,高知県,須崎市,池ノ内
7850017,高知県,須崎市,泉町
7850165,高知県,須崎市,浦ノ内出見
7850173,高知県,須崎市,浦ノ内今川内
7850174,高知県,須崎市,浦ノ内下中山
7850166,高知県,須崎市,浦ノ内塩間
7850171,高知県,須崎市,浦ノ内須ノ浦
7850164,高知県,須崎市,浦ノ内立目摺木
7850161,高知県,須崎市,浦ノ内西分
7850167,高知県,須崎市,浦ノ内灰方
7850163,高知県,須崎市,浦ノ内東分
7850162,高知県,須崎市,浦ノ内東分
7850172,高知県,須崎市,浦ノ内福良
7850055,高知県,須崎市,大谷
7850030,高知県,須崎市,多ノ郷甲
7850054,高知県,須崎市,多ノ郷乙
7850035,高知県,須崎市,大間東町
7850033,高知県,須崎市,大間西町
7850034,高知県,須崎市,大間本町
7850052,高知県,須崎市,押岡
7850010,高知県,須崎市,鍛冶町
7850026,高知県,須崎市,上分甲
7850027,高知県,須崎市,上分乙
7850028,高知県,須崎市,上分丙
7850059,高知県,須崎市,桐間西
7850057,高知県,須崎市,桐間東
7850058,高知県,須崎市,桐間南
7850053,高知県,須崎市,久通
7850051,高知県,須崎市,神田
7850015,高知県,須崎市,幸町
7850016,高知県,須崎市,栄町
7850032,高知県,須崎市,潮田町
7850025,高知県,須崎市,下郷
7850022,高知県,須崎市,下分甲
7850023,高知県,須崎市,下分乙
7850003,高知県,須崎市,新町
7850018,高知県,須崎市,須崎
7850046,高知県,須崎市,桑田山甲
7850045,高知県,須崎市,桑田山乙
7850043,高知県,須崎市,土崎町
7850008,高知県,須崎市,中町
7850041,高知県,須崎市,西崎町
7850012,高知県,須崎市,西糺町
7850013,高知県,須崎市,西古市町
7850009,高知県,須崎市,西町
7850056,高知県,須崎市,野見
7850006,高知県,須崎市,浜町
7850001,高知県,須崎市,原町
7850011,高知県,須崎市,東糺町
7850005,高知県,須崎市,東古市町
7850036,高知県,須崎市,緑町
7850002,高知県,須崎市,港町
7850007,高知県,須崎市,南古市町
7850042,高知県,須崎市,妙見町
7850031,高知県,須崎市,山手町
7850014,高知県,須崎市,横町
7850600,高知県,高岡郡檮原町,
7850611,高知県,高岡郡檮原町,飯母
7850666,高知県,高岡郡檮原町,井高
7850602,高知県,高岡郡檮原町,井の谷
7850641,高知県,高岡郡檮原町,上成
7850603,高知県,高岡郡檮原町,太田戸
7850626,高知県,高岡郡檮原町,大野地
7850771,高知県,高岡郡檮原町,大向
7850613,高知県,高岡郡檮原町,大蔵谷
7850652,高知県,高岡郡檮原町,本も谷
7850627,高知県,高岡郡檮原町,影野地
7850625,高知県,高岡郡檮原町,上折渡
7850654,高知県,高岡郡檮原町,上組
7850646,高知県,高岡郡檮原町,上西の川
7850664,高知県,高岡郡檮原町,神の山
7850606,高知県,高岡郡檮原町,上本村
7850776,高知県,高岡郡檮原町,家籠戸
7850635,高知県,高岡郡檮原町,川井
7850636,高知県,高岡郡檮原町,川口
7850612,高知県,高岡郡檮原町,川西路
7850622,高知県,高岡郡檮原町,神在居
7850774,高知県,高岡郡檮原町,久保谷
7850657,高知県,高岡郡檮原町,東向
7850608,高知県,高岡郡檮原町,後別当
7850662,高知県,高岡郡檮原町,坂本川
7850631,高知県,高岡郡檮原町,佐渡
7850775,高知県,高岡郡檮原町,島中
7850624,高知県,高岡郡檮原町,下折渡
7850655,高知県,高岡郡檮原町,下組
7850647,高知県,高岡郡檮原町,下西の川
7850605,高知県,高岡郡檮原町,下本村
7850645,高知県,高岡郡檮原町,竹の薮
7850607,高知県,高岡郡檮原町,田野々
7850621,高知県,高岡郡檮原町,太郎川
7850651,高知県,高岡郡檮原町,茶や谷
7850665,高知県,高岡郡檮原町,坪野田
7850658,高知県,高岡郡檮原町,富永
7850633,高知県,高岡郡檮原町,豊原
7850648,高知県,高岡郡檮原町,仲間
7850634,高知県,高岡郡檮原町,仲久保
7850623,高知県,高岡郡檮原町,仲洞
7850653,高知県,高岡郡檮原町,中の川
7850772,高知県,高岡郡檮原町,中平
7850601,高知県,高岡郡檮原町,永野
7850632,高知県,高岡郡檮原町,初瀬本村
7850656,高知県,高岡郡檮原町,東川
7850644,高知県,高岡郡檮原町,広野
7850663,高知県,高岡郡檮原町,文丸
7850642,高知県,高岡郡檮原町,松谷
7850773,高知県,高岡郡檮原町,松原
7850643,高知県,高岡郡檮原町,宮野々
7850610,高知県,高岡郡檮原町,檮原
7850604,高知県,高岡郡檮原町,横貝
7850661,高知県,高岡郡檮原町,六丁
7850200,高知県,高岡郡津野町,
7850219,高知県,高岡郡津野町,赤木
7850218,高知県,高岡郡津野町,大野
7850203,高知県,高岡郡津野町,貝ノ川
7850210,高知県,高岡郡津野町,貝ノ川床鍋
7850206,高知県,高岡郡津野町,樺の川
7850413,高知県,高岡郡津野町,烏出川
7850502,高知県,高岡郡津野町,北川
7850204,高知県,高岡郡津野町,久保川
7850217,高知県,高岡郡津野町,黒川
7850412,高知県,高岡郡津野町,桑ケ市
7850212,高知県,高岡郡津野町,白石乙
7850211,高知県,高岡郡津野町,白石甲
7850213,高知県,高岡郡津野町,白石丙
7850207,高知県,高岡郡津野町,新土居
7850215,高知県,高岡郡津野町,杉ノ川乙
7850214,高知県,高岡郡津野町,杉ノ川甲
7850216,高知県,高岡郡津野町,杉ノ川丙
7850501,高知県,高岡郡津野町,力石
7850201,高知県,高岡郡津野町,永野
7850209,高知県,高岡郡津野町,西谷乙
7850205,高知県,高岡郡津野町,西谷甲
7850202,高知県,高岡郡津野町,姫野々
7850411,高知県,高岡郡津野町,船戸
7850208,高知県,高岡郡津野町,三間川
7850504,高知県,高岡郡津野町,芳生野乙
7850503,高知県,高岡郡津野町,芳生野甲
7850505,高知県,高岡郡津野町,芳生野丙
7858501,高知県,須崎市,緑町４−３０
7858575,高知県,須崎市,西古市町１−２４
7858570,高知県,須崎市,西古市町１−２４
7858577,高知県,須崎市,西古市町１−２４
7858533,高知県,須崎市,多ノ郷和佐田甲４１６７−３
7858550,高知県,須崎市,下分甲３９１−２
7858585,高知県,須崎市,東古市町６−２６
7858650,高知県,須崎市,青木町７−３（須崎郵便局私書箱第７号）
7858574,高知県,須崎市,西古市町１−２４
7858576,高知県,須崎市,西古市町１−２４
7858601,高知県,須崎市,山手町１−７（須崎郵便局私書箱第６号）
7858511,高知県,須崎市,緑町７−１１
7858520,高知県,須崎市,大間本町１４−２６
7858560,高知県,須崎市,下分乙１１０１
7858578,高知県,須崎市,西古市町１−２４
7850195,高知県,須崎市,浦ノ内下中山１６０
7850695,高知県,高岡郡檮原町,梼原１４４４−１
7850595,高知県,高岡郡津野町,力石２８７０
