7870300,高知県,土佐清水市,
7870303,高知県,土佐清水市,旭町
7870315,高知県,土佐清水市,足摺岬
7870556,高知県,土佐清水市,有永
7870327,高知県,土佐清水市,市場町
7870302,高知県,土佐清水市,以布利
7870447,高知県,土佐清水市,上野
7870310,高知県,土佐清水市,浦尻
7870331,高知県,土佐清水市,越前町
7870328,高知県,土佐清水市,戎町
7870301,高知県,土佐清水市,大岐
7870314,高知県,土佐清水市,大谷
7870562,高知県,土佐清水市,大津
7870317,高知県,土佐清水市,大浜
7870446,高知県,土佐清水市,斧積
7870243,高知県,土佐清水市,鍵掛
7870561,高知県,土佐清水市,貝ノ川
7870334,高知県,土佐清水市,加久見入沢町
7870335,高知県,土佐清水市,加久見新町
7870338,高知県,土佐清水市,加久見
7870336,高知県,土佐清水市,加久見
7870560,高知県,土佐清水市,片粕
7870312,高知県,土佐清水市,窪津
7870244,高知県,土佐清水市,久百々
7870311,高知県,土佐清水市,グリーンハイツ
7870308,高知県,土佐清水市,厚生町
7870322,高知県,土佐清水市,小江町
7870323,高知県,土佐清水市,寿町
7870306,高知県,土佐清水市,幸町
7870325,高知県,土佐清水市,栄町
7870332,高知県,土佐清水市,汐見町
7870320,高知県,土佐清水市,清水
7870330,高知県,土佐清水市,清水ヶ丘
7870559,高知県,土佐清水市,下川口
7870242,高知県,土佐清水市,下ノ加江
7870445,高知県,土佐清水市,下益野
7870563,高知県,土佐清水市,宗呂甲
7870557,高知県,土佐清水市,宗呂乙
7870558,高知県,土佐清水市,宗呂丙
7870452,高知県,土佐清水市,竜串
7870240,高知県,土佐清水市,立石
7870324,高知県,土佐清水市,中央町
7870453,高知県,土佐清水市,爪白
7870313,高知県,土佐清水市,津呂
7870305,高知県,土佐清水市,天神町
7870318,高知県,土佐清水市,中浜
7870333,高知県,土佐清水市,西町
7870241,高知県,土佐清水市,布
7870321,高知県,土佐清水市,浜町
7870326,高知県,土佐清水市,本町
7870316,高知県,土佐清水市,松尾
7870450,高知県,土佐清水市,三崎
7870451,高知県,土佐清水市,三崎浦
7870307,高知県,土佐清水市,緑ケ丘
7870304,高知県,土佐清水市,元町
7870337,高知県,土佐清水市,養老
7870339,高知県,土佐清水市,横道
7870000,高知県,四万十市,
7870007,高知県,四万十市,秋田
7870052,高知県,四万十市,赤松町
7870006,高知県,四万十市,麻生
7870668,高知県,四万十市,荒川
7870771,高知県,四万十市,有岡
7871441,高知県,四万十市,伊才原
7870150,高知県,四万十市,井沢
7870773,高知県,四万十市,磯ノ川
7871103,高知県,四万十市,板ノ川
7871107,高知県,四万十市,岩田
7871226,高知県,四万十市,鵜ノ江
7870015,高知県,四万十市,右山
7870012,高知県,四万十市,右山五月町
7870013,高知県,四万十市,右山天神町
7870011,高知県,四万十市,右山元町
7870014,高知県,四万十市,駅前町
7870669,高知県,四万十市,江ノ村
7870774,高知県,四万十市,生ノ川
7871557,高知県,四万十市,大西ノ川
7871553,高知県,四万十市,大屋敷
7871550,高知県,四万十市,大用
7871101,高知県,四万十市,奥鴨川
7871552,高知県,四万十市,片魚
7871223,高知県,四万十市,勝間
7871224,高知県,四万十市,勝間
7870776,高知県,四万十市,上ノ土居
7871220,高知県,四万十市,川登
7870775,高知県,四万十市,九樹
7871227,高知県,四万十市,楠
7870666,高知県,四万十市,楠島
7871102,高知県,四万十市,口鴨川
7870019,高知県,四万十市,具同
7870051,高知県,四万十市,具同田黒
7870667,高知県,四万十市,国見
7871225,高知県,四万十市,久保川
7870010,高知県,四万十市,古津賀
7871556,高知県,四万十市,小西ノ川
7871558,高知県,四万十市,古尾
7870009,高知県,四万十市,佐岡
7870156,高知県,四万十市,坂本
7871106,高知県,四万十市,佐田
7870158,高知県,四万十市,実崎
7871108,高知県,四万十市,敷地
7870155,高知県,四万十市,下田
7871551,高知県,四万十市,住次郎
7871554,高知県,四万十市,常六
7871228,高知県,四万十市,高瀬
7870151,高知県,四万十市,竹島
7871559,高知県,四万十市,竹屋敷
7871229,高知県,四万十市,田出ノ川
7871109,高知県,四万十市,田野川
7871222,高知県,四万十市,手洗川
7870161,高知県,四万十市,津蔵渕
7870016,高知県,四万十市,角崎
7871105,高知県,四万十市,利岡
7870026,高知県,四万十市,中村愛宕町
7870025,高知県,四万十市,中村一条通
7870036,高知県,四万十市,中村岩崎町
7870033,高知県,四万十市,中村大橋通
7870024,高知県,四万十市,中村於東町
7870030,高知県,四万十市,中村上小姓町
7870021,高知県,四万十市,中村京町
7870029,高知県,四万十市,中村小姓町
7870032,高知県,四万十市,中村栄町
7870002,高知県,四万十市,中村桜町
7870037,高知県,四万十市,中村四万十町
7870022,高知県,四万十市,中村新町
7870027,高知県,四万十市,中村天神橋
7870038,高知県,四万十市,中村百笑町
7870035,高知県,四万十市,中村羽生小路
7870031,高知県,四万十市,中村東下町
7870023,高知県,四万十市,中村東町
7870001,高知県,四万十市,中村本町
7870004,高知県,四万十市,中村丸の内
7870003,高知県,四万十市,中村丸の内
7870028,高知県,四万十市,中村山手通
7870034,高知県,四万十市,中村弥生町
7870005,高知県,四万十市,中村
7871107,高知県,四万十市,中村
7870163,高知県,四万十市,名鹿
7870152,高知県,四万十市,鍋島
7871321,高知県,四万十市,西土佐岩間
7871607,高知県,四万十市,西土佐江川
7871601,高知県,四万十市,西土佐江川崎
7871615,高知県,四万十市,西土佐大宮
7871326,高知県,四万十市,西土佐奥屋内
7871322,高知県,四万十市,西土佐茅生
7871325,高知県,四万十市,西土佐玖木
7871324,高知県,四万十市,西土佐口屋内
7871617,高知県,四万十市,西土佐下家地
7871616,高知県,四万十市,西土佐須崎
7871611,高知県,四万十市,西土佐橘
7871613,高知県,四万十市,西土佐津賀
7871612,高知県,四万十市,西土佐津野川
7871618,高知県,四万十市,西土佐中家地
7871605,高知県,四万十市,西土佐長生
7871323,高知県,四万十市,西土佐中半
7871602,高知県,四万十市,西土佐西ケ方
7871606,高知県,四万十市,西土佐半家
7871604,高知県,四万十市,西土佐藤ノ川
7871603,高知県,四万十市,西土佐用井
7871614,高知県,四万十市,西土佐薮ケ市
7870020,高知県,四万十市,入田
7870162,高知県,四万十市,初崎
7870154,高知県,四万十市,平野
7870159,高知県,四万十市,深木
7871444,高知県,四万十市,藤
7870153,高知県,四万十市,双海
7870017,高知県,四万十市,不破
7870018,高知県,四万十市,不破上町
7870160,高知県,四万十市,間崎
7871221,高知県,四万十市,三里
7871555,高知県,四万十市,三ツ又
7870665,高知県,四万十市,森沢
7870008,高知県,四万十市,安並
7870157,高知県,四万十市,山路
7870772,高知県,四万十市,横瀬
7871104,高知県,四万十市,若藤
7870050,高知県,四万十市,渡川
7871443,高知県,四万十市,蕨岡乙
7871442,高知県,四万十市,蕨岡甲
7870800,高知県,幡多郡三原村,
7870806,高知県,幡多郡三原村,狼内
7870804,高知県,幡多郡三原村,上下長谷
7870805,高知県,幡多郡三原村,上長谷
7870815,高知県,幡多郡三原村,亀ノ川
7870803,高知県,幡多郡三原村,来栖野
7870816,高知県,幡多郡三原村,下切
7870812,高知県,幡多郡三原村,下長谷
7870807,高知県,幡多郡三原村,成山
7870814,高知県,幡多郡三原村,広野
7870813,高知県,幡多郡三原村,皆尾
7870802,高知県,幡多郡三原村,宮ノ川
7870801,高知県,幡多郡三原村,柚ノ木
7870811,高知県,幡多郡三原村,芳井
7870392,高知県,土佐清水市,天神町１１−２
7878501,高知県,四万十市,中村大橋通４丁目１０
7870892,高知県,幡多郡三原村,大字来栖野３４６
