8020000,福岡県,北九州市小倉北区,
8020091,福岡県,北九州市小倉北区,藍島
8020032,福岡県,北九州市小倉北区,赤坂
8020031,福岡県,北九州市小倉北区,赤坂海岸
8020001,福岡県,北九州市小倉北区,浅野
8020043,福岡県,北九州市小倉北区,足原
8020042,福岡県,北九州市小倉北区,足立
8020006,福岡県,北九州市小倉北区,魚町
8020016,福岡県,北九州市小倉北区,宇佐町
8020092,福岡県,北九州市小倉北区,馬島
8020083,福岡県,北九州市小倉北区,江南町
8020015,福岡県,北九州市小倉北区,大田町
8020026,福岡県,北九州市小倉北区,大畠
8020004,福岡県,北九州市小倉北区,鍛冶町
8020064,福岡県,北九州市小倉北区,片野
8020062,福岡県,北九州市小倉北区,片野新町
8020022,福岡県,北九州市小倉北区,上富野
8020084,福岡県,北九州市小倉北区,香春口
8020045,福岡県,北九州市小倉北区,神岳
8020073,福岡県,北九州市小倉北区,貴船町
8020002,福岡県,北九州市小倉北区,京町
8020052,福岡県,北九州市小倉北区,霧ケ丘
8020044,福岡県,北九州市小倉北区,熊本
8020056,福岡県,北九州市小倉北区,黒住町
8020051,福岡県,北九州市小倉北区,黒原
8020071,福岡県,北九州市小倉北区,黄金
8020003,福岡県,北九州市小倉北区,米町
8020037,福岡県,北九州市小倉北区,小文字
8020081,福岡県,北九州市小倉北区,紺屋町
8020005,福岡県,北九州市小倉北区,堺町
8020061,福岡県,北九州市小倉北区,三郎丸
8020024,福岡県,北九州市小倉北区,山門町
8020011,福岡県,北九州市小倉北区,重住
8020023,福岡県,北九州市小倉北区,下富野
8020025,福岡県,北九州市小倉北区,寿山町
8020055,福岡県,北九州市小倉北区,城野団地
8020075,福岡県,北九州市小倉北区,昭和町
8020074,福岡県,北九州市小倉北区,白銀
8020038,福岡県,北九州市小倉北区,神幸町
8020012,福岡県,北九州市小倉北区,末広
8020034,福岡県,北九州市小倉北区,須賀町
8020014,福岡県,北九州市小倉北区,砂津
8020008,福岡県,北九州市小倉北区,船頭町
8020007,福岡県,北九州市小倉北区,船場町
8020021,福岡県,北九州市小倉北区,高浜
8020053,福岡県,北九州市小倉北区,高坊
8020035,福岡県,北九州市小倉北区,常盤町
8020036,福岡県,北九州市小倉北区,富野
8020033,福岡県,北九州市小倉北区,富野台
8020076,福岡県,北九州市小倉北区,中島
8020018,福岡県,北九州市小倉北区,中津口
8020013,福岡県,北九州市小倉北区,長浜町
8020066,福岡県,北九州市小倉北区,萩崎町
8020077,福岡県,北九州市小倉北区,馬借
8020072,福岡県,北九州市小倉北区,東篠崎
8020054,福岡県,北九州市小倉北区,東城野町
8020082,福岡県,北九州市小倉北区,古船場町
8020065,福岡県,北九州市小倉北区,三萩野
8020041,福岡県,北九州市小倉北区,妙見町
8020017,福岡県,北九州市小倉北区,明和町
8020085,福岡県,北九州市小倉北区,吉野町
8020063,福岡県,北九州市小倉北区,若富士町
8020000,福岡県,北九州市小倉南区,
8020838,福岡県,北九州市小倉南区,石田町
8020836,福岡県,北九州市小倉南区,石田南
8020834,福岡県,北九州市小倉南区,隠蓑
8020833,福岡県,北九州市小倉南区,上石田
8020978,福岡県,北九州市小倉南区,蒲生
8020981,福岡県,北九州市小倉南区,企救丘
8020841,福岡県,北九州市小倉南区,北方
8020985,福岡県,北九州市小倉南区,志井
8020984,福岡県,北九州市小倉南区,志井公園
8020986,福岡県,北九州市小倉南区,志井鷹羽台
8020811,福岡県,北九州市小倉南区,重住
8020983,福岡県,北九州市小倉南区,志徳
8020832,福岡県,北九州市小倉南区,下石田
8020804,福岡県,北九州市小倉南区,下城野
8020977,福岡県,北九州市小倉南区,下南方
8020802,福岡県,北九州市小倉南区,城野
8020973,福岡県,北九州市小倉南区,星和台
8020974,福岡県,北九州市小倉南区,徳力
8020979,福岡県,北九州市小倉南区,徳力新町
8020975,福岡県,北九州市小倉南区,徳力団地
8020812,福岡県,北九州市小倉南区,西水町
8020814,福岡県,北九州市小倉南区,蜷田若園
8020805,福岡県,北九州市小倉南区,八幡町
8020837,福岡県,北九州市小倉南区,葉山町
8020803,福岡県,北九州市小倉南区,春ケ丘
8020813,福岡県,北九州市小倉南区,東水町
8020842,福岡県,北九州市小倉南区,日の出町
8020801,福岡県,北九州市小倉南区,富士見
8020835,福岡県,北九州市小倉南区,堀越
8020823,福岡県,北九州市小倉南区,舞ケ丘
8020976,福岡県,北九州市小倉南区,南方
8020815,福岡県,北九州市小倉南区,南若園町
8020972,福岡県,北九州市小倉南区,守恒
8020971,福岡県,北九州市小倉南区,守恒本町
8020831,福岡県,北九州市小倉南区,八重洲町
8020982,福岡県,北九州市小倉南区,山手
8020824,福岡県,北九州市小倉南区,横代
8020825,福岡県,北九州市小倉南区,横代葉山
8020822,福岡県,北九州市小倉南区,横代東町
8020826,福岡県,北九州市小倉南区,横代南町
8020821,福岡県,北九州市小倉南区,横代北町
8020816,福岡県,北九州市小倉南区,若園
8028512,福岡県,北九州市小倉北区,赤坂海岸２−１
8028508,福岡県,北九州市小倉北区,京町３丁目１−１
8028511,福岡県,北九州市小倉北区,船場町１−１
8028570,福岡県,北九州市小倉北区,京町３−１−１セントシティ北九州１０Ｆ
8028585,福岡県,北九州市小倉北区,上富野３丁目２−８
8028642,福岡県,北九州市小倉北区,京町１丁目３−１０
8028701,福岡県,北九州市小倉北区,堺町１丁目１番１０号（小倉駅前郵便局私書箱第２４号）
8028560,福岡県,北九州市小倉北区,馬借１丁目７−１
8028522,福岡県,北九州市小倉北区,紺屋町１３−１
8028561,福岡県,北九州市小倉北区,馬借二丁目１番１号
8028517,福岡県,北九州市小倉北区,東城野町１番１号
8028521,福岡県,北九州市小倉北区,米町２丁目３−１
8028524,福岡県,北九州市小倉北区,米町２丁目３−１
8028555,福岡県,北九州市小倉北区,浅野３丁目２番１号
8028507,福岡県,北九州市小倉北区,萩崎町１番１１号
8028543,福岡県,北九州市小倉北区,浅野２丁目１４−１
8028502,福岡県,北九州市小倉北区,浅野１丁目１番１号
8028550,福岡県,北九州市小倉北区,堺町１丁目９−１０
8028515,福岡県,北九州市小倉北区,馬借２丁目６−８
8028601,福岡県,北九州市小倉北区,中島２丁目１−１（北九州中央郵便局私書箱第５６号）
8028545,福岡県,北九州市小倉北区,米町１丁目５−２０
8028558,福岡県,北九州市小倉北区,堺町１丁目２−１６十八銀行第一生命共同ビル４Ｆ
8028580,福岡県,北九州市小倉北区,古船場町５番１２号
8028581,福岡県,北九州市小倉北区,京町３丁目１４−１１
8028677,福岡県,北九州市小倉北区,堺町１丁目３−１５（北九州中央郵便局私書箱第７１号）
8028604,福岡県,北九州市小倉北区,京町３丁目１−１（北九州中央郵便局私書箱第７８号）
8028501,福岡県,北九州市小倉北区,黄金２丁目８−２０
8028651,福岡県,北九州市小倉北区,紺屋町１３−１（北九州中央郵便局私書箱第３４号）
8028571,福岡県,北九州市小倉北区,米町２丁目２番１号
8028566,福岡県,北九州市小倉北区,紺屋町１３−１毎日西部会館５Ｆ
8028686,福岡県,北九州市小倉北区,許斐町１（小倉駅前郵便局私書箱第２６号）
8028540,福岡県,北九州市小倉南区,石田南２丁目４−１
8028510,福岡県,北九州市小倉南区,若園５丁目１−２
8028577,福岡県,北九州市小倉南区,北方４丁目２−１
8028529,福岡県,北九州市小倉南区,葉山町１丁目１番８号
8028533,福岡県,北九州市小倉南区,春ケ丘１０番１号
8028567,福岡県,北九州市小倉南区,北方５丁目１−１
