8420302,佐賀県,佐賀市,三瀬村藤原
8420301,佐賀県,佐賀市,三瀬村三瀬
8420303,佐賀県,佐賀市,三瀬村杠
8420000,佐賀県,神埼市,
8420014,佐賀県,神埼市,神埼町姉川
8420123,佐賀県,神埼市,神埼町的
8420006,佐賀県,神埼市,神埼町枝ケ里
8420015,佐賀県,神埼市,神埼町尾崎
8420001,佐賀県,神埼市,神埼町神埼
8420122,佐賀県,神埼市,神埼町城原
8420121,佐賀県,神埼市,神埼町志波屋
8420011,佐賀県,神埼市,神埼町竹
8420002,佐賀県,神埼市,神埼町田道ケ里
8420107,佐賀県,神埼市,神埼町鶴
8420007,佐賀県,神埼市,神埼町鶴
8420004,佐賀県,神埼市,神埼町永歌
8420005,佐賀県,神埼市,神埼町西小津ケ里
8420013,佐賀県,神埼市,神埼町本告牟田
8420003,佐賀県,神埼市,神埼町本堀
8420012,佐賀県,神埼市,神埼町横武
8420203,佐賀県,神埼市,脊振町服巻
8420201,佐賀県,神埼市,脊振町広滝
8420202,佐賀県,神埼市,脊振町鹿路
8420052,佐賀県,神埼市,千代田町姉
8420054,佐賀県,神埼市,千代田町餘江
8420067,佐賀県,神埼市,千代田町嘉納
8420051,佐賀県,神埼市,千代田町黒井
8420056,佐賀県,神埼市,千代田町境原
8420065,佐賀県,神埼市,千代田町崎村
8420068,佐賀県,神埼市,千代田町下板
8420055,佐賀県,神埼市,千代田町下西
8420061,佐賀県,神埼市,千代田町詫田
8420053,佐賀県,神埼市,千代田町直鳥
8420063,佐賀県,神埼市,千代田町迎島
8420062,佐賀県,神埼市,千代田町柳島
8420066,佐賀県,神埼市,千代田町用作
8420064,佐賀県,神埼市,千代田町渡瀬
8420000,佐賀県,神埼郡吉野ヶ里町,
8420102,佐賀県,神埼郡吉野ヶ里町,石動
8420103,佐賀県,神埼郡吉野ヶ里町,大曲
8420035,佐賀県,神埼郡吉野ヶ里町,田手
8420032,佐賀県,神埼郡吉野ヶ里町,立野
8420034,佐賀県,神埼郡吉野ヶ里町,箱川
8420101,佐賀県,神埼郡吉野ヶ里町,松隈
8420033,佐賀県,神埼郡吉野ヶ里町,豆田
8420104,佐賀県,神埼郡吉野ヶ里町,三津
8420031,佐賀県,神埼郡吉野ヶ里町,吉田
8428502,佐賀県,神埼市,千代田町直鳥１６６−１
8428601,佐賀県,神埼市,神埼町鶴３５４２番地１（神埼郵便局私書箱第２号）
8428585,佐賀県,神埼市,神埼町尾崎４４９０−９
8420292,佐賀県,神埼市,脊振町広滝５５８−２
8420293,佐賀県,神埼市,脊振町服巻１３５８
8428501,佐賀県,神埼郡吉野ヶ里町,吉田３２１−２
8420195,佐賀県,神埼郡吉野ヶ里町,大曲５００６−５
8420197,佐賀県,神埼郡吉野ヶ里町,大曲字東山５００６−５
8420192,佐賀県,神埼郡吉野ヶ里町,三津１６０
8420193,佐賀県,神埼郡吉野ヶ里町,三津７７７
