8500000,長崎県,長崎市,
8500922,長崎県,長崎市,相生町
8500064,長崎県,長崎市,秋月町
8500063,長崎県,長崎市,飽の浦町
8500822,長崎県,長崎市,愛宕
8500832,長崎県,長崎市,油屋町
8500924,長崎県,長崎市,出雲
8500018,長崎県,長崎市,伊勢町
8500971,長崎県,長崎市,磯道町
8500907,長崎県,長崎市,稲田町
8500025,長崎県,長崎市,今博多町
8500802,長崎県,長崎市,伊良林
8500065,長崎県,長崎市,入船町
8500072,長崎県,長崎市,岩瀬道町
8500923,長崎県,長崎市,上田町
8500874,長崎県,長崎市,魚の町
8500022,長崎県,長崎市,馬町
8500909,長崎県,長崎市,梅香崎町
8500054,長崎県,長崎市,上町
8500992,長崎県,長崎市,江川町
8500861,長崎県,長崎市,江戸町
8500056,長崎県,長崎市,恵美須町
8500024,長崎県,長崎市,大井手町
8500916,長崎県,長崎市,大浦東町
8500918,長崎県,長崎市,大浦町
8500062,長崎県,長崎市,大谷町
8500066,長崎県,長崎市,大浜町
8500964,長崎県,長崎市,大山町
8500027,長崎県,長崎市,桶屋町
8500058,長崎県,長崎市,尾上町
8500042,長崎県,長崎市,御船蔵町
8500905,長崎県,長崎市,籠町
8500803,長崎県,長崎市,風頭町
8500831,長崎県,長崎市,鍛冶屋町
8500003,長崎県,長崎市,片淵
8500028,長崎県,長崎市,勝山町
8500037,長崎県,長崎市,金屋町
8500973,長崎県,長崎市,鹿尾町
8500034,長崎県,長崎市,樺島町
8500834,長崎県,長崎市,上小島
8500048,長崎県,長崎市,上銭座町
8500953,長崎県,長崎市,上戸町
8500006,長崎県,長崎市,上西山町
8500078,長崎県,長崎市,神ノ島町
8500946,長崎県,長崎市,川上町
8500906,長崎県,長崎市,館内町
8500076,長崎県,長崎市,木鉢町
8500974,長崎県,長崎市,京太郎町
8500854,長崎県,長崎市,銀屋町
8500981,長崎県,長崎市,草住町
8500976,長崎県,長崎市,毛井首町
8500871,長崎県,長崎市,麹屋町
8500032,長崎県,長崎市,興善町
8500067,長崎県,長崎市,小浦町
8500961,長崎県,長崎市,小ケ倉町
8500951,長崎県,長崎市,国分町
8500934,長崎県,長崎市,小菅町
8500077,長崎県,長崎市,小瀬戸町
8500937,長崎県,長崎市,小曽根町
8500036,長崎県,長崎市,五島町
8500002,長崎県,長崎市,木場町
8500983,長崎県,長崎市,米山町
8500046,長崎県,長崎市,幸町
8500994,長崎県,長崎市,竿浦町
8500875,長崎県,長崎市,栄町
8500835,長崎県,長崎市,桜木町
8500015,長崎県,長崎市,桜馬場
8500031,長崎県,長崎市,桜町
8500824,長崎県,長崎市,三景台町
8500975,長崎県,長崎市,三和町
8500947,長崎県,長崎市,椎の木町
8500071,長崎県,長崎市,塩浜町
8500917,長崎県,長崎市,下町
8500004,長崎県,長崎市,下西山町
8500908,長崎県,長崎市,十人町
8500812,長崎県,長崎市,白木町
8500962,長崎県,長崎市,新小が倉
8500017,長崎県,長崎市,新大工町
8500842,長崎県,長崎市,新地町
8500954,長崎県,長崎市,新戸町
8500014,長崎県,長崎市,新中川町
8500991,長崎県,長崎市,末石町
8500873,長崎県,長崎市,諏訪町
8500047,長崎県,長崎市,銭座町
8500057,長崎県,長崎市,大黒町
8500963,長崎県,長崎市,ダイヤランド
8500941,長崎県,長崎市,高丘
8500821,長崎県,長崎市,高平町
8500045,長崎県,長崎市,宝町
8500007,長崎県,長崎市,立山
8500053,長崎県,長崎市,玉園町
8500052,長崎県,長崎市,筑後町
8500877,長崎県,長崎市,築町
8500984,長崎県,長崎市,鶴見台
8500023,長崎県,長崎市,出来大工町
8500862,長崎県,長崎市,出島町
8500872,長崎県,長崎市,寺町
8500044,長崎県,長崎市,天神町
8500977,長崎県,長崎市,土井首町
8500841,長崎県,長崎市,銅座町
8500843,長崎県,長崎市,常盤町
8500952,長崎県,長崎市,戸町
8500013,長崎県,長崎市,中川
8500836,長崎県,長崎市,中小島
8500912,長崎県,長崎市,中新町
8500055,長崎県,長崎市,中町
8500936,長崎県,長崎市,浪の平町
8500011,長崎県,長崎市,鳴滝
8500876,長崎県,長崎市,賑町
8500837,長崎県,長崎市,西小島
8500933,長崎県,長崎市,西琴平町
8500051,長崎県,長崎市,西坂町
8500074,長崎県,長崎市,西立神町
8500075,長崎県,長崎市,西泊町
8500001,長崎県,長崎市,西山
8500005,長崎県,長崎市,西山本町
8500993,長崎県,長崎市,八郎岳町
8500944,長崎県,長崎市,八景町
8500041,長崎県,長崎市,浜平
8500853,長崎県,長崎市,浜町
8500833,長崎県,長崎市,東小島町
8500932,長崎県,長崎市,東琴平
8500073,長崎県,長崎市,東立神町
8500855,長崎県,長崎市,東古川町
8500911,長崎県,長崎市,東山手町
8500915,長崎県,長崎市,東山町
8500804,長崎県,長崎市,彦見町
8500914,長崎県,長崎市,日の出町
8500985,長崎県,長崎市,平瀬町
8500996,長崎県,長崎市,平山台
8500995,長崎県,長崎市,平山町
8500016,長崎県,長崎市,夫婦川町
8500068,長崎県,長崎市,福田本町
8500904,長崎県,長崎市,船大工町
8500851,長崎県,長崎市,古川町
8500935,長崎県,長崎市,古河町
8500026,長崎県,長崎市,古町
8500972,長崎県,長崎市,古道町
8500945,長崎県,長崎市,星取
8500012,長崎県,長崎市,本河内
8500921,長崎県,長崎市,松が枝町
8500902,長崎県,長崎市,丸山町
8500033,長崎県,長崎市,万才町
8500061,長崎県,長崎市,水の浦町
8500079,長崎県,長崎市,みなと坂
8500943,長崎県,長崎市,南が丘町
8500942,長崎県,長崎市,南町
8500931,長崎県,長崎市,南山手町
8500901,長崎県,長崎市,本石灰町
8500035,長崎県,長崎市,元船町
8500913,長崎県,長崎市,元町
8500029,長崎県,長崎市,八百屋町
8500043,長崎県,長崎市,八千代町
8500813,長崎県,長崎市,八つ尾町
8500982,長崎県,長崎市,柳田町
8500811,長崎県,長崎市,矢の平
8500801,長崎県,長崎市,八幡町
8500823,長崎県,長崎市,弥生町
8500903,長崎県,長崎市,寄合町
8500852,長崎県,長崎市,万屋町
8500021,長崎県,長崎市,炉粕町
8508567,長崎県,長崎市,浜町１−７
8508511,長崎県,長崎市,栄町２−２２
8508611,長崎県,長崎市,出島町１４−７
8508550,長崎県,長崎市,栄町５−５
8508577,長崎県,長崎市,新大工町５−３５
8508530,長崎県,長崎市,浜町８−３０
8508551,長崎県,長崎市,金屋町１番７号
8508505,長崎県,長崎市,浜町１−２２
8508545,長崎県,長崎市,出島町１５−７
8508504,長崎県,長崎市,出島町１１−１
8508580,長崎県,長崎市,浜町４−１１
8508510,長崎県,長崎市,浜町７−１１
8508508,長崎県,長崎市,大井手町５１−２
8508586,長崎県,長崎市,東山手町５番３号
8508515,長崎県,長崎市,東山手町１−５０
8508523,長崎県,長崎市,桜木町６−４１
8508566,長崎県,長崎市,万才町３−１４
8508525,長崎県,長崎市,出島町１５番７号ＮＫ出島スクエアビル
8508518,長崎県,長崎市,万才町７−１
8508537,長崎県,長崎市,大黒町９−２２大久保大黒町ビル本館８階
8508521,長崎県,長崎市,万才町３−１６
8508606,長崎県,長崎市,西坂町２−３（長崎中央郵便局私書箱第５７号）
8508543,長崎県,長崎市,興善町３−５
8508536,長崎県,長崎市,大黒町９番２２号
8508548,長崎県,長崎市,万才町４−８
8508547,長崎県,長崎市,桜町４−１
8508570,長崎県,長崎市,尾上町３番１号
8508563,長崎県,長崎市,桜町６番３号
8508685,長崎県,長崎市,桜町２−２２
8508541,長崎県,長崎市,桜町４番１号
8508555,長崎県,長崎市,新地町６−３９
8508501,長崎県,長崎市,新地町３−１７
8508512,長崎県,長崎市,弥生町１９−１
8508531,長崎県,長崎市,五島町５−４８
8508506,長崎県,長崎市,片淵４丁目２−１
8508560,長崎県,長崎市,万才町９−３３
8508503,長崎県,長崎市,万才町９−２６
8508507,長崎県,長崎市,万才町８−１６
8508588,長崎県,長崎市,西坂町２０−１
8508575,長崎県,長崎市,魚の町３番２８号
8508585,長崎県,長崎市,西坂町２−３長崎駅前第一生命ビル
8508558,長崎県,長崎市,五島町３−２５
8508520,長崎県,長崎市,万才町６番３８号明治生命館
8508540,長崎県,長崎市,常盤町１−１メットライフアリコ長崎ビル
8508522,長崎県,長崎市,古川町４−８七福ビル２Ｆ
8508603,長崎県,長崎市,西坂町１−１（長崎中央郵便局私書箱第３号）
8508687,長崎県,長崎市,賑町６−６（長崎中央郵便局私書箱第３５号）
8508618,長崎県,長崎市,銅座町１−１１（長崎中央郵便局私書箱第１８号）
8508688,長崎県,長崎市,金屋町１−７（長崎中央郵便局私書箱第１００号）
8508666,長崎県,長崎市,栄町３−１４（長崎中央郵便局私書箱第６６号）
8508602,長崎県,長崎市,元船町１４−１０（長崎中央郵便局私書箱第４８号）
8508668,長崎県,長崎市,尾上町１−１６（長崎中央郵便局私書箱第１０７号）
8508686,長崎県,長崎市,五島町２−２７（長崎中央郵便局私書箱第９７号）
8508678,長崎県,長崎市,松が枝町６−２６（長崎中央郵便局私書箱第４９号）
8508650,長崎県,長崎市,上町１−３５（長崎中央郵便局私書箱第５０号）
8508677,長崎県,長崎市,飽の浦町５−３（長崎中央郵便局私書箱第４７号）
8508645,長崎県,長崎市,炉粕町３２（長崎中央郵便局私書箱第４５号）
8508622,長崎県,長崎市,元船町４−１２（長崎中央郵便局私書箱第９８号）
8508662,長崎県,長崎市,万才町４−１５（長崎中央郵便局私書箱第６２号）
8508610,長崎県,長崎市,飽の浦町１−１（長崎中央郵便局私書箱第１４号）
