8511122,長崎県,長崎市,相川町
8512321,長崎県,長崎市,赤首町
8512212,長崎県,長崎市,畝刈町
8512201,長崎県,長崎市,畦町
8510123,長崎県,長崎市,網場町
8511201,長崎県,長崎市,伊王島町
8510254,長崎県,長崎市,飯香浦町
8510502,長崎県,長崎市,以下宿町
8510135,長崎県,長崎市,現川町
8510302,長崎県,長崎市,大籠町
8510244,長崎県,長崎市,大崎町
8510255,長崎県,長崎市,太田尾町
8510115,長崎県,長崎市,かき道
8511134,長崎県,長崎市,柿泊町
8512202,長崎県,長崎市,樫山町
8510124,長崎県,長崎市,春日町
8511131,長崎県,長崎市,上浦町
8512426,長崎県,長崎市,上大野町
8512324,長崎県,長崎市,上黒崎町
8510111,長崎県,長崎市,上戸石町
8510401,長崎県,長崎市,蚊焼町
8510112,長崎県,長崎市,川内町
8510407,長崎県,長崎市,川原町
8510242,長崎県,長崎市,北浦町
8512211,長崎県,長崎市,京泊
8513214,長崎県,長崎市,琴海大平町
8513215,長崎県,長崎市,琴海尾戸町
8513213,長崎県,長崎市,琴海形上町
8513211,長崎県,長崎市,琴海戸根原町
8513103,長崎県,長崎市,琴海戸根町
8513102,長崎県,長崎市,琴海村松町
8510501,長崎県,長崎市,黒浜町
8512403,長崎県,長崎市,神浦江川町
8512411,長崎県,長崎市,神浦扇山町
8512422,長崎県,長崎市,神浦上大中尾町
8512424,長崎県,長崎市,神浦上道徳町
8512421,長崎県,長崎市,神浦北大中尾町
8512401,長崎県,長崎市,神浦口福町
8512423,長崎県,長崎市,神浦下大中尾町
8512425,長崎県,長崎市,神浦下道徳町
8512413,長崎県,長崎市,神浦夏井町
8512404,長崎県,長崎市,神浦丸尾町
8512405,長崎県,長崎市,神浦向町
8510310,長崎県,長崎市,香焼町
8511132,長崎県,長崎市,小江原
8511133,長崎県,長崎市,小江町
8510101,長崎県,長崎市,古賀町
8510122,長崎県,長崎市,界
8512207,長崎県,長崎市,さくらの里
8512206,長崎県,長崎市,三京町
8510125,長崎県,長崎市,潮見町
8511137,長崎県,長崎市,式見町
8512427,長崎県,長崎市,下大野町
8512326,長崎県,長崎市,下黒崎町
8510121,長崎県,長崎市,宿町
8512323,長崎県,長崎市,新牧野町
8510126,長崎県,長崎市,芒塚町
8511125,長崎県,長崎市,園田町
8512213,長崎県,長崎市,多以良町
8511315,長崎県,長崎市,高島町
8510137,長崎県,長崎市,高城台
8510503,長崎県,長崎市,高浜町
8510251,長崎県,長崎市,田上
8510252,長崎県,長崎市,田手原町
8510134,長崎県,長崎市,田中町
8510405,長崎県,長崎市,為石町
8510245,長崎県,長崎市,千々町
8510102,長崎県,長崎市,つつじが丘
8510406,長崎県,長崎市,椿が丘町
8510132,長崎県,長崎市,鶴の尾町
8511135,長崎県,長崎市,手熊町
8510113,長崎県,長崎市,戸石町
8510404,長崎県,長崎市,藤田尾町
8513212,長崎県,長崎市,長浦町
8510103,長崎県,長崎市,中里町
8512325,長崎県,長崎市,永田町
8512215,長崎県,長崎市,鳴見台
8512214,長崎県,長崎市,鳴見町
8510504,長崎県,長崎市,南越町
8513101,長崎県,長崎市,西海町
8512322,長崎県,長崎市,西出津町
8510403,長崎県,長崎市,布巻町
8510507,長崎県,長崎市,野母崎樺島町
8510505,長崎県,長崎市,野母町
8510253,長崎県,長崎市,早坂町
8510402,長崎県,長崎市,晴海台町
8512327,長崎県,長崎市,東出津町
8510116,長崎県,長崎市,東町
8510136,長崎県,長崎市,平間町
8510301,長崎県,長崎市,深堀町
8510104,長崎県,長崎市,船石町
8512216,長崎県,長崎市,豊洋台
8510114,長崎県,長崎市,牧島町
8511124,長崎県,長崎市,牧野町
8512205,長崎県,長崎市,松崎町
8510131,長崎県,長崎市,松原町
8512203,長崎県,長崎市,三重田町
8512204,長崎県,長崎市,三重町
8511121,長崎県,長崎市,見崎町
8510408,長崎県,長崎市,宮崎町
8510243,長崎県,長崎市,宮摺町
8511136,長崎県,長崎市,向町
8510241,長崎県,長崎市,茂木町
8510133,長崎県,長崎市,矢上町
8511123,長崎県,長崎市,四杖町
8510506,長崎県,長崎市,脇岬町
8513500,長崎県,西海市,
8513507,長崎県,西海市,西海町天久保郷
8513503,長崎県,西海市,西海町太田原郷
8513505,長崎県,西海市,西海町太田和郷
8513508,長崎県,西海市,西海町面高郷
8513502,長崎県,西海市,西海町川内郷
8513506,長崎県,西海市,西海町黒口郷
8513504,長崎県,西海市,西海町木場郷
8513501,長崎県,西海市,西海町丹納郷
8513511,長崎県,西海市,西海町水浦郷
8513509,長崎県,西海市,西海町横瀬郷
8513421,長崎県,西海市,西彼町伊ノ浦郷
8513424,長崎県,西海市,西彼町大串郷
8513313,長崎県,西海市,西彼町風早郷
8513304,長崎県,西海市,西彼町上岳郷
8513303,長崎県,西海市,西彼町亀浦郷
8513422,長崎県,西海市,西彼町小迎郷
8513305,長崎県,西海市,西彼町喰場郷
8513311,長崎県,西海市,西彼町下岳郷
8513314,長崎県,西海市,西彼町白似田郷
8513312,長崎県,西海市,西彼町白崎郷
8513306,長崎県,西海市,西彼町鳥加郷（川山）
8513406,長崎県,西海市,西彼町鳥加郷（その他）
8513302,長崎県,西海市,西彼町中山郷
8513315,長崎県,西海市,西彼町平原郷
8513425,長崎県,西海市,西彼町平山郷
8513301,長崎県,西海市,西彼町宮浦郷
8513423,長崎県,西海市,西彼町八木原郷
8512100,長崎県,西彼杵郡長与町,
8512128,長崎県,西彼杵郡長与町,嬉里郷
8512121,長崎県,西彼杵郡長与町,岡郷
8512127,長崎県,西彼杵郡長与町,高田郷
8512129,長崎県,西彼杵郡長与町,斉藤郷
8512123,長崎県,西彼杵郡長与町,平木場郷
8512131,長崎県,西彼杵郡長与町,北陽台
8512122,長崎県,西彼杵郡長与町,本川内郷
8512130,長崎県,西彼杵郡長与町,まなび野
8512124,長崎県,西彼杵郡長与町,丸田郷
8512125,長崎県,西彼杵郡長与町,三根郷
8512126,長崎県,西彼杵郡長与町,吉無田郷
8512100,長崎県,西彼杵郡時津町,
8512105,長崎県,西彼杵郡時津町,浦郷
8512107,長崎県,西彼杵郡時津町,久留里郷
8512106,長崎県,西彼杵郡時津町,左底郷
8512111,長崎県,西彼杵郡時津町,子々川郷
8512101,長崎県,西彼杵郡時津町,西時津郷
8512104,長崎県,西彼杵郡時津町,野田郷
8512102,長崎県,西彼杵郡時津町,浜田郷
8512108,長崎県,西彼杵郡時津町,日並郷
8512103,長崎県,西彼杵郡時津町,元村郷
8510198,長崎県,長崎市,中里町２１７８
8510193,長崎県,長崎市,網場町５３６
8510195,長崎県,長崎市,田中町２０２２（長崎東郵便局私書箱第５号）
8510395,長崎県,長崎市,香焼町１０７０−３２
8510392,長崎県,長崎市,深堀町５丁目７１７−１
8510492,長崎県,長崎市,蚊焼町２３１４−１
8510494,長崎県,長崎市,布巻町１６５−１
8510493,長崎県,長崎市,布巻町１６５−１
8510497,長崎県,長崎市,布巻町１４７７
8510498,長崎県,長崎市,布巻町１１１−１
8510592,長崎県,長崎市,野母町１６６５
8512298,長崎県,長崎市,京泊３丁目３−１
8512292,長崎県,長崎市,京泊３丁目３−１
8512492,長崎県,長崎市,神浦夏井町３９１
8513292,長崎県,長崎市,長浦町２６６４
8513392,長崎県,西海市,西彼町喰場郷７３６
8513394,長崎県,西海市,西彼町喰場郷１５６７
8513592,長崎県,西海市,西海町木場郷２２３５
8512195,長崎県,西彼杵郡長与町,まなび野１丁目１−１
8512185,長崎県,西彼杵郡長与町,嬉里郷６５９−１
8512197,長崎県,西彼杵郡時津町,左底郷２４５−２
8512198,長崎県,西彼杵郡時津町,浦郷２７４−１
8512196,長崎県,西彼杵郡時津町,元村郷１０１０−１
