8528036,長崎県,長崎市,青山町
8528156,長崎県,長崎市,赤迫
8528008,長崎県,長崎市,曙町
8528003,長崎県,長崎市,旭町
8528141,長崎県,長崎市,畦別当町
8528035,長崎県,長崎市,油木町
8528136,長崎県,長崎市,家野町
8528126,長崎県,長崎市,石神町
8528151,長崎県,長崎市,泉
8528157,長崎県,長崎市,泉町
8528011,長崎県,長崎市,稲佐町
8528106,長崎県,長崎市,岩川町
8528017,長崎県,長崎市,岩見町
8528052,長崎県,長崎市,岩屋町
8528113,長崎県,長崎市,上野町
8528007,長崎県,長崎市,江の浦町
8528101,長崎県,長崎市,江平
8528054,長崎県,長崎市,エミネント葉山町
8528032,長崎県,長崎市,江里町
8528132,長崎県,長崎市,扇町
8528062,長崎県,長崎市,大園町
8528127,長崎県,長崎市,大手
8528005,長崎県,長崎市,大鳥町
8528134,長崎県,長崎市,大橋町
8528056,長崎県,長崎市,大宮町
8528115,長崎県,長崎市,岡町
8528044,長崎県,長崎市,音無町
8528026,長崎県,長崎市,金堀町
8528108,長崎県,長崎市,川口町
8528143,長崎県,長崎市,川平町
8528146,長崎県,長崎市,けやき台町
8528125,長崎県,長崎市,小峰町
8528102,長崎県,長崎市,坂本
8528041,長崎県,長崎市,清水町
8528034,長崎県,長崎市,城栄町
8528145,長崎県,長崎市,昭和
8528042,長崎県,長崎市,白鳥町
8528027,長崎県,長崎市,城山台
8528021,長崎県,長崎市,城山町
8528152,長崎県,長崎市,住吉台町
8528154,長崎県,長崎市,住吉町
8528111,長崎県,長崎市,高尾町
8528014,長崎県,長崎市,竹の久保町
8528025,長崎県,長崎市,立岩町
8528135,長崎県,長崎市,千歳町
8528124,長崎県,長崎市,辻町
8528155,長崎県,長崎市,中園町
8528061,長崎県,長崎市,滑石
8528055,長崎県,長崎市,虹が丘町
8528051,長崎県,長崎市,西北町
8528045,長崎県,長崎市,錦
8528043,長崎県,長崎市,西町
8528122,長崎県,長崎市,西山台
8528114,長崎県,長崎市,橋口町
8528153,長崎県,長崎市,花丘町
8528024,長崎県,長崎市,花園町
8528107,長崎県,長崎市,浜口町
8528053,長崎県,長崎市,葉山
8528015,長崎県,長崎市,春木町
8528001,長崎県,長崎市,光町
8528006,長崎県,長崎市,平戸小屋町
8528117,長崎県,長崎市,平野町
8528022,長崎県,長崎市,富士見町
8528012,長崎県,長崎市,淵町
8528131,長崎県,長崎市,文教町
8528116,長崎県,長崎市,平和町
8528002,長崎県,長崎市,弁天町
8528016,長崎県,長崎市,宝栄町
8528063,長崎県,長崎市,北栄町
8528064,長崎県,長崎市,北陽町
8528118,長崎県,長崎市,松山町
8528004,長崎県,長崎市,丸尾町
8528121,長崎県,長崎市,三川町
8528142,長崎県,長崎市,三ツ山町
8528033,長崎県,長崎市,緑が丘町
8528103,長崎県,長崎市,緑町
8528123,長崎県,長崎市,三原
8528031,長崎県,長崎市,三芳町
8528105,長崎県,長崎市,目覚町
8528144,長崎県,長崎市,女の都
8528112,長崎県,長崎市,本尾町
8528133,長崎県,長崎市,本原町
8528104,長崎県,長崎市,茂里町
8528013,長崎県,長崎市,梁川町
8528046,長崎県,長崎市,柳谷町
8528065,長崎県,長崎市,横尾
8528023,長崎県,長崎市,若草町
8528047,長崎県,長崎市,若竹町
8528137,長崎県,長崎市,若葉町
8528794,長崎県,長崎市,岩川町９−１７
8528566,長崎県,長崎市,宝栄町１５−１１
8528528,長崎県,長崎市,赤迫３丁目５−１２
8528577,長崎県,長崎市,葉山１丁目６−１０
8528601,長崎県,長崎市,茂里町３−１（長崎北郵便局私書箱第１号）
8528544,長崎県,長崎市,上野町２５−１
8528507,長崎県,長崎市,城山町３番１９号
8528509,長崎県,長崎市,城山町３番１９号
8528508,長崎県,長崎市,城山町３番１９号
8528510,長崎県,長崎市,城山町３−１９
8528515,長崎県,長崎市,文教町１３−１５
8528532,長崎県,長崎市,茂里町３番２７号
8528555,長崎県,長崎市,茂里町３−２４
8528522,長崎県,長崎市,宝栄町４−２５
8528558,長崎県,長崎市,三ツ山町２３５
8528521,長崎県,長崎市,文教町１−１４
8528523,長崎県,長崎市,坂本１丁目１２−４
8528501,長崎県,長崎市,坂本１丁目７−１
8528520,長崎県,長崎市,坂本１丁目７−１
8528588,長崎県,長崎市,坂本１丁目７−１
8528527,長崎県,長崎市,茂里町３−２
8528542,長崎県,長崎市,岩川町１６−１６
8528511,長崎県,長崎市,茂里町３−１５
