9130053,福井県,坂井市,三国町青葉台
9130022,福井県,坂井市,三国町油屋
9130063,福井県,坂井市,三国町安島（東尋坊）
9130064,福井県,坂井市,三国町安島（その他）
9130001,福井県,坂井市,三国町池上
9130024,福井県,坂井市,三国町池見
9130023,福井県,坂井市,三国町石丸
9130052,福井県,坂井市,三国町運動公園
9130035,福井県,坂井市,三国町沖野々
9130041,福井県,坂井市,三国町覚善
9130061,福井県,坂井市,三国町梶
9130002,福井県,坂井市,三国町加戸
9130025,福井県,坂井市,三国町川崎
9130046,福井県,坂井市,三国町北本町
9130038,福井県,坂井市,三国町黒目（テクノポート）
9130037,福井県,坂井市,三国町黒目（その他）
9130057,福井県,坂井市,三国町米ケ脇
9130065,福井県,坂井市,三国町崎
9130044,福井県,坂井市,三国町山王
9130027,福井県,坂井市,三国町汐見
9130033,福井県,坂井市,三国町下野
9130056,福井県,坂井市,三国町宿
9130062,福井県,坂井市,三国町陣ケ岡
9130058,福井県,坂井市,三国町新宿
9130038,福井県,坂井市,三国町新保（テクノポート）
9130031,福井県,坂井市,三国町新保（その他）
9130047,福井県,坂井市,三国町神明
9130054,福井県,坂井市,三国町滝谷
9130051,福井県,坂井市,三国町嵩
9130017,福井県,坂井市,三国町竹松
9130042,福井県,坂井市,三国町中央
9130055,福井県,坂井市,三国町つつじが丘
9130014,福井県,坂井市,三国町玉江
9130026,福井県,坂井市,三国町殿島
9130012,福井県,坂井市,三国町西今市
9130043,福井県,坂井市,三国町錦
9130003,福井県,坂井市,三国町西谷
9130034,福井県,坂井市,三国町西野中
9130015,福井県,坂井市,三国町野中
9130005,福井県,坂井市,三国町浜地
9130004,福井県,坂井市,三国町平山
9130013,福井県,坂井市,三国町藤沢
9130016,福井県,坂井市,三国町三国東
9130011,福井県,坂井市,三国町水居
9130048,福井県,坂井市,三国町緑ケ丘
9130045,福井県,坂井市,三国町南本町
9130038,福井県,坂井市,三国町山岸（テクノポート）
9130032,福井県,坂井市,三国町山岸（その他）
9130035,福井県,坂井市,三国町横越
9130038,福井県,坂井市,三国町米納津（テクノポート）
9130036,福井県,坂井市,三国町米納津（その他）
9130021,福井県,坂井市,三国町楽円
9138533,福井県,坂井市,三国町池上第８０号１番地
9138511,福井県,坂井市,三国町水居１７−４５
9138501,福井県,坂井市,三国町中央１丁目５−１
9138611,福井県,坂井市,三国町中央１丁目３−１（三国郵便局私書箱第２号）
9138555,福井県,坂井市,三国町緑ケ丘２丁目１−３
9138588,福井県,坂井市,三国町黒目２１字１番地
9138577,福井県,坂井市,三国町池上８０−１
9138585,福井県,坂井市,三国町中央１丁目２−２
