9320314,富山県,砺波市,庄川町青島
9320317,富山県,砺波市,庄川町筏
9320303,富山県,砺波市,庄川町落シ
9320303,富山県,砺波市,庄川町隠尾
9320305,富山県,砺波市,庄川町金屋
9320313,富山県,砺波市,庄川町五ケ
9320304,富山県,砺波市,庄川町小牧
9320315,富山県,砺波市,庄川町示野
9320302,富山県,砺波市,庄川町庄
9320312,富山県,砺波市,庄川町高儀新
9320316,富山県,砺波市,庄川町天正
9320311,富山県,砺波市,庄川町古上野
9320304,富山県,砺波市,庄川町前山
9320301,富山県,砺波市,庄川町三谷
9320303,富山県,砺波市,庄川町名ケ原
9320303,富山県,砺波市,庄川町湯谷
9320303,富山県,砺波市,庄川町湯山
9320303,富山県,砺波市,庄川町横住
9320000,富山県,小矢部市,
9320814,富山県,小矢部市,赤倉
9320122,富山県,小矢部市,浅地
9320833,富山県,小矢部市,綾子
9320071,富山県,小矢部市,荒間
9320129,富山県,小矢部市,安養寺
9320852,富山県,小矢部市,安養寺新
9320062,富山県,小矢部市,安楽寺
9320037,富山県,小矢部市,石王丸
9320835,富山県,小矢部市,石坂
9320808,富山県,小矢部市,石名田
9320052,富山県,小矢部市,泉町
9320053,富山県,小矢部市,石動町
9320051,富山県,小矢部市,今石動町
9320073,富山県,小矢部市,岩尾滝
9320014,富山県,小矢部市,岩崎
9320113,富山県,小矢部市,岩武
9320036,富山県,小矢部市,宇治新
9320831,富山県,小矢部市,後谷
9320853,富山県,小矢部市,臼谷
9320106,富山県,小矢部市,内御堂
9320863,富山県,小矢部市,内山
9320054,富山県,小矢部市,上野本
9320031,富山県,小矢部市,岡
9320817,富山県,小矢部市,小神
9320056,富山県,小矢部市,小矢部
9320058,富山県,小矢部市,小矢部町
9320812,富山県,小矢部市,金屋本江
9320125,富山県,小矢部市,鴨島
9320075,富山県,小矢部市,嘉例谷
9320855,富山県,小矢部市,川開新
9320046,富山県,小矢部市,観音町
9320844,富山県,小矢部市,北一
9320003,富山県,小矢部市,北屋敷
9320103,富山県,小矢部市,経田
9320112,富山県,小矢部市,清沢
9320013,富山県,小矢部市,清原
9320001,富山県,小矢部市,久利須
9320127,富山県,小矢部市,興法寺
9320801,富山県,小矢部市,五社
9320105,富山県,小矢部市,胡麻島
9320133,富山県,小矢部市,小森谷
9320862,富山県,小矢部市,五郎丸
9320034,富山県,小矢部市,坂又
9320022,富山県,小矢部市,桜町
9320032,富山県,小矢部市,地崎
9320802,富山県,小矢部市,七社
9320137,富山県,小矢部市,渋江
9320825,富山県,小矢部市,島
9320114,富山県,小矢部市,清水
9320126,富山県,小矢部市,下川崎
9320101,富山県,小矢部市,下後亟
9320824,富山県,小矢部市,下島
9320804,富山県,小矢部市,下中
9320005,富山県,小矢部市,下屋敷
9320047,富山県,小矢部市,城山町
9320044,富山県,小矢部市,新富町
9320111,富山県,小矢部市,新西
9320854,富山県,小矢部市,末沢新
9320851,富山県,小矢部市,末友
9320008,富山県,小矢部市,菅ケ原
9320132,富山県,小矢部市,杉谷内
9320033,富山県,小矢部市,芹川
9320074,富山県,小矢部市,千石
9320123,富山県,小矢部市,高木
9320815,富山県,小矢部市,高木出
9320006,富山県,小矢部市,高坂
9320021,富山県,小矢部市,田川
9320843,富山県,小矢部市,棚田
9320064,富山県,小矢部市,谷坪野
9320045,富山県,小矢部市,中央町
9320842,富山県,小矢部市,長
9320115,富山県,小矢部市,津沢
9320072,富山県,小矢部市,峠
9320061,富山県,小矢部市,道坪野
9320803,富山県,小矢部市,道明
9320841,富山県,小矢部市,道林寺
9320128,富山県,小矢部市,戸久
9320826,富山県,小矢部市,茄子島
9320131,富山県,小矢部市,名畑
9320104,富山県,小矢部市,西川原
9320055,富山県,小矢部市,西町
9320805,富山県,小矢部市,西中
9320035,富山県,小矢部市,西中野
9320116,富山県,小矢部市,西島
9320042,富山県,小矢部市,西福町
9320004,富山県,小矢部市,二ノ滝
9320016,富山県,小矢部市,糠子島
9320813,富山県,小矢部市,野寺
9320832,富山県,小矢部市,野端
9320834,富山県,小矢部市,蓮沼
9320028,富山県,小矢部市,畠中
9320043,富山県,小矢部市,畠中町
9320864,富山県,小矢部市,八伏
9320861,富山県,小矢部市,八講田
9320836,富山県,小矢部市,埴生
9320011,富山県,小矢部市,原牧
9320041,富山県,小矢部市,東福町
9320134,富山県,小矢部市,平桜
9320136,富山県,小矢部市,平田
9320823,富山県,小矢部市,福上
9320816,富山県,小矢部市,福久
9320135,富山県,小矢部市,藤森
9320856,富山県,小矢部市,フロンティアパーク
9320018,富山県,小矢部市,別所滝
9320027,富山県,小矢部市,法楽寺
9320057,富山県,小矢部市,本町
9320845,富山県,小矢部市,松尾
9320846,富山県,小矢部市,松永
9320806,富山県,小矢部市,水落
9320102,富山県,小矢部市,水島
9320811,富山県,小矢部市,水牧
9320012,富山県,小矢部市,嶺
9320063,富山県,小矢部市,峰坪野
9320124,富山県,小矢部市,蓑輪
9320026,富山県,小矢部市,宮須
9320025,富山県,小矢部市,宮中
9320007,富山県,小矢部市,名ケ滝
9320838,富山県,小矢部市,メルヘンランド
9320002,富山県,小矢部市,森屋
9320121,富山県,小矢部市,矢水町
9320048,富山県,小矢部市,八和町
9320807,富山県,小矢部市,柳原
9320015,富山県,小矢部市,矢波
9320024,富山県,小矢部市,屋波牧
9320023,富山県,小矢部市,横谷
9320837,富山県,小矢部市,吉和台
9320017,富山県,小矢部市,了輪
9320065,富山県,小矢部市,論田
9320822,富山県,小矢部市,和沢
9320821,富山県,小矢部市,鷲島
9320206,富山県,南砺市,安室
9320247,富山県,南砺市,院瀬見
9320211,富山県,南砺市,井波
9320213,富山県,南砺市,井波栄町
9320205,富山県,南砺市,井波軸屋
9320216,富山県,南砺市,井波末広町
9320228,富山県,南砺市,井波東町
9320256,富山県,南砺市,今里
9320214,富山県,南砺市,今町
9320203,富山県,南砺市,岩屋
9320248,富山県,南砺市,沖
9320241,富山県,南砺市,川原崎
9320221,富山県,南砺市,木崎野
9320257,富山県,南砺市,北市
9320226,富山県,南砺市,北川
9320227,富山県,南砺市,北新町
9320232,富山県,南砺市,京願町
9320254,富山県,南砺市,五領
9320255,富山県,南砺市,五領島
9320222,富山県,南砺市,坂ノ下
9320258,富山県,南砺市,三清東
9320243,富山県,南砺市,志観寺
9320202,富山県,南砺市,清水明
9320238,富山県,南砺市,下新町
9320245,富山県,南砺市,清玄寺
9320207,富山県,南砺市,専勝寺
9320252,富山県,南砺市,高瀬
9320201,富山県,南砺市,高屋
9320242,富山県,南砺市,谷
9320218,富山県,南砺市,坪野
9320253,富山県,南砺市,戸板
9320246,富山県,南砺市,東城寺
9320371,富山県,南砺市,利賀村大牧
9320371,富山県,南砺市,利賀村北原
9320371,富山県,南砺市,利賀村下原
9320371,富山県,南砺市,利賀村栃原
9320371,富山県,南砺市,利賀村長崎
9320206,富山県,南砺市,利屋
9320251,富山県,南砺市,野能原
9320225,富山県,南砺市,畑方
9320204,富山県,南砺市,飛騨屋
9320224,富山県,南砺市,藤橋
9320233,富山県,南砺市,堀道
9320217,富山県,南砺市,本町
9320223,富山県,南砺市,松島
9320236,富山県,南砺市,三日町
9320235,富山県,南砺市,六日町
9320215,富山県,南砺市,山下
9320212,富山県,南砺市,山斐
9320231,富山県,南砺市,山見
9320237,富山県,南砺市,山見町並
9320234,富山県,南砺市,八日町
9320244,富山県,南砺市,連代寺
9320396,富山県,砺波市,庄川町金屋８３９
9320392,富山県,砺波市,庄川町金屋３５３１
9320395,富山県,砺波市,庄川町示野１１６
9320398,富山県,砺波市,庄川町青島１１
9320393,富山県,砺波市,庄川町青島４０１
9328585,富山県,小矢部市,泉町７−１
9328501,富山県,小矢部市,八講田２３１
9328575,富山県,小矢部市,芹川４０４６
9328512,富山県,小矢部市,本町２−１
9328511,富山県,小矢部市,島３２１
9328508,富山県,小矢部市,綾子５１８５
9328611,富山県,小矢部市,本町１−１
9328533,富山県,小矢部市,後谷１１５１
9328518,富山県,小矢部市,島３２２
9328515,富山県,小矢部市,島７０
9328522,富山県,小矢部市,蓮沼４５６
9328502,富山県,小矢部市,小神６１
9328551,富山県,小矢部市,和沢４８４
9328588,富山県,小矢部市,埴生２０８
9328558,富山県,小矢部市,綾子５２６８
9328520,富山県,小矢部市,五社３７
9328503,富山県,小矢部市,野寺１２３
9328505,富山県,小矢部市,松永３８−１
9328510,富山県,小矢部市,和沢４１４
9328540,富山県,小矢部市,西町６−３３
9328528,富山県,小矢部市,末友３番地
9328567,富山県,小矢部市,埴生１５７０
9328525,富山県,小矢部市,畠中町４−１８
9328538,富山県,小矢部市,西中野９７２−１
9328555,富山県,小矢部市,赤倉１６９
9328550,富山県,小矢部市,鷲島１１１０
9320198,富山県,小矢部市,水島３２００
9320193,富山県,小矢部市,清沢２１０
9320298,富山県,南砺市,井波１−１
9320293,富山県,南砺市,北川１６６番地１（南砺市地域包括ケアセンター）
9320292,富山県,南砺市,井波５２０
